text,sentiment
makin lama makin tolol dah bener dulu aplikasi anak bangsa percaya malah niru shopee notabene banyak itnya it scammer india mau ubah jadi aplikasi scammer kayak india dulu udah bagus sekarang malah ngerusak nama baik dulu tolol luh ngerusak bisnis sendiri,negative
aplikasi tolol anjg masa alamat dr akun sy sm abang gojek beda jauh gitu tadi sen goput alamatny benar kalo masang alamat kan kasi letak dmn rumah ada isi benar dan sesuai nah kan klo sen goput klo makan sdh antar psti bisa pantau abangny dmn kan nah pas mkanan pantau kok titik nya beda jauh alamat saya ya padahal riwayat psnan sesuai sy smpe maki abg gojekny sy customer loh,negative
jalan cepak aman mksh,positive
good job,positive
ramah,positive
nice,positive
lams bgt gofood nunggu jam ga sampe gila,negative
dong fitur jadwalin buat goride aktif aku butuh banget buat pulang kerjaaa,negative
bantu min akun login nomor hp email karena baru hilang handphone punya akses nomor hp kartu paket daftar kartu sebut pakai nik otomatis tidak aktif kart sim tsb jika login email lupa kata sandi email handphone hilang hp lama tidak pernah sama sekali ganti sandi kala inti saya tidak login no hp email kantor gojek b,negative
jempol,positive
tadi pagi omelin sama bapak bapak gojek chat padahal salah apa apa salah pencet lalu langsung batal bapak malah marah marah mohon kurang grab itu ke costumer sangat sangat tidak sopan buat saya sakit hati sempat menang,neutral
apa sih gojek suka ganti alamat tuju padahal akhir pesan antar rumah sekarang malah ganti otomatis rumah kakak aku udh nahan lapar nunggu beli pempek malah salah alamat,negative
lama banget sejak ga pake gojek buat sen makan sekarang malah jadi jelek bangettt ga masuk akal vouchernya gabisa pakai semua resto,negative
baguss pol,positive
lama mes anyep susah dapet order,neutral
lebih nyaman aman guna aplikasi gojek,positive
mantap,positive
driver sopan baik aman tuju,positive
aplikasi tipu pesan minum kirim yang kok ada driver harus telepon trus nanya dong alamat nya ini malah kasih enak orang balikin uang aku,negative
kalau driver makan ibu kok nyolot suka sedih tau cari rezeki karena sulit nemu alamat baca maps lah pdhl driver klu cowo ga perlu nanya karena alamat selalu sesuai aplikasi aku selalu kirim foto bangun n kasih arah taruh takut kan ntr pas ga standby hp nah si ibu nya chat trus mungkin ada training buat baca maps ga kasi rating jelek kok drivernya,negative
terlalu sering upgrade,negative
kalo buat iklan tombol x nya besar kalo mencet x selalu masuk aplikasi mulu,neutral
benar iklan gofood yg sekarang dong di hp bunyi nya tut tut tut gitu terus di benar kesel bunyi nya itu terus,negative
oke banyakin diskon kalau ya,positive
suruh langgan biar murah tunggu driver nya jam ga dapet suruh upgrade pesan jadi yg cepat buat apa langgan kalau tetap harga normal x pesan ga dapet driver nya,negative
good,positive
tani jalan,positive
cepat tanggap,positive
gausah download dapet driver susah udh dibatalin kali pesan aku dah gitu lapor masalah cs gabisa ngetik masalah nya gimana malah pilih pilih masalah yg bukan alamin,negative
nang masalah pihak gojek sangat lambat dana buruk akhir gopay potong masalah selesai,negative
buruk,negative
aplikasi sangat guna banget saat malas pergi bisa pesan makan lewat aplikasi,positive
solusi tepat kendara pribadi lgi service gofoodnya oke,positive
aplikasi bisa install,negative
bagus,positive
akun udah lama transaksi pake gopay ngajuin gopaypinjam di tolak aneh,negative
jadi suka gopay asal aja blokir gopaylater salam akun,negative
gosend makan sangat bantu saat jamu tamu rumah,positive
aplikasi bug terus,negative
sopan tahu jalan,positive
oke,positive
jooosssa,positive
mantab,positive
uang tol udah d bayar cash drivernya d aplikasi mintain masa hadeh update dana d kembali tp proses hari but overall tetep bagus,positive
good,positive
cepat,positive
mudah dalam aktivitas gofoodnya sukses selalu,positive
pakai wifi g data baru,negative
bagus banget,positive
praktis mudah,positive
jelas jelas bayar lunas gopay pinjam malah gak pinjam,negative
kalo pas murah driver nya banyak alas ga mau jemput dri aplikasi sering bohong kata driver tdk smp dlm jam sekian dpt voucher rbu tp sllu zonk omong kosong,negative
main bolak balok terus mau nambah power up malah lag ga lanjut batal dikeluarin malah ngulang awal sayang bangt ruby nya harus kalo emang mati bisa lanjut dong kalo gin malah rugi,negative
aplikasi cari gojek aja lamban plus selalu dpt yg jauh,negative
tiap buka aplikasi go jek ga pagi siang sore malam selalu ga selalu rame kadang aplikasi eror why,negative
gua kasih bintang karna layan cs lu buruk sampe detik aju masalah gua bom jelas abai gitu aja jangan anggap cuma masalah kecil,negative
bantu sekali,positive
diskon nya banyakin min,positive
pls adain fitur bayar dgn qris gopay kalian tuh nyebelin bgt kata no kontak yg login trs gw gmnnn kalau ga regist bener aje daaaah luuu mana saldo tb jadi banyak satu pdhl beli selalu genap contoh rp rp jangan buat jadi rp satu aneh saldo kaga usah alesan konfir kontak lu gw udh kontak customer service cm oper ga solusi,positive
tepat ramah,positive
sudah langgan food cukup lama tiba alami kendala yg cukup aneh bikin ngakak jadi awal ngira memang gk dpt promo tp dah hari gadapet promo ku chat cs bilang blokir heran ku rasa pernah laku tindak kek cancel order penyalahgunaan voucher cmn dar pake promo yg sedia beli aja blokir lawak jir ku udh gk tarik buat pakai gofood terimakasih atas canda yg lucu,negative
baik positif,positive
bad experience baru first try pake apk dapet antar makan kurang kena tidak sabar padahal siapin buat party temen,neutral
mantab lancar jaya,positive
liat noh semenjak cancel gocar potong rb banyak driver gocar gamau ambil chat ga jwb tunggu ga jalan cancel rugi rb tiap peses,negative
kalau bikin kerja ai yg bner lah yakali main bolak balok gk celah sama sekali sia sia bgt pake ruby kalo hasil,negative
aplikasi burik pinjam udah lunas tp limit malah hilang,negative
good good good,positive
jos,positive
gojek sekarang makin sulit digunain order masuk aja lama nerima driver nya payah,negative
mantap and sangat bantu,positive
minta bayar lebih dgn alas jemput jauh terus buat apa tarif,negative
mau pesan makan sahur malah update padahal tadi buka bisabudah mesan eh malah update dah tau paket gua lelet,positive
lah gojek baik sistem aman nya masa no tidak kenal chat,neutral
hp temen tinggal bantu ga,neutral
bagus bgt simpel,positive
ga toleransi buat pay later driver nya,negative
aplikasi yg sekarang jelek banget pesan malah salah jadi balik harus a b malah jadi b a,negative
janji surga dpt cashback tp stlh transaksi slsai cashback zonk,negative
diskon gofood hilang smua hampir tiap hari pesan lewat go food kasih tips driver saya sudah aju komplain ada jelas beberapa hari,negative
pesan gocar comfort lebih mahal biar nyaman tetap yg datang model standart bisa ya,positive
kirim cepat,positive
luar biasa,positive
pertama kali make apk lgsg dapet driver yg ga amanah di tipu sblm uang kembali tetap kasih bintang apk,negative
gojek salah satu karya anak bangsa paling bangga awal layan transportasi online kini gojek kembang jadi super app bantu juta masyarakat indonesia jalan aktivitas hari hari lalu satu aplikasi guna mes ojek mobil makan kirim barang belanja butuh hari hingga laku bagai transaksi uang mudah cepat,positive
sangat bantu skrg biaya lumayan naik,positive
argonya makin sini bukan murah makin mahal biasa dr stasiun pdk ranji extension jln hiu v komplek pjmi ribu skrg ribu,negative
sen express kmrn malam sengaja bayar lebih eehhh datang nya tetap aja telat pusat bantu nya sumpah jelek banget gua langsung uninstall dr hp gua langsung aja gua dwonload aplikasi nya sangat kecewa sekali,negative
mantapp,positive
terimakasih gojek,positive
entah telah bulan juli cari gocar susah sekali driver ga respon cepat kadang malah sengaja lama kan customer cancel order beberapa kali alami lama tunggu lebih menit malah tiba ganti driver jadi harus tunggu lama sungguh kecewa,negative
update fitur jadwal hilang,negative
selalu langgan,positive
bagus transportasi online murah,positive
kira kpn guna mohon jelas sampe sekarang bom tolong perhati akun juga sdh lama guna,positive
sangat bantu jalan jauh,positive
fitur double order go food sangat kecewa customer yg sedang lapar,negative
sangat bantu sekali ada gojek manfaat luar biasa saya,positive
selalu baik semua fasilitas lancar mudah,positive
keren,positive
sangat bantu,positive
klau semua driver driver yg dapat tadi digocar layan bagus ramah bersih kendaraanya peduli sama penumpangmungkin aplikasi nomor deh buat,positive
oke,positive
sanagat bantu,positive
sumpah skrg apk nya jelek bgt yg adain fitur hemat goride tp jg yg sering cancel mau pake yg comfort sama yg biasa sama aj lama makin lama makin buruk aja,negative
senang pakai gojek rena cepat jangan lupa pakai gojek transportasi andal,positive
apk sampah login ulang mulu ni apk ngebug mulu heran,negative
bagus sekali sayaa sukaaaa,positive
gojek terlalu mahal banget turunin harga,negative
customer makin dikit karna biayaya aplikasi yg terlalu tinggi driver ambil customer malah jadi jauh jarak tempuh jemput dapat minimum gaji bawah ribu wajar kota gojek kalah jauh ama apk mau nya untung besar kalau mau ambil untung yg ngotak dikit cstmer udah pakai jasa pakai hp kuota sndiri driver pakai motor isi bensin kuota sndiri jangan sulit komunikasi driver cstmer jangan sembunyi no hp,negative
mudah mana dan slalu banyak promo,positive
suka app,positive
wah ga jelas nomor gojek gw tiba ganti ganti ga login pakai nomor nya suruh verif muka pakai muka saya tidak muka ortu tidak,negative
buru malah dapet driver nyaa jauh jauh,negative
makin update makin parah aplikasi lapor cs belum kabar,negative
kali selalu salah titik alamat yg benar titik selalu jauh tempat mes tempat antar driver suka minta uang tambah titik jauh alamat percuma complain aplikasi bantu,negative
selalu,positive
abis update malah gofoodnya ga buka blank aja kayak nge hang lg butuh eh gabisa buka,negative
aplikasi bagus tpi drivernya kecewa klo tawarin promo goride murah yg benar dong masa sama driver pake atur badan segala benar paham maksud driver tpi klo dri pihak aplikasi yg nawarin tanggu jawab aplikasi dong,negative
layan gofood makin ngaco waktu tunggu cari driver gak masuk akal,neutral
lagg bngt aplikasi luu,negative
aplikasi buruk indonesia gk cocok jadi aplikasi mobilitas selalu error ngebug lalu uang gk masuk tp tiba hilang gk aplikasi buruk saat atau,negative
aplikasi kenapa ada fitur jadwal tampil beda yang contoh fitur bantu padahal uda di update versi baru cerah,neutral
semenjak denda cancel parah bgt bnyak driver nakal udh nggu lama pdhl estimasi jarak posisi driver dekat chat driver sempat baca tpi tdk di balas sampe nggu lama tbtb driver ga aktif bru jam kemudian driver aktif lgi tolong kasih denda jg buat driver nakal bgini,negative
gampangin,positive
sudah main misi balok balok dapat gopay coins k situ capai ribu poin dapat gopay coins k sebut gilir sudah capai ribu poin tiba tulis aplikasnya jaring eror padahal bagus jaring terima ganti rugi waktu kouta saya lama main game balok balok sebut aplikasih sampah,negative
sudah tunggu lama hampir jam nggak dapat driver nya,negative
bagus banyak promo,positive
apk sangat buruk masak sen makan sampek jam sampai keburu kumat asam lambung,negative
langgan paling mudah,positive
bagus efisien,positive
bagus,positive
gk pernah rewel driver atau apps delivery online karna sangat harga tpi hari baru sadar kita dichat driver kita wajib balas dapat review buruk driver pesan atau lokasi sesuai kira perlu balas satu satu tiap kali mes kalau saya pernah marah marah bawel fitnah driver lalu dapat rating yg jelek saya paham tpi kalau karna tidak balas chat parah sih,neutral
tepat waktu,positive
dong kalau desa gak di jemput tulis aja gk jangkau gitu biar pesan gk nunggu masak udah pesan nunggu lama tpi gk driver alas,negative
tambahin metode bayar kek dana yang dong biar lebih fleksibel cuma pake gopay bank,neutral
kurang gabisa bayar pke e wallet dana tambah fiturnya,neutral
gamenya dong baik ga main gw nih,negative
bangke gk login malah terang email bukan akun,negative
aplikasi sangat mudah kan butuh hari hari,positive
jadi pagi mau berangkat kerja sen go ride tiba tiba driver minta bayar cash awal lha duit gue udah aku top up in eh malah dicancel enak jidat akhir gue book kan eh gataunya dapet driver jarak yg hampir dekat sama lokasi tuju ampun mungkin udah sekian kali driver jarak lumayan jauh jarak antar driver lokasi tuju dekat pihak it nya segera baik aplikasi kalian soal gw udah langgan pakai gojek thx,negative
bantu,positive
sangat bagus,positive
sangat bantu,positive
tambah bayar qris buat gofood,positive
bantu,positive
driver gofood ga amanah suka nolak pesan,neutral
cepat sampai tuju,positive
aplikasi nya bagus suka aplikasi klo ken beli makan males keluar tinggal pesan gofood aja layan bagus abang gojek ramah top bgt deh,positive
sejak minyak langka ongkos murah gak sedia jelek banget gojek,negative
terimakasih banyak gojek,positive
recom,negative
parah banget maen bolak balok udah capai poin yg harus gopay coin ehh tiba masalh ganggu ditungguin sampe tidur pas buka aplikasi malah mulao awal hilang dah gopay coin,negative
alhamdulillah lancar,positive
titik cari goride tempat jemput terlalu jauh di baik,negative
mantab cepat tepat,positive
very helpful,positive
terimakasih sangat muas,positive
bagus tranportasi no saat dada andal emang gojek bess lah pokok ngebantu banget,positive
lama oke aja pakai gojek food dapat fasilitas paylater yang bikin kecewa paylater tiba nonaktif,negative
gg bang,positive
mantap,positive
kok nyaman,positive
kacau naik rb tuju rb,negative
jam nunggu gk driver gosend kalo menit gw maklumin apa susah nyari driver,negative
kode ilnxsl,positive
sangat sayang malam malam udah lapar gaada driver mau pick up dah tunggu jam ada pick up,negative
gojek bangsattt mau sen makan aja promo nya ilangin pas top up saldo gopay anjg lawak top up promo ada sekarang akun baru udah gada promo diskon anjg pantes nadiem penjara moga apk gojek bangkrut amin,negative
transparan,negative
jauh good,positive
dong bagi menu gofood sudah goplus vouchernya bisa pakai dibenerin,negative
top mantap is the best,positive
good apk,positive
okey deh,positive
ini knp suruh instal ulang app samsung note ga login bantu,negative
skrng pakai gopaylater sering blokir padahal ada tagih maupun tunggak belum ada terang pakai telah pakai malah blokir sistem jelas cuma php costumer aja,negative
aneh verifikasi wajah gagal mulu mana saldo lagi gopay jadi gk masuk kacau bener udah kirim lapor lalu email juga ada balas parah bener gojek,positive
lengkap semua,positive
tidak suka fitur chat gojek langgan gojek di kirim pesan orang tidak kenal mau pinjam gopay pinjam gopay later aja sulit,negative
kalo resto tutup kasih tau lebih awal dong,negative
mantep,positive
buat sarap pagi sini aja,positive
bagus cepat transportasi,positive
driver nya baik,positive
makasih gan bantu nyemen,positive
gua tuju pik therefore aplikasi sesuai pada jalan map kacau masa tuju beda padahal jelas pik aplikasi yg tuju bukan pik malah yang jauh banget,negative
aplikasi lacak imei hp padahal kan pribadi,negative
bagus bangettt suka,positive
minta gojek usaha fitur bisa pulang pergi driver sama,positive
infin mengaploud capcut perlu desak selamaa jam keluar iklan gagal semua,negative
layan bagus mohon cek untuk akurat akun kadang nopol driver yg cantum sesuai nopol driver yg datang,positive
mau update ga jadi susah kirim nota via aplikasi sama kadang saat penting ga fitur chat aplikasi,neutral
sangat bantu,positive
dong kalau nagih kan udh kek rentenir bikin sklnya cepetlah udah tunggu hari kerja tlfn bolak balik jwbannya template bgt,negative
punya tagih gopay pinjam bayar knp hari ada tagih muncul via wa apa dc tagih kagak info kalo nasabah sudah bayar m lah,negative
sukses selalu,positive
sngat bantu sekali terus tingkat dan sukses,positive
layan mantap,positive
gojek susah driver gimana nih,positive
dapet limit gopay pinjam pas cair tolak harus nunggu tahun kecewaaa,negative
mudah semua,positive
siiipppp,positive
sinyal sering error masa internet nya mati padahal nonton video aja lancar terus kok kalau sen prioritas sama sih sama biasa malah kadang ngendarainnya suka ugal ugalan,negative
suka susah driver gak rekomend bat payah,negative
recommended,positive
responnya cepat ramah,positive
layan muas,positive
lama cari nya,positive
gw mesen paket cepat datengnya lama drivernya,negative
cepat ramah sesuai titik jemput turun maju terus goojek selalu depan,positive
sangat bantu anak sekolah,positive
aplikasi jelek driver ngediemin customer chat gak bales abai udah nunggu hampir jem dapet kaya gitu terus ampunn dahh,negative
makin update makin hp ku gak kuat nahan,negative
sangat manfaat,positive
terlalu lama cari driver,negative
mantapzz,positive
solusi lapar tengah malam mager,positive
gojek aplikasi sangat bantu,positive
bagus tp maaf iklan gojek game online sangat repot,negative
daerah monas sampe kota tua goride nya gak mau duit sen goride hemat gak yg nerima sama sekali goride biasa ribu,negative
kalo driver ga jalan ga respon juga kasih sanksi masalah batalin malah kasih denda drivernya sendiri yang ga jalan buang buang waktu bikin repot bikin rugi dah males jadi uninstall lagi kok ga adil banget eval tuh driver driver lu kalo ga ambil ya batalin pihak driver apa gitu serah dah udah pindah aplikasi ojol,negative
jelek jaring n layan,negative
pliss kasih opsi bayar pake dana,positive
tamabahin metode bayar via qris dong masa kalah sama aplikasi belah,neutral
kendara enak bawa motor nya sip,positive
jujur kalo mau apa apa jadi cepet praktis bangett terus lengkap ada ada,positive
sering update bulang banyak kali uodatenya klo ga update banyak menu yg g buka,negative
terimakasih cepat,positive
hai gojek dong aplikasi baik cuman mau ngecek ongkos sampai wilayah harga nya berapa eh malah tiba tiba banget drivernya mau berangkat padahal ga pencet apa apa sistem kalo yang pencet goride gocar tentu orang mau pergi jadi cuman mau liat ongkos ini berapa,negative
cepat,positive
sampah,negative
sudah topup saldo tambah sesal guna aplikasi akhir lambat lot cs dan masuk uang,negative
sistem nya buruk,negative
eror terus apk nya lol,negative
mas mas nganterin nya lucu,positive
makin kesini makin kesana kasi kendara jauh biar cancel aplikasi duit makin miskin ni app,neutral
efisien cepat,positive
app busuk pake voucher harga tetep sama bahkan lebih mahal trus voucher buat apa,negative
apa udah update malah banyake erro,positive
antara app ini bilang lebih murah turut,positive
cepat go send,positive
guna bgt kalo ga jemput org tua buat anak yg sekolah terus sering diskon gituu jadi lebih murah,positive
gokil jadi fleksibel pulang sekolah,positive
nyaman aja gituu udah sih doang minus cuma harga aja sih but its okay lahh,positive
maju terus gojek asli indonesia,positive
gmna aplikasi beli gomart pertama dua error aplikasi gak notifikasi tiba tiba barang kirim gak chat driver pemberitahuan kalau belanja acc order ke tiga normal liat aktifitas driver sedang ambil barang rugi dong jadi bayar barang gak tulis di notifikasi order saya terus yang ganti rugi siapa coba,negative
selalu nyaman pake gojek saat belum pernah jadi aneh apa,positive
baru kali ada driver gila banget kalo nggk niat ambil order jangan ambil udah sen gojek comfort badan isi udah dateng ketemu ojol nya nyuruh tuker uang main cancel,negative
sangat guna bantu aktifitas,positive
jooss jiissss,positive
sangat bagus,negative
cepat dan selamat tuju,positive
gak bagus gojek orang,negative
ongkirnya mahal,positive
bobrok saham,negative
sangat bantu bagus,positive
jeput cepat driver ramah,positive
layan baik ramah cepat,positive
aplikasi makin bagus goodd,positive
overall mantap,positive
repot pakai aplikasi banding belum,positive
harga jangkau,positive
excellent o iya min kasih fitur baru dong aku ga enak sama driver gocar gara mobil gede masuk jalan kecil fitur baru bisa pilih jenis mobil kecil gitu lho min dah gitu aja terimakasih min,positive
baik,positive
kata kata inti aplikasi bagus saat tidak ada kuota bisa pesan gojek buat pulang sekolah,positive
sangat bantu perjln jauh dekat,positive
mantap bagus sekali,positive
trimakasih,positive
sangat bantu order gosend suka lama banged,positive
sering order sendiri padahal pesan gojek,negative
jelek sering ganggu padahal wifi nya lancar,negative
lah,positive
mantap aplikasi good,positive
mudah pergi,positive
resonable adatip,positive
very good,positive
bukti bayar pdam kota tangerang gopay tampil nomor langgan utuh memang nomor panjang tidak bisa jadi bukti bayar tks,positive
kecewa banget sama gofood tidak mes makan apa jam dini hari bisa tiba tiba notif pesan sedang antar cash rb sekian sumpah ngeselin kalau kayak gin terus boncos uninstall aja aplikasi gojek gak jelas,negative
pernah pesan makan pihak resto tuju tpi restonya malah tutup ingin batal pesan tidak gimana sih padahal udah tutup loh,negative
driver nya baik,positive
baik,positive
aplikasi argo ribu aja smua ratain biar kaya gojek si tamak,negative
senang sekali pokok,positive
i love u full full i love u,positive
aplikasi cocok masak kos maupun rumah aplikasi bantu keluar cepat beli makan harga yang jangkau,positive
saldo potong ga balik batalin transaksi udah lapor kali kali tetep sama aja respons terang udah refund saldo ga balik kecewa,negative
terima kasih pak nadiem gojek,positive
jossgandos,positive
jos jos,positive
lamaa respon complain cust,negative
beda orang beda cara nyetir,positive
aman berkendra bisa butuh mana,positive
bisa chat kurir bisa chat cs buruk pokok,negative
sopan bersih wanggi,positive
makin kecewa go jek sejak atur kalo cancel konsumen potong ribu rupiah buat driver makin kurang sopan yg wa jemput tidak mau balas padahal kalo bilang tidak bisa tetap sedia cancel hanya butuh beri pasti sedia jemput tidak makin buruk sekali layan go jek,negative
ngaco masa tandain aktivitas wajar jadi dapet gopay coin mau co voucher a reward nggak,negative
harap pihak gojek terap sistem denda pinalti costumer sengaja ada respon jam hubung cs gojek driver ber x x selesai masalah pulsa habis khusus tunai driver juga langgan gofood biar saling harga driver costumer terap tidak bayar rugi yg tanggung driver akun tangguh bahkan di blokir kasus hari tiba order selesai otomatis jadi saya yg tanggung,negative
pernah surabaya milik transportasi sana kampung inggris surabaya tidak pernah surabaya pun etik kampung inggris surabaya gojek ketemu lokasi sebut mes sampai sana sampa sana saya dapat nyata lokasi sebut bukan kampung inggris surabaya malah ke jembatan plaza saya bingung lalu coba di gojek keyword sama hasil beda,negative
kamis siang kena suspend kamis sore udah buka jumat kerja jumat malam kena suspend entah apa alas sabtu ingat kantor operasional gojek kantor udah tlp pusat laporin nyata sama pusat suruh buka kala bisa on udah hari gak kerja gak pasu moga aplikasi depan baik lebih baik,negative
banyak voucher murah,positive
aplikasi banyak pilih driver nya ramah wangi,positive
sangatt baguss,positive
driver nunul ismail wahyudi mending sekolahin dulu tuh mulut ngehina orang se gampang kata sarjana gojek kasih ingat keras driver buat didik lebih lanjut soal etika minimal otak nya ga otak udang buat driver nya,negative
layan tingkat,positive
ramah mantap,positive
mantap memang karya anak bangsa semangat pak nadim,positive
ken banget punya akun nya atas nama sendiri,positive
sangat bantu sekali,positive
mantaap,positive
halo pihak gojek sudah tahun tahun guna gojek sejak zaman sma sekarang sudah status mahasiswa kenapa sekarang booking kali malah booking kali gojek yaaa lihat riwayat jalan satu gojek datang saya tuju malah gojek datang jemput baik sistem pihak gojek saya rasa enak hati para driver gojek yang rasa rugi karena salah aplikasi nya,negative
bagus bantu saat butuh,positive
supirnya ramah tepat waktu pokok mantab,positive
faster,positive
makin ga jelas nih drivernya sering nolak order banyak yg ga respon langgan kadang biar saja kyk mobil parkir gak punya atitude driver kyk gitu ketat sistem kerja drivernya,negative
bintang masalah layan bantu padahal kemaren sekarang akun dowgred saya sudahembuat lapor aplikasi gopay sekarang ada jelas nya satu saya laku tari malah belum masuk gopay,negative
banyak banget iklan gasuka,negative
keren lah banyak diskon yapss,positive
gak driver mobil pd ganiat,negative
deh,positive
aplikasi sangat bantu sekali transportasi pokok,positive
jasa layan transportasi affordable,positive
top,positive
cepat respon,positive
kok eror mau bayar biasa lancar pin yg cuma eror knp,negative
sebenernya gojek bagus si harga nya murah murah driver nya yg kasar jujur bikin ga nyaman sampe ngata ngatain padahal ada alas tentu untuk lebih perhati driver nya min overall udh bagus kok gojek cuman mungkin hari saya apes aja,negative
good job,positive
moga tambah bnyak promonya,positive
diver susah temu lama sekali sudah tunggu ga kunjung datang,negative
sangat bagus,positive
gojek memang mantap,positive
sangat bagus sangat guna sy guna aktif layan gojek sayang gopinjam sy sempat guna gopinjam sy byr tepat waktu telah sy bayar tiba sy tolak tidak pinjam padahal sedang butuh sekali jadi kecewa banget sama gojek,positive
topp bnget,positive
dear pt gojek indonesia apa tidak bs pikir manusiawi dgn jarak ambil yg sdh lebih batas lebih km brp nyawa lg yg kalian korban kan haus anda untung kalian manusia bukan robot mana yg kata kalian peduli atur perintah peduli mitra nyata lapang di peras hbs demi untung kalian,negative
udh pake plus mahal,negative
terimakasih banyak jek,positive
mending sih pada grab,positive
langgan tp mkin kesini mkin dikit promo voucher nyaa hadehhhh,neutral
aku bagus yaa udh berapa hari pakai gojek driver nya pada ramah luvv,positive
bantu aku banget kalau gada jemput thanks kpd semua driver and apk,positive
error terus ga pes padahal udh update,negative
banyak driver ga mau ambil gerak g abisa hubung jangan kecewa langgan terkadang pesan tunggu lama driver diam ga hubung tiba di cancel yang sangat kecewa buat langgan,negative
barusan dap driver asik jalan cepat lancar sangat kooperatif saya datang tuju tepat waktu,positive
sangat bagus pelayanam,positive
siip,positive
bagus sangat bantu,positive
bantu sekali operational hari hari,positive
kalibrasi rendah terus,positive
bagusss moga makin banyak promo,positive
mudah easy lancar,positive
mohon go jek khusus go ride sekarang knp rute selalu alih yg jauh padahal yg dekat shrusnya hemat waktu malah buat muter makan waktu jujur makin kesini kok gak respek y sm go jek padahal driver neng klu dpt order mereka harap jgn cancel krn prioritas,negative
aplikasi gajelas cari driver nya kurang responsif jam padahal jam anak sekolah berangkat memang harga jangkau cari nya kurang responsif,negative
rata driver nya sopan kendara bersih,positive
yah diskon nya mantep,positive
serius deh buat aplikasi beli kek shopee gojek tolong lah kalau masang iklan tu jangan tiba tiba masuk aplikasi padahal ngga pencet aku aplikasi terus nonton iklan buat dapatin fitur item sana terus ku taruh aja di lantai karna ngerjain lain eh nyata iklan gojek langsung masuk aplikasi karna ga sadar tekan sama kaki tiba tiba pas liat udah pes gofood mana mahal an rb cuma buat pcs somay ama kulit crispy,negative
driver sering stuck,negative
aplikasi yg sangat bagus bisa bikin driver kena sanksi kena suspend terimakasih aplikator,negative
tingkat order,positive
enak,positive
pesan selalu batalin,negative
jelas beda gofood biasa gofood katering tampil cukup bingung saya sempat ira sedang mes makan biasa lebih baik ada jelas lebih jelas konfirmasi tambah guna masuk menu katering,neutral
aplikasi tolol tipu peras customer tawarin langgan gojek plus biar potong ongkir ongkir nya yg gak ngotak gilir udh langgan tau nya gak pake di banyak resto mana mau minta bantu susah bgt yg kasih cuma opsi batal langgan refund masalah kendala gak mau tau dar hubung cs aja sulit nya minta ampun gak ngetik masalah nya cuma di suruh pilih pesan otomatis yg gak sesuai masalah,negative
joss jiss,positive
oi habis update jadi sering blank error,negative
udah beberapa hari promo buat gofood hilang nyata tanya cs akun laku penyalahgunaan promo gatau penyalahgunaan promonya apa lama mes makan gojek hanya pakai fitur promo sedia bisa guna saya guna jujur sedih sekali saya sering pesan makan gojek,negative
mudah butuh hari hari,positive
mantabs,positive
good,positive
very good,positive
jelek gajelas,negative
kurang bintang beberapa kali driver terima order mobil jalan udah lama nunggu,negative
layan nya kurang cari driver nya lama udh gitu drivernya tiba ganti,negative
aneh pake ongkir murah selalu batalin alas ga driver ga hapus aja sekali biar gausah tu ongkir murah,negative
endulll ajee gtu,positive
makin kesini makin parah nih gojek order makan via gofood resto udah ready hampir jam ga yang ambil order padahal deket jarak resto,negative
sering kasih promo donk,positive
cuma menuhin memori,negative
lancaaaaaarrrrr jayaaaa,positive
bantu org yg bisa kendara beli makan,positive
ada hemat kalau gak pakai,negative
aku download nih gojek mainin game doang ada kendala mulu mau pencet check in gak di pencet baik dong,neutral
moga pak nadim sehat selalu,positive
aplikasi boot,negative
no komen udah liat kan bintaangnya siapa,positive
driver sibuk mulu apa aplikasi yg jelek sih,negative
dulu bru pake soal,positive
sangat kecewa tunggu lama sekali harap driver terima pesan satu lebih parah juga tunggu sangat lama untuk batal pesan waktu benar benar buang sia sia jadi bahkan sudah jadi kali kalau memang tidak ada driver yang sedia langgan terus suruh tunggu pasti sangat rugi benar benar buat frustrasi baik sistem,negative
langgan lama kecewa akhir susah cari driver wlpn prioritas menit cari driver ada trrpaksa jalan sendiri titip kendara,negative
mantap mnjangkau ke pelosok desa layan,positive
aplikasiny skrg lelet banget,negative
la buat driver nya kalo make promo jangan ngedumel gajelas marah gajelas kan maka aplikasi karna bnyk vocer murah nya,positive
cepat respon nyaman,positive
kurang gak bayar qris grab,negative
masalah login sudah verifikasi foto kali kali tetap gagal,negative
moga bantu,positive
sering banget driver gojek gocar sengaja diem lama menit g gerak tp kalau dibatalin tumpang kena denda g adil banget,negative
jangan lelah banyak bolo,positive
drivernya gocar ga niat,negative
tingkat keamananya tidur handphone kunci masa pesan gofood sendiri saldo pun hilang jadi makan tidak saya pesan sudah ke kali buruk banget aman jadi juli,negative
layan bagus harga jangkau,positive
maaf jarang sekali beri nilai buruk banyak sekali eror aplikasi lama guna akhir akhir sangat sering sulit driver baik fitur goride maupun gofood lagi driver no response lama hingga pernah tunggu ada menit baik sistem driver response biasa minta cancel gamau ngomong,negative
gercep,positive
pake gojek cepat kata nunggu driver dateng cuma menit malah nunggu driver dateng menit buat apa harga nya lebih tinggi kalo waktu tunggu driver nya sama aja,negative
good,positive
cs nya slow respon komen kalau makan kurang malah tengah malam balas,negative
gak usah pakai aplikasi lagi makin sini makin pelit promo layan sampah pesan makan pakai layan hemat malah dapet kurir ngedumel gak jelas langgan pesan gak lengkap gak kasih alat makan kapok mending pindah kompetitor belah promonya limpah drivernya jauh lebih ramah aplikasi gak auto uninstall,negative
gojek cepaat tunggu menit kelar jadi nambah nunggu menit kelarnambah menit berapa menit tuh jumlah gojek hitung gak bayar udah beda loh sampaisy nulis masih posisi tunggu loh menit dua nambah parah gemblung,negative
maaf rute nya muter muter padahal deket menit malah kasi rute muter muter alhasil makan waktu menit ini ditindaklanjuti masalah juga ngga pilih rute yang saya mau,neutral
csnya gimana sih ada masalah tp chat otomatis,negative
segera baik bulan bulan lalu tampil gofood goride bisa buka blank padahal sinyal bagus buka aplikasi juga lancar segera handle,neutral
hapus aplikasi karena adik proses selesai masalah driver gocar rusak kaca spion mobil hanya edukasi di suspend putus mitra,negative
baik map nya kadang ga benar,positive
parah bangett tlg edukasi drivernya dong kalo mmg ga mau jemput jangan jalan muter buang waktu lebih baik to the point minta cancel,negative
paling setia nemenin kmna,positive
aman cepat banyak sekali kupon yg di guna,positive
terimakasih atas layan nya sekarang mudah lancar untuk guna,positive
gak apk gojek mudah brand baru makin mahal apalgi gofoodnya makin mahal ongkir nya,positive
terimakasih,positive
okeh,positive
saldo gopaya tarik tidak antar tempat tuju kembali saldo gopay,negative
isi gopay ga masuk,neutral
aplikasi taii gw masuk nih aplikasi bilang sinyal gw lemah pdhl kalo pake aplikasi ya kenceng semua sinyal emang aplikasi doang yg lemah kocak anjir jadi gw mau beli makan loadingnya nauzubillah lama,negative
bintang lima gojek,positive
sangat sangat dermawan,positive
yaa aplikasi sangat bantu,positive
thank you gocar all your car are pretty clean and fancy appreciate it,positive
mantap aplikasi gojek nya sangat bantu banget developer,positive
cepat mantap,positive
turun driver gocar krn ktnya takut bintang langgan mmg spt pdhl cuma tanya knp lama trimakasih,positive
per fek,positive
mudah customer kalau mau pergi sampe depan rumah masuk gang,positive
joooosss buat gojek,positive
tingkat terus layan kualitas aplikasi yg lebih maju modern kak admin bagaimana y notifikasi go pay pribadi tagih aplikasi gameplay bantu untuk hilang tagih bagaimana untuk mng hilang nya spya tdk kena potong ada saldo masuk yg sdg tagih yg otomatis potong terima kasih ya kak admin gopay,positive
banyak oknum driver ambil order gak jalan tempat chat gak di bales tiba offline,negative
cepat kunci efektitifitas,positive
aplikasi utama hpku antar berangkat pulang kerja,positive
gopay paylater knp gak di pakai beli pulsa qris,negative
sat set cepat,positive
selamat pagi pak bu usaha gojek aplikasi gojek customer ada promo semenjak banding lah sistem gojek aplikasi playstore di baik dan food restoran kasih promo customer ya pak bu usaha,negative
senang sekali,positive
layan adu respon nya buruk,negative
puas pelayananya,positive
bantu mudah segala perlu,positive
servicenya baik tpi kadang suka dapat yg kurang senyum kurang ramah,positive
top dah,positive
oke sekali,positive
gojek nyaman pesan,positive
terimakasih,positive
bagus,positive
akun selalu gagal kalo verifikasi muka masuk akun,neutral
lumayan bantu aktivitas hari saja terkadang aplikasi erorr tiba lg cari driver koneksi putus padahal kouta banyak jaring penuh pas hasil masuk ke aplikasi malah langsung dapet driver kan gak enak hati sm drivernya jadi bingung mau pilih yg mana,positive
driver y gercep ramah tamah,positive
hadeh semua ni gojek medan mesan makan masa gak dapet gojek sampek coba kali gak dapet,negative
cepet bngt trus bnyak diskon onkir bantu bngt dsaat males kkuar rumah,positive
nyaman,positive
top markotop dimurahin dong gojek nya,positive
puas,positive
ga bayar pake dana,negative
cepet respon nya kalo salah,positive
mantap mudah segala,positive
gajelas sistem gojek dapet driver jauh jauh padahal yang deket sistem nya bobrok gajelas,negative
apk jelek,negative
sangat bagus orang orang saya ketemu rata rata baik banget tambah kan gaji,positive
thank you jek jadi makan,positive
riwayat order go food ga muncul jadi ga komplen,negative
kalau buru jangan pakai gojek dah selalu nyariin driver jauh lama walaupun udah pakai prioritas bayar lebih mahal mending pakai lain aja,negative
gojek ai lop yu,positive
masalah selalu maps masa pesan goofood buat alamat kota bambu driver ada manggis pihak gojek baik masalah saya jadi jalan jauh ambil makan,negative
driver mobil cukup nyaman,positive
okke banget,positive
layan nya sangat puas,positive
bantu sekali gojek,positive
jd andal,positive
sangat bantu mantaps keren,positive
gojek pelit tidak beri promo,negative
kecewa berat,negative
kasih tau para driver go car kalau hubung customer angkat dn chatnya balas ditlpon gk angkat chat gk balas satu posisi gak gerak sengaja kabur titik jemput apa kyak gitu narik gk niat,negative
sulit fitur chat cs telpon,negative
dapet kurir minus akhlak mulu pdhl udah nyoba kota beda benerin adab kurir lu jek gojek,negative
mau ubah titik sulit sekali aplikasi alot,negative
udh bayar ga dateng,negative
kecewa,negative
min adain gojek daerah kalbar khusus nya kabupaten sambas camat tebas dong min please,neutral
sekarang ada diskon jd males gojek,neutral
tempat set lokasi titik jemput otomatis perlu baik beda otomatisasi lajur titik jemput jalan seberang,negative
akurat cepat murah aman nyaman,positive
mau pake gojek niat biar ga cape order makan jauh atau dekat malah pas order lama nyari driver nya gausah jadi driver gojek deh sekali klo pilih,negative
fitur call lo benerin woi susah banget dah nelpon sering putus sinyal lancar benerin dari dulu kaya gitu,negative
bagus pokok mahh,positive
baik,positive
ga solusi banget posisi urgent x pesan x gagal kecewaaa,negative
order makan nga sampe udha bikin lapor ngajelas ada etika baik nga,negative
atas baik n ramah bang driver moga tambah berkah n lancar rezeki terima kasih sy n istri,positive
muas baik,positive
susah bgt dpt driver udh kali tahun gin terus gada kembang,negative
mantap bisa andal semua waktu cepat tanggal konsisten bagus jelas lancar,positive
bagus jalan sedang dekat,positive
oke sip,positive
aplikasi bantu,positive
batu bget,positive
mudah,positive
mudah guna gk ribet mantap,positive
di mudah buat driver deket jangan jauh kasihan drivernya,positive
pesan datang tepat waktu driverantap,positive
udah tengah jam lebih nunggu driver ga dapet dapet padahal udah pake prioritas,negative
nyaman senang,positive
driver kendara dg baik,positive
sukaaaaaa,positive
pakai hemat gatau diri driver menit jemput dicancel banyak tumpang bot jijik,negative
sangat muas makin hari sering pesan lalu gocard makin hari harga nya besar padahal aplikasi promo nya perhatikanagi,negative
klo si gk ush d ksih bintang kecewa bgt banyak bgt kena potong saldo tiba hilang,negative
gojek is a comprehensive super app that offers reliable transportation food delivery digital payment and various on demand services its intuitive interface fast performance and dependable service make everyday activities more convenient and efficient,positive
customermu mulai pindah kuning lihat banget biasa ijo sekarang pada tidak tarik pikirin,negative
layan bagus kendara bersih,positive
kadang susah kadang gampang d baik trus,positive
aplikasi bagus mudah,positive
lebih mudah jalan hari,positive
gojek tuk akun sudah lama aktif hapus cape nih log in pake no baru selalu ga karena no milik operator lama aktif padahal sudah ganti akun no alhasil gojek gopay saya susah log in ujung pake aplikasi belah yg lebih mudah ganti akun masuk no hape aplikasi anak bangsa gimana mau maju klo registrasi ulang sulit,neutral
baik layan konsumen,positive
poko nya mantaaaap,positive
apk selamat nadiem semangat,positive
putus mitra gak aju banding di tolak lebih baik ganti aplikasi saja,negative
bagus layan cepat mantappp,positive
benerin tarif nya kocak,negative
dong pihak gojek kalo emang gak mau bawa jangan ambil kasi orang tunggu ada sangsi buat drever ojol nya,negative
biaya tangan lain di gofood terlalu tinggi bos lama orang orang tinggal,negative
sangat muas pergi mana simpel guna layan nya sangat cepat baik mau aja jadi ga ribet karna aplikasi,positive
goood,positive
sangat bantu butuh kendara online,positive
alhamdulillah drivernya nemuin yg konyol cuma selalu sy ingetin pak kalo mobil bau rokok sy langsung cancel,positive
semua driver ramah cepat,positive
sip sip sip,positive
selalu siap sedia,positive
hemat,positive
terus tingkat beri promo diskon gojek gofood terima kasih,positive
driver goride banyak arogan not bad,negative
mantap gojek sangat bantu masyarakat umum,positive
aplikasi sangat bagus trima kasih atas layan sukses selalu,positive
area kalimantan tiap order batal terus sama system udah laper nyari driver suruh nunggu jam sekali dapet dibatalin habis gak dapet driver udah x nya kayak gin,negative
makin lama tarif makin mahal,positive
bgus,positive
gak liat rating sendiri ngintip hp driver tiba tiba rating padahal gua ngasih cash bilang makasih driver gk tau jalan gw arahin selalu pake helm gw gak tau salah gw mana gak jelas,negative
aplikasi gojek memang bagus,positive
go transit bisa guna hari sangat hambat,negative
mantapppp,positive
sy sangat kecewa sekali aju go pinjam d tolak padahal sy sdh laku lunas lebih awal,negative
sangat bantu tuju lokasi tuju,positive
selalu setia pakai gojek dr awal luncur,positive
sen gocar sampe jam lebih dapet gocar yg minta tambah argo yg jauh banget ke k iyain gk jalan karna yg pulang mama adik yg mau sekolah akhir akhir sen gocar minta k iyain dan gong mama dan adik turunin tengah utan alas klo mau nyampe rumah k karna mama saya gk mau akhir tinggal gitu aja bayangin di tengah utan jam buat mas gocarnya sampean bener bukan manusia sih rangkas,negative
buruk tarif suka naik drstis jam sibuk gerimis hujan sulit cari driver bahkan nolak klo jam sibuk,negative
pesan gocar tarif awal rb bayar pakai gopay tau pas cek riwayat debet rb biaya jasa aplikasi yg ngga ada di awal mesan kok ada biaya sembunyi kaya gin,negative
kapitalis cari driver lama,negative
dgn gojek sgt bantu sy dlm pergi,positive
no bintang ah ga pencet batalin pesan pas sen,negative
driver gojek pakai motor pcx warna hitam plat nomor a nt daerah pandeglang sering buat order fiktif,neutral
kecewa makan tu uang haram,negative
tlpon pihak gojek di wa nada yg tak pantas hina memang gak jelas,negative
bagus banget cocok transportasi,positive
enak pakai butuh,positive
tidak login aplikasi gojek gopay padahal uninstall install dua aplikasi lalu juga hapus cache restart hp aktif gps guna wifi sinyal cukup kencang saldo saya sangkut,negative
driver sering tunda jemput sebgaja jauh titik batal otomatis saya mes kecewa harus tunggu lebih lama sulit lapor tidak sedia fitur lapor driver sengaja main kecewa guna aplikasi,negative
sangat bagus sangat mudah yg mager udh lama pake app ongkirnya malah makin mahal pdhl jarak dekat jadi hrg ongkir lebih mahal x lipat makan yg pesan,positive
smua driver suruh ajar baca maps udah jelas alamat deskripsi lokasi aja gak tau sama banyak tanya,negative
gada kalsel kh,positive
buat apa dian fitur ongkir murah kalo driver gaada yg ambil sama sekali udh kali kaya gin,negative
apk nya sih enak yaa cmn fitur tlpn nya benerin dehhh suka ga jelas gt suara nya pokok kualitas tlpon nya jelek bgt,positive
it is very helpful for my daily commute and makes my journeys feel comfortable,positive
selalu mudah,positive
aplikasi gojek mantap,positive
terima kasih,positive
alhamdulillah allahumma baarik maturnuwun sanget moga makin kembang tuju arah lebih baik,positive
adain fitur share current location,positive
sangat bantu mobilitas,positive
bukak gofood semua mahal apa mahal gak makek gojek saat uinstall,negative
belakang sulit temu driver dekat pada sekitar banyak gojek yabg sedang tunggu order,neutral
sangat ramahh,positive
baik sedikit masuk lokasi kadang kurang akurat mohon diupdate,positive
map drever versi sekarang sangat jelek buruk,negative
jadi ulang driver kendara ngebut nyalip mobil datang mobil lawan arah yg kencang ngejerit sangat bahaya nyawa gojek kasih drivernya training kendara jangan hny gocar goride jg wajib kendara yg layak jasa layan bayar sendiri sama aplikasi,negative
sangat bantu skli,positive
baik baik sering driver gocar terima order tidak gerak bahkan makin jauh sangat rugi konsumen utama sedang buru buru driver ini apa tindak gocar,positive
lama nunggu trus driver suka batalin pesan,negative
lumayan,positive
aplikasi tolol kapok gua pake apk sengaja bikin auto debit malah tarik x duit gua padahal kalo emang duit parkir bandara harus tarik sisa nya bukan total seluruh udah tau awal udah tarik biaya ongkos nya pas tarik x malah auto total biaya seluruh rugi guee,negative
jalan driver tulis tinggal menit sampai jam kemudian sama lacak driver lama banget,negative
lama driver,negative
oke alus weh,positive
jelek banget nih apk tiba tiba menu goctas hilang,negative
bagus,positive
pesan makan selalu enak cepat gojek selalu yg driver ramah,positive
ganggu trs buka gofood cuman loading doang ampe muncul notif koneksi padahal apps lancar,negative
driver yg batalin sampai tuju harus muncul jg aplikasi rembes jd ilang gara gara,positive
ngebantu banget,positive
mantap sukses slalu,positive
aplikasi nya sangat bantu,positive
senang sekali,positive
aplikasi gak jelas eror terus mau sen makan gak saya reting bintang lima biar liat paling atas,positive
mesen kejut gak luar kota harus developer bikin mesen dari luar kota bayar pake qris,negative
sangat batu bayak diskon,positive
sama gojek sy rasa nyaman lama kendara drivernya jg ramah sangat bantu trm ksh,positive
kenapa drv gojek ada yg mau pick up pesan shope untuk kirim go send instant drv nya sombong sombong heran,negative
iklan random screen go food susah kah uang,negative
mantap,positive
uda akun hack orang ud lapor tetep aja jadi,negative
is the best,positive
applikasi sampah jam malam sampe jam tengah malam tulisanya cari driver antar makan harap tunggu pake akun nya tulis kaya gt akun beli sate akun beli soto dua nungguin driver sampe jam tengah malam tetap gada hasil akhir beli makan sendiri pake jas ujan keluar gara gara hujan jd driver gak mau antar gofood sampah banget milih milih jadi kapok pake applikasi gak gin mending uninstall udah sampah,negative
mntap tahan gojek is the best,positive
makin lama makin bagus kembang sistem aplikasi favorit klo perlu tumpang recommended by me,positive
jalan aman lancar pakai gojek,positive
nyari alamat gosend susah banget sekarang mau kirim barang jadi susah,negative
kemudi ramah tepat waktu,positive
mantap jemput cepat,positive
good lah,positive
sistem baik dong klik pesan sekali yg datang driver pdhl orang yg jemput pulang driver satu,negative
bagus banyak maju,positive
seringkali sen chat drivernya iya tappi posisi ga gerak terus padahal kalo kitalagi buru buru ngebatalin order baru makan waktu bgt skrg gojek jelek bgt big no deh,negative
driver suka abar jemput tidak driver hindar batal rangking tdk kurang biar costumer batal padahal driver tidak jemput aplikasi sering eror ngestuck udh pake aplikasi versi baru tetep lemott padahal kuota aman jaring,negative
driver sering terima pesan ga bales chat ga datang nunggu sampe jam ga dateng pas dicancel malah kena sanksi k kali ini arti bayar k driver gak jelas nakal lagiii pas komplen instagram malah yang bahas bot emang gojek segitu banyak mitra ga bayar cs untuk bales chat,negative
suka keluar sendiri padahal hp baru minggu kurang terus kadang mesen malah dateng,negative
aman selamat tuju,positive
udah sen gocar sampe muter muter melulu engga dateng dateng susah dihubungin,neutral
aplikasi nya,positive
user lama gojek kecewa sekarang apa apa buat mahal sama gojek ongkos kirim bahkan harga makan masa sekarang ongkir sentuh rb jarak ga berapa abis sekarang opsi pilih ongkir batas gofood misal cuma milih kek paksa kalau pilih murah ga yang ngambil suruh nunggu sampe dapet driver menit lebih buang buang waktu,negative
kolaborasi sampah sistem eror gak baik gw rugi lu malah diem,negative
terlalu jual mahal driver nya,negative
lah bagus aja sih,neutral
alami kendala klaim gopay coin hari tombol klaim tekan muncul notifikasi hasil gopay coin tambah masalah sudah jadi lama beberapa hari mohon laku kece,negative
booking gocar lama banget nunggu jam an ga nyampe nyampe sampe sen lebih x sama aja ga worth it asli,negative
ada jalan,positive
gacor,positive
pliss adain metode bayar pake qriss,positive
udah miskin promo khusus bayar tunai promo khusus guna bayar gopay moga driver ojol makin sepi gojek miskin promo khusus bayar tunai,negative
gak char driver kocak ribet pickup barang,neutral
moga depan lebih baik,positive
all good,positive
lot banget aplikasi nya buka aplikasi ga masuk kocak,neutral
multimedia,positive
batal kena charge rb sangat rugi konsumen sekarang banyak driver sengaja suruh konsumen buat cancel biar rb cuma cuma alas mobil trouble lah ga respon chat padahal mobil gak gerak lahhh ampasssss,negative
kantab,positive
best lah,positive
gojek mantap cok,positive
asikkk,positive
sangat bantu sekali,positive
saat bagus,positive
cepat bagus pelayananya,positive
bagus cuma sering banget pemberitahuan internet mati misal mau sen tapi selalu yah internet mati padahal sinyal lancar terus kuota cukup,positive
jos jis,positive
praktis cepat,positive
performa aplikasi makin sini makin lancar jarang lag fitur share journey naik goride gocar bikin rasa lebih aman kalau pulang malam rute jalan pantau keluarga layan customer service nya responsif kalau kendala sama pesan,positive
lebih tingkat kwalitas,positive
mana gabisa pesan papua,negative
bantu bumi,positive
keren,positive
satu aplikasi paling bagus banget suka belanja cari motor mobil pergi saja,positive
layan baik ramah,positive
layan sangat percaya,positive
lebih adil driver,positive
terkadang kalau hujan susah driver,positive
mudah tinggal duduk manis beres,positive
gud,positive
mesan y mana dpt driver nya mana parah lama,negative
mesen gojek buat nganter kerja pagi pagi susah bangett padahal udah pake prioritas cepat tetep aja ga dapet al has alpa ga dapet driver gojek,negative
sen gojek pakai bayar gopay kasih pilih cepat nyampe hampir menit sama kaya biasa pilih yg biasa malah ga yg di tolak aja nunggu lama sih,neutral
layan gofoodnya unbelievable terlalu lama cari driver harga kalah dg kompetitor beberapa kalo cari driver baik gofood ride sangat sulit,neutral
aplikasi gojek mudah sy guna gojek motor gocar gosend gomart,positive
terimakasih gojek nya baik,positive
coba pihak gojek bagaimana cara batal fitur anggota go star member rising star aplikasi gojek ya sangat ganggu fitur go star member gojek kalau hapus akun akun gopay pun ikut hilang jadi bingung bagaimana cara hilang fitur go star member nya,positive
sangat bantu kami,positive
kok pakai wifi bisa buka gojek buka gojek pakai wifi selalu muter muter cek di hp samsung,positive
bagus ramah,positive
good jobs,positive
sangat murah nyaman,positive
okey,positive
sukses terus gojek indonesia,positive
aplikasi rugi x alami double payment lapor tanggap uang minggu bulan belum kembali sampah sampah sampah,negative
sangat sesal karna tunggu goofod lama sekali padahal banyak gojek,negative
aneh banget awal dapet harga murah eh pas mau sen harga jadi mahal terus cek harga jadi murah berangkat kerja jadi telat gara gara harga,negative
dibanyakin promo nya kyk toko orange biar guna makin semangat maka,positive
trimakasih banyak mantab,positive
sangat bantu banget puas banget sen makan jadi gampang,positive
ojolnya ga ramah kalo gamau ambil order gausa turunin orang jalan bukan tempat tuju,negative
mesan driver terlalu lama,negative
top banget,positive
oke bngt,positive
layan cepat awas on time,positive
aplikator b i a d a b yg peras keringat mitra moga kalian kena ajab,negative
dah tiap hari download terrus sih heran banget padahal baru kemarin download sekarang download padahal baru buka apk cuman sekali doang lho heran banget sih,negative
gak sen apa apa tau tau sen gofood gak dicacel udah hubungin pihak aplikasi yg jawab robot udah bye uninstall aja aplikasi gak masih pilih pake grab sama maxim kalau sen transportasi online,negative
moga makin sering ngasih promo diskon ongkir diskon belanja terima kasih,positive
sen gocar sekarang susah di cancel mulu,negative
rate nya gampang guna,positive
terima kasih pesan tranportasi makan mudah murah sangat bantu sekali,positive
mantap sangat bantu,positive
asik,positive
sangat bantu,positive
tarif gojek kadang kadang harga nya suka g ngotak,negative
sukaa bgt goofood makan sini,positive
aplikasi bagus,positive
pinjam udah lunas belum jatuh tempo waktu aju malah ga,negative
lebih mudah mes makan,positive
lama bgt,negative
driver ramah,positive
driver gocar kurang gercep,negative
makasih gojek,positive
sangat bantu butuh hari hari terimakasih,positive
baguss,positive
harga nya lebih murah,positive
hallo admin masuk nomor telepon aktif jadi tidak dapat terima otp sms maupun wa beri jalan alternatif terima otp lalu email di baru,negative
mantab,positive
pesan bisa batal aplikasi jelek,negative
se kali pakai,neutral
sangat bantu tiap aktifitas,positive
bagus app nya,positive
x aplikasi parah banget yg sekian kali paylater tidak guna padahal tidak pernah lambat bayar sering laku bayar lebih awal malah tulis blokir tulis review mau kapan kerja gopay paylater selalu buruk ini,negative
sangat sayang yg sering guna layan gojek utama gofood kurang puas tidak cara hubung pihak resto pesan selesai pas pesan salah kurang lengkap bukan masalah nominal sering jadi walaupun enggak berapa itu masuk rugi puas guna layan sebut moga depan fitur hubung pihak resto keti komplain pesan yg kurang lengkap salah pesan selesai,negative
sangat bantu ada nya go jek,positive
aplikasi wajib harus di hp gojek benar benar mudah hidup hari hari mulai pesan makan antar barang urus bayar semua beres satu aplikasi ui nya simpel jarang error sangat bantu ekosistem lengkap,positive
mudah guna,positive
potong laku harga go ride jadi mahal pakai cepat murah prioritas sekarang lama banget,negative
bagus aja gituu,positive
baru cowb,negative
sangat mudah menggunakanya,positive
aplikasi sering error gak kompatibel cari gk,negative
donk gofood driver banyak titik resto yang jauh ambil drivernya nunggu lama blm titik resto terlalu jauh blm resto nunggu lama mana gofood gak di batalin harus driver yg bom arah resto di batalin ini gak di batalin paksa nunggu kl orange di batalin gojek gak,negative
akurat cepat,positive
iklan nya terlalu ganggu kuasa terlalu besar kolom,positive
maps nya ngaco,negative
apk cukup bantu,positive
gojek gocar gofood tetap jadi andal detik,positive
aman tepat waktu,neutral
bagus app nya manfaat,positive
baik nyaman mudah,positive
trimakasih banyak atas layan,positive
jadi makin mudah dlm penuh butuh hidup lbh praktis n tecno,positive
promo ada sama sekali bug nya ada lebih minggu betul,negative
terlalu lama tunggu driver main cancel qja,negative
bagus lah,positive
skrg biaya tambah mahal yah hati nnt hilang langgan klo hr hrga mahal,neutral
josjis,positive
banyak manfaat,positive
game go pet nya ngebug kasih makan kucing bisa udah hari bug baik koin go pay nya bisa ambil,neutral
atur aja mau lu gana gojek,negative
kurang suka sama salah satu driver batal karna salah pilih alamat eh lain waktu malah marahin depan rumah depan kakak padahal sudah bilang pak maaf cancel karna salah pilih alamat harap driver ajar cara adab bukan ajar cari uang dia bilang kakak seperti eh ade kamu di ajarin jangan suka cancel cancel padahal baru pertama kali temu driver itu,negative
baik kualitas driver nya ngerokok jalan perilaku sopan langgar lalu lintas saat nanya jalan dia malah minta bayar ribu di anterin padahal jarak ga meter di baik saat sampai rating di kasih bintang sama driver alas jelas baik sistem sdm kemudi,negative
bagus sering promo moga gojek selalu beri baik,positive
sangat puas sekali layan gojek layan driver sangat ramah sopan bijak,positive
bagus kok murah bunga nya gak cekik,positive
sangat lah bantu,positive
bambang,negative
makin hari makin mahal gk kayak belah,negative
aplikasi pelit,negative
mohon maaf banget kasih bintang gojek soal pesan malam saya perlu cepat aplikasi suruh tunggu menit sedang udah lewat waktu yg tera layar gojek mohon tindak lanjut dong mimin gojek kalau di perlu kan cepat profesional kerja dong jadi tumpang tunggu lama tidak sesuai jam estimasi nya terimakasih mimin gojek atas perhati semogaa depan nya lebih di perhati,neutral
mantaap semua jd mudah dgn ada aplikasi gojek online,positive
oke aja,positive
eror aja terus jek gojek,negative
gak shi driver ojol gak usah pake helm yg moncong belakang nya,positive
terima kasih tuk layan gojek yg slalu aman amanah,positive
yah bagi sulteng bisa daftar dan kantor tutup,negative
solusi lapar jalan gojek solusimya,positive
mantab,positive
top top,positive
bagus driver ramah ramah,positive
memang pertama pake greb nya selalu sedia muas lama lokasi gereb nya selalu jauh terus jadi lambat terus anterin ibuk cuci darah,positive
sangat bantu sedang jalan luar kota butuh perlu cepat makan minum transportasi,positive
ngeleg mulu,negative
bagus banget aplikasi nya selalu promo ga perlu nunggu driver waktu lama cukup menit aja,positive
gocar gimna sih x mesan pakai gocar hemat pas mau bayar x jdi prioritas smpe nanya smaa abg gocar nya knpa jdi prioritas trus pdhl sayailih yg hemat dn kata abgnya hemat tdk tpi knpa pilih dn pas klik brubah otomatis prioritas pas byar jdi x lipat jangn sperti dong gojeg kalo emng ga ada hilangin gocar hemat jangn tau diput pas byar mode priorotas pmbhongan namnya,negative
nunggu driver lama banget gilir ubah jadi prioritas dapetnya jauh sekali nunggu lebih lama,negative
langgan gojek lama aplikasi sangat baik,positive
mantappppl,positive
ke lokasi jemput drivernya pesan udah naik lokasi tuju kalau gamau cancel harus gitu si jadi aku bingung pdhl blm jemput pesan udah naik kalo cancel kayak wewenang langgan harus masalah cancel ngga nya trs lagi ku cancel kali karna pertama aku udah motor lanjur booking ke salah pencet aku udah minta maaf dinya ngelabrak rumah buat badmood kerja,negative
aplikasi bagus udah,positive
aplikasi udah bagus mudah akses driver mohon koreksi banyak sekali driver sudah ambil book menit kemudian gerak atau tidak jawab sama sekali mohon tegur untuk yang ini,negative
layan baik gojek aja,positive
aplikasi rusakkk,negative
fitur riwayat aktivitas gabisa buka padahal mau bintang satu driver kurang ajar,negative
layan baik moga makin baik depan,positive
eror,negative
aplikasi sangat bantu murah gg banget dah,positive
makin mahal driver ogah an,negative
gps nya baik,positive
sering promo banyak diskon mudah guna,positive
tidak saran maka aplikasi gojek gocar bogor utk jarak jauh macet nambah rp,negative
mantaap,positive
mudah hidup,positive
kan gua main game bolak balok hadiah k hasil raih scor nah gua hasil raih k scor hadiah ga masuk malah tulisah wadaw ada ganggu tenang kami cariin solusi silah coba nanti halahh scam gausah ngadain event kaya gitu buang buang waktu sumpah gua main jam hasil apa ga dapet apa apa gaterima banget sumpah mending hapus aja tu event kalo gamau bagi ngerugiin orang,negative
gojek sekarang makin aneh sen gosend instant info dr driver d masukin multi instant al hasil sen lama tolong sistem lu rugi driver customer jangan pake aplikasi gojek lebih baik grab,negative
sangat guna,positive
sangat baik,positive
mudah mudah lebih banyak diskon lagiiiii,positive
cepat barangx,positive
bgs dh it aj,positive
super mantap,positive
sen mobil wilayah cilincing gak sedia gak beres,negative
tepat waktu sopan,positive
easy and fast respon,positive
game aplikasi di baik gopay coins ku gak masuk kali kali padahal udah ngelarin misi misi,negative
aplikasi yg sangat bantu hari semua di order sini,positive
telat bayar hari dc gopinjam lapang guna ancam sebar data datang rumah padahal juga sadar kalau lambat akan kena denda krn sekarang sy msh sulit utk byr,negative
yey,positive
makin kesini makin ngeselin nyari driver biasa paling lama menit hampir nunggu jam ngga dapet dapet lah upgrade apa dibenerin gitu sistem nya makin kesini kok makin ngga ngotak aplikasi harus mudah guna buat mana masa iya nunggu jam baru dapet driver padahal posisi driver ngga jauh,negative
joss jizzz,positive
baguss drivernya ramah,positive
lumayan lah,positive
layan baik,positive
always good effective safe and fast,positive
sangattt sukaaa memuaskannnnn,positive
mantap sering adain event min,positive
gak bantu selesai masalah padahal di sebut alas rasa tipu kata harga ubah ubah jauh destinasi aala nyata harga hampir x lipat harga awal pokok gak ikhlas complain tidak bantu sama sekali alas sesuai lihat real henti titik destinasi jarak meter,negative
nice moga tangan danantara jadi lebih baik,positive
the best,positive
ada gojek sangat bantu,positive
oke mantap,positive
gabisa pake diskon karna kata menyalahgunakan diskon gak make sense fiturnya kan cipta buat guna kalau guna fitur di ikan bilang menyalahgunakan terus apa fitur cipta jangan pake diskon ges akun kalian gak dibolehin pake wkwkwk,negative
gojek sangat bantu mudah aktivitas,positive
selalu dpt promo,positive
matap,positive
driver loyalitas ambil order banyak customer tunggu lama,negative
mood gofood jadi b keren sumpah kembali yg kurang digantiin gopay ga ekspek padahal udh ikhlas makasih gojek,negative
buat gopaylater nya mohon optimal,positive
kasih tau aktivitas wajar apa yg deteksi sistem tidak klaim koin log in hari bolak balok tidak klaim koin semua aktivitas go pet padahal aktivitas saya laku hampir sama tiap hari guna perangkat yg sama jaring yg sama terima kasih,neutral
kan fitur pay pake qris biar fleksibel bayar nya kadang suka g uang pas,positive
saran aja ni dulu ni apk bagus bagus aja makin sini makin makin aja lah buat pilih toko masa gak milih alfamart alfamidi si bukan apa apa ni alfamidi sini buka jam doang apk gojek masih aktif gak pernah matiin mana gak toko lagi apknya ngarah sana terus padahal alfamidi gk cman dan barang ku beli gak cuman di sana mau d alfamidi alfamart ad smua cman knp ni gojek ngarah ke sana trus,neutral
best,positive
mudah belanja waktu tdk buang,positive
suka,positive
udh mahal sekarang gopay gk diskon,positive
min gua lupa pin transaksi nomer daftar tidak sedang ganti pin pake kode verifikasi mana gak pake cara lagi sial kalo udah kayak gin solusi gimna coba,positive
maju terus gojek,positive
banyak eror mau sen aja lot ujung internet salahin,negative
gofood sekarang udah ga ramah harga sampai x pada si oren,negative
cepat mudah,positive
so far is good and comfortable,positive
kan pesan gomart si kurir nda cukup bensin jadi suruh pesan ulang pas mau pesan ulang sy kan mau batal dlu pesan ku yg biar pesan ulang saja nda na terima gojek batal pesan kurir ngestak di menit terus jadi aga kesalka karna tulis kurir sampai dalm menit tapi kaya kapang menit menit terus angka,negative
kadang eror dikitt suka banget sama aplikasi,positive
aplikasi aneh padahal data udh hidup pas mau masuk ngk alas jaring mati mulu,negative
bagus tepat waktu moga selalu terus driver ramah murah senyum,positive
mantabbb,positive
gimana buka aplikasi selalu blank buka go ride go food selalu loading stuck padahal paket internet kuota aman,negative
sinyal bagus suka reloq terus ga masuk,negative
aplikasi error terus padahal jaring full,negative
goride gocar gofood gosend semua gopay nyambung goclub buat poin estimasi harga awal jelas,positive
gimana sih hapus akun susah banget padahal gak aktivitas yg curiga saldo rupiah,negative
always the best,positive
diskon kadang ubah ubah,positive
gofood sekarang ga liat posisi drivernya,negative
bagus pokok,positive
maps nya akurat drivernya well educated sopan terus tingkat layan gojek banyakin diskon,positive
sekarang makin banyak driver enak beri konfirmasi memang tidak ingin ambil order anda protes karna harga paket hemat jangan kita customer ke usaha langsung kita manfaat layan beri juga tetap beri tip memang layan ramah komunikatif bukan soal daerah semua daerah seperti bgini baik layan,negative
oke lama pakai gojek tdk masalah kok,positive
lama nerima sms bayar pajak,positive
main game bolak balik udh dpt k poin ga dpt hadiah,negative
klo pakai jkt lama bgt datang yaampun wasting time bgt sering dicancel jg sama drivernya bikin emosi,negative
mantappp,positive
gak suka cara gocar olah paksa tumpang pesan gocar prioritas bukan pertama kali seringkali pesan gocar reguler tiba tiba fitur prioritas ceklis sama meski tumpang pilih otomatis akan batal sadar tidak jadi pesan pilih dengan harga prioritas,neutral
iklan nya mana weh nyebelin bgt,negative
ongkir gofood mahal,negative
bagys,positive
murah cepat,positive
the application is good,positive
kantor penangann buruk email kait kendala d tangan dam ada tnggpan sama sekali kacau,negative
baik ramah,positive
bantu bgt sihh,positive
males banget driver gojek banyak emosi gak sabar plus doyan cancel enak,negative
transportasi andal tapi sekarang knapa klo naik gokar ac nya di matiin,positive
layan bagus sayang game masih ada bugnya,negative
sejquh masih bagus bagus aja,positive
lelet banget apk nya kalau mau sen gofood,negative
bagus poll ni apk,positive
apa orang mesen gocar nunggunya lama bgt driver gak responsif ngambil order dia istirahat gajelas,negative
sangat mudah pergi mana mantapp,positive
gak si gojek kalo drivernya usahain jangan ambil order dulu gk kok benci kali bikin nunggu lama pda idiot keknyaaa lgi lapar nunggu lama benci,negative
parah respon lambat dr cs udah jelas layar aplikasi tera suruh hubung cs cs sama skali gak bantu banyak bot gak jadi chat via wa sama aja lambat respon gak solusi,negative
skrng lot mulu udh update tetep lot muncul kmu sedang offline pdhl buka aplikasi semua lancar aja kuota banyak,negative
mana ga prlu khawatir tinggal gojek aja beres,positive
gojeg is the best kurang baik pesan gocar ulang pesan gocar gagal trs mohon lebih tingkat biar konsumen tunggu lama ketika waktu desak,positive
mantappp sukses,positive
tuh bingung sm driver gocar kadang gak mau respon chat titik jemput sm gk terlalu jauh tp sengaja banget muter jauh akan sengaja gk mau ambil order kalo gk mau bilang gua cancel orang buru waktu buat meeting komplain serta akun orgnya trs orgnya kena sanksi kita yang serbu komunitas cape bgt,negative
kasi driver nya ngeluh ongkir murah jarak jauh potong aplikasi mana apa mahal,positive
kok sekarang aneh beli makan ukur kecil biji penuh keranjang beberapa waktu lalu belanja banyaj masjh hmmmm,positive
gojek tuh gimana sih error terus padahal sudah sen sesuai titik driver malah diarahin titik lain driver jd komplain saya anehh baik tuhh,negative
keren bntu,positive
terima kasih atas layan kirim ok,positive
bantu sangat,positive
layan go transit evaluasi saat mau checkout stasiun akhir selalu sulit keluar barcode padahal sinyal selalu bagus jadi selalu ulang payah,negative
mudah aplikasi,positive
cepet murah aman nyaman pokok besst bangett,positive
lancar cepat sampe paket nya,positive
bagus sklii,positive
moga makin banyak promo,positive
cinta banget sama gojek lopyu,positive
sesuai,positive
dapat kendala ingin login,negative
makin kesini titik ga jelas,negative
senang,positive
aplikasi susah nitik sesuai posisi ada,negative
gimana cara lu ngadain flip card hadiah gopay koin gua udh dapet deskripsi koin dapat di tampil anehh bener ni apk,negative
bru kali kirim barang pke gosend barang ngga nyampe ilang entah kmna pdahal alamat nya jelas terima malah trus nanyain barang drivernya udah ga d hubung tolong dong gojek alamat titik hrus lebih akurat kasi drivernya muter klo nyali alamat titik alamat mana biar ngga smua tpi baik lah lebih akurat,negative
gojek hamaa mesen makan lama nya minta ampun plrrrr,negative
ubah email gmn ga ubah,positive
brengsek nih aplikasi gak jadi pesan gocar cancel order driver tetap jalan laku pickup oleh driver saldo gopay potong besar rp complain lewat email bisa kembali lewat x jam di baik sistem kalian yah nyesek banget,negative
cari driver susah tengah malam,negative
parah nunggu gocar bandara t sukarno hatta masa jam emang gocar bandara kurang banget kayak nggk deh jangan karena mau user upgrade mesen gocar comfort yg langsung berangkat,negative
top bagus sangat bantu,positive
murah banyak promo,positive
cek nyata update akhir kan tanggal juni betul sekarang ken update aplikasi kenapa nggak,positive
tekan kan ojol nya ain uang kembali udh lebih alas nya baru keluar terus,neutral
malem malem laper nunggunya lama tiba tiba dibatalin belah pihak apa ga kecewa,negative
moga depan nya banyak promo,positive
driver nya batal pihak ada alas tentu malas pakai gojek rugi waktu,negative
sen makan trs dpt potong harga udh nunggu hampir jam eh batalin awal informasi kurir suruh nunggu tpi gk tau tiba batalin dngn informasi kurir tdk dpt temu pdhl nya ttp dan antar klau emg gk harus awal batalin bkn pas udh nunggu hampir jam baru di batalin,negative
tepat waktu antar pesan,positive
aplikasi mayak,negative
sesat buat driver ongkir terlalu murah,negative
estimasi waktu kirim jam kirim nyata menit paket keren terima kasih gojek,positive
ongkir buat gofood nya mahal banget tetap good,positive
sangat bantu banget,positive
driver selalu lama nunggu dapet driver jam jam,neutral
driver banyak alas,negative
sangat bantu pergi kapan aj dn d mna aj,positive
makin kesini makin susah driver gofood cuaca cerah solusi jam tunggu chat cs gak ada solusi,negative
cepat ekonomis,positive
poko banyak keluh kesah de semangatt,positive
susah banget dapetin drivernya terkadang aku pesan jam dapat drivernya jam bisa sampe jam malam yang buat aku kesel banget,negative
aplikasi gajelas ga mencet booking tiba aja booking driver harga mahal gabisa cancel,negative
banyakin trs promo ny,positive
mantap drivernya ramah,positive
sangat bantu jalan,positive
drefer mungutang lunas hutang janji kamis minggu lalu bayar sekarang bayar aplikasi update malah bisa cek driver gofood sampai di mana,negative
mantabek,positive
cepat aman,positive
mau bayar susah scan barkot nya,negative
isi saldo gopay dr sumber dana awal udah potong biaya admin dana masuk gopay potong kenapa ga potong semua sekali aja,negative
alamat sengaja simpan lihat klik tuju alamat muncul klik titik jemput padahal tuju simpan alamat mudah cari tuju alamat tidak sengaja simpan tidak bisa di hapus,negative
sejak dulu kala gojek the best,positive
sangat sulit driver tdk bantu customer,neutral
lelet banget loading mau masuk akun,negative
drivernya ramah enak ajak ngobrol,positive
sih gagal mulu aku verivikasi wajah,neutral
stasiun tugu selalu dingetok harga kalau milih go car,neutral
masa udah nyalain lokasi sedang pakai malah pesan nya nyasar entah ini ya jlsin,negative
sering problem lokasi,negative
halo gojek update masalah kemarin kemarin ga pake voucher bukan voucher dapat kode voucher voucher emang di gojek sekarang gong ga subscribe gojek plus haha entah gojek eror gimana dari awal pake gojek selalu beli gojek plus oke kalo ga pake voucher tapi sekarang ga pake gojek plus terlalu sih,negative
eh kok makin kesini makin lama nyari drivernya,positive
guna,positive
ya udah beberapa kali dapet kendara kurang nyaman padahal tidak pakai hemat tuju ingin nyamann kendara tetap saya kendara tidak nyaman,positive
tiap mau pesan gocar drivernya minta uang lebih pasti wilayah rau gitu tolong dong gojek ksh solusi tarif yg naik masa tiap mau naik gojek nego mulu minta tambah jdi risih,negative
dong gojek adakan rok hulu riau susah nih sen makan sini,positive
kalau sen gofood hemat gk yg mau ambil drivernya,negative
nyaman untuk harga sangat jangkau murah,positive
sering ngebug ngeclose sendiri trus loading suka lama padahal internet lancar,negative
paling kesel lg buruh suruh update sial,negative
drivernya ramah layan baik,positive
bagus sangat bantu,positive
aplikasi gojek aman percaya orang yg layan driver ramah sopan cukup sekian terima kasih atas layan yg kalian sedia baik,positive
masalah dari kemarin ga driver mau ambil sen padahal udah pake non tunai,negative
lama banget driver nya terlalu pilih pilih,negative
belum pakai aplikasi sekarang alih gojek,positive
minta untuk driver suka lama,negative
pas dapet hadiah gede daily mission malah gak di claim pas dapet hadiah receh lancar banget claimnya kecewa berat,negative
gojek amanah banget,positive
sayang deh,positive
aplikasi tipu,negative
cari driver sameday selalu susah lebih jam baru dpt driver ga ky tetangga belah gampang dpt driver,negative
kadang kalau hujan susah driver,positive
kasih tau tuh mitra driver khusus gocar standart kalo gamau narik gausah ambil boro mau bukain bagasi bawa tas carier dimintain uang tambah tumpang dan anak sya umur tahun,negative
bayar lancar rp pinjam tdk cair,negative
suka pake aplikasi gojek tolong dong kalo bilang bikin fitur qris jga biar enak,positive
kenapa aplikasi nya eror gak masuk aplikasi,negative
mode gelap nya kapan rilis bang admin,positive
okh jalan ajaaa,positive
very good,positive
murah selalu banyak promo cepet banget dapet drivernya gak pake lama,positive
sangat bantu hal apa,positive
aplikasi tetap lambat ada baik,negative
sekarang go jek masuk chat orang cara pribadi berat akun gojek sdh tdk aman privasi customer gojek orang kirim chat sms d go jek buat tdk nyaman app memang sangat batu sdh tdk nyaman privasi akun bisa d salah guna pikah trima kasih,negative
sangat bantu sekali alhamdulillah puas dg layan,positive
ayo tingkat layan jangan serah,positive
simple jooss josss josss,positive
susah ekspresi inti bintang su nyataa,positive
tdk verifikasi wajah klu cera tdk kerja bebas krn ibarat jual hts diajses utama u irg ug camera depan rusak krn dapat kurang ir sdh tua,neutral
g sampe bgr bagi sukajaya najis,negative
bguss aman,positive
murah,positive
apk tolol dpt jt koin x pas pencet error wkwkwk,negative
mantul,positive
sukses terus buat gojek,positive
gojek is an application that makes it easy to pick up and drop off order food online,positive
suuiippp banggett,positive
sekarang gojek drivernya lambat datang masak estimasi menit datang nya menit lebih,negative
sopan banget drivernya,positive
aman,positive
masa hadiah juta a reward kaga masuk malah eror lah udah lapor cs yg jawab ntar aku kasih naik bintang kalo hadiah gw dah masuk,negative
bukan jam sibuk order food lama driver sekali dicancel driver malas ngambil cuma sedang bayar ribu lebih,negative
fitur layan gofood express dong naik tarif drivernya saya yg punya resto gofood suka cekcok driver karna fitur express cari driver dekat jadi otomatis customer mes banyak menu order yg pakai layan express otomatis driver express lebih cepat datang makan ready jd mau gamau jd lebih lama nunggu resto drpd pickup food reguler masa aplikator aja yg dapet tambah fitur antar express,negative
sangat profesional,positive
gopay gojek ngapain ngadain hadiah gopay coin klo pas menang benar g dapet apa dua kali hoki buset prenk,negative
menang hadiah flipcard coin tgl jam ga coinnya malah jadi ulang flipcardnya malah jadi voucher bisa gitu juta malah tukar sama rb bener aja,neutral
sangat baik promo banyak titik akurat,positive
mohon baik utama akurat maps nya poin di map geser jadi tidak akurat ada baik jemput antar kalo sinkron google maps,positive
aman jamin nyamann,positive
muas layan,positive
pokok mantap bantu antar barang yg butuh,positive
tolong sih gojek akhir susah kali dpt driver mes gofood udh brpa kali mesan gk pernah dpt driver padahal resto blm tutup loh iss pening kali lama liat gojek nih padahal dulu mau jam berapa selalu,neutral
tepat waktu nyaman nyetir nya,positive
dong min driver kalo tarif murah gd yg mau ambil padahal lihat apk banyak driver kok cuma abil yg tarif gede kecewa banget,negative
masa udah kasih tip driver nya buka antar malah ngilang dah kali kali gin trs mohon kerjasamanya prepare driver yg kek gitu,negative
ramah cepat makasih gojek,positive
event dapat jt koin dalam proses alami gagal itu jadi kali curang sangat jelas nyata bahwasanya hadia tersebuh bener bener beri dapat,negative
wkwk bagus banget apk gojek animasi saama kucinya lucu banget plis suka apk terimakasih udah ciptain apk gojek animasi kucingya kawaii,positive
pesan go food antar kurang pesan paket yg antar cuma paket lapor lewat aplikasi ditindaklanjuti tidak ada proses tindak lanjut sekarang belum selesai sangat kecewa,negative
bagus sih apk nya biasa gak tambahin obat aputik gitu biar kalo orang sakit di kos sendiri jadi beli lewat apak gojek,positive
driver antar sesuai titik antar,negative
go pinjam nya gk bulan sedih bgt,negative
muas,positive
ongkir makan engga ngotak,negative
mantapp apk nyaa sering update biarr tambah koin nya tambah,positive
amanah,positive
sering banget cancell,negative
sangat buruk dlm cari kendara tlng para dara gojek maksimal layan,negative
aplikasi tidak ribet,positive
banyak driver bikin nunggu lama banyak sengaja baru lama cancel nya,negative
an app that really helps me when i want to travel offering fantastic discounts,positive
ramah driver nyaman kami,positive
sangat mudah,positive
gak masuk akal harga makan ribu jarak kurang km aja jadi ribu mending jalan kaki gin sih,negative
mudah,positive
makasih,positive
nicee this is so good,positive
sorry updatenya sampah banget udah gbisa gabungin gratis ongkir sama promo lain sekarang,negative
kena tipu saking slow respon bgt minta bantu cs nya,negative
berat banget aplikasi nya sinyal udah bagus lot aja loading nya,negative
apk ga jelas un instal lah,negative
game bolak balok game uras ruby game rusak selalu spam balok x game gak masuk akal,negative
cukup bantu ada nya gojek transportasi,positive
jauh mantap,positive
bagus sangat bantu,positive
maaf belum makin sulit cari driver apa gimana yaa udah nambah prioritas sama ajaa ngada mau,negative
coin gopay gak masuk padahal terang coins sedang distribusi tidak mampu mending tutup aja program nya lumayan looh satu juta klo gada liat aja sistem cuma ganti sama chance,negative
makin mahal bijak mulai tanggal juli kemarin pokok sangat sangat rekomended banget,negative
henti pake jasa online mending pake kurir lokal,negative
layan muas terima kasih,positive
kirim lelet,negative
wew,positive
update malah mahal banget ongkos nya gw uninstall aja aplikasi sampah kalian,negative
gak pakai gojek navigasi gak jelas alamat benar malah arahin tempat jadi muter muter sama ojek nyari alamat bikin kesel aja,neutral
dgn selamat,positive
ajah,positive
driver muter trus klo emang ga mau ambil langsung cancel otomatis,neutral
gila udh x sen gocar sama driver acc engga gerak gilir telpon bilang order offline lah yg gada respon lah jdi mksud nerima order online apa,negative
sangat bantu sekali semua layan,positive
saldo hasil pindah tabung jadi saldo tersbut terima saya buat lapor kendala masalah dari jam hingga belum ada kembang selesai prihal kendala tolong pihak gojek tuntas kendala uang nila rp sangat harga saya langsung hidup lama beberapa minggu depan ini saya sudah ikut saran kalian tunggu balas lama jam lebih,negative
susah dapet driver ojol lama nunggunya,negative
layan sopir semua baik,positive
mantap banget,positive
bagus sangat bantu buat tidak punya kendara anak yatim piatu saya,positive
ga verifikasi wajah,negative
hebat,positive
okesiii minta aja kalau pasang makan aplikasi tuh bener yaaa masa pes harga beda nyata pas udah kata harga naik udah ubah,neutral
senang degan layan nya harga jangkau,positive
mantapppp apa yang promo si cepattt bravooo,positive
bagus mudah,positive
udah tahun pake gojek mw guna gopaylater gopay pinjam tolak terus,negative
mantap pokok asik,positive
nyebelin bgt payleter lupa ga bayar hari denda rb pdhl tagih aja ga sampe segitu pihak gojek ngasih info by wa pas udh telat ga pas jatuh tempo sih apa sengaja biar kena denda mana mau komplain cs sulit,negative
apk gaje susah login internet gaada padahal wifi lancar aja,negative
tiba tiba akun blokir semua vocer ada mau langgan paket bisa baik,negative
bangett,positive
buy indonesia,positive
aplikasi bagus cepat map nya tp kadang nunggu cepat lambat gantung drivernya pernah driver yg meng cancel lho,positive
makin lama makin mahal biaya ongkir kirim tangan resto padahal harga makan murah,negative
gas terus bg,positive
dapat coins dievent flip card notifikasi koin gagal proses akhir dapat draw a card x dapat voucher eshop parah hadiah tempel,negative
gojek oke lah kalo,positive
mantaappp,positive
driver tau jalan antar makan muter saya suruh bawa pulang cari driver tau lokasi suruh driver terima order tau lokasi mau antar,negative
promonya oke tp jaring lot pollll,negative
minimal kalo orang order jangan berapa kilo tu driveraen ambil tumpang sumpah makin kesini makin kesaanaa nii gojek,neutral
plis dong adain fitur qris soal pernah sen makan udah bayar gopay dicantolin pager pas ambil makan ga klo fitur qris bantu banget buat anak kos utama sering cashless moga depan yaaa,positive
aplikasi andal,positive
bete knp drivernya suka ambil order udah ditungguin sama sekali gak jalan titik awal,neutral
aplikasi kaga danta males keluar jadi keluar sendiri buat beli makan masa iya langgan dulu biar tepat waktu sih ga jelas banget nungguin jam alesannya resto siap makan padahal baru resto sen aplikasi bilang sendiri restonya ga driver yang mau pick up dicancel mulu kan kaga danta,negative
tambahin fitur naruh lokasi mesen makan dong masa udah kali pesan makan rumah malah taman lah rumah belah lah bahkan pernah kampus mana habis nggak dibatalin,negative
dadak hape tidak baca kontak ada hape jadi saya mau guna fitur gosend ketik manual nomor hape tuju mohon di update untuk software aplikasi,negative
payah order orang order entah mana mana nunggu satu jam,negative
aplikasi ngga jelas hati akun bayar yg seperti linkaja taut bayar aplikasi gojek tiba saldo linkaja debet rp gopay awal order gocar tarif pas chekout tarif nya ubah jadi padahal sy ngga checklist booking prioritas karena buru mau brkt lah sy bayar pake linkaja debet aneh pas tiba tuju saldo linkaja debet sm gopay besar aneh kok ya gokil,positive
driver mengcancel ikan sanski besar sen gosend udah x oper oper driver mana gabisa ngechat nya jangan guna yang denda,negative
aneh aja aplikasi gojek gak profesional baget profesional donk biar org percaya fitur yg gojek benar real bukan tipu muslihat org giur masalah tau kan game draw a card yg putar kartu yg klo di putar hadiah copay coin nahh barusan aja jadi pas main game dapat copay coin yg nominal jt nah gilir klik muncul lah kata nya maaff ganguan sistem dapat dapat hadianya kan aneh y lucu,negative
hese daftar na iraha aya lowong na atuh gojek meni jadi mitra gojek pak dedi,positive
mudah praktis transaksi lancar qris uang digital danantara presisi alhamdulillah jaya x,positive
driver nya kadang ngeselin order udah terima kaga mau jalan,neutral
masa aku sen gofood ga liat maps jala driver antar makanya biasa lihat,negative
susah kali nyari mobillmya,negative
mitra joss jiss,positive
guna gojek sejak tahun sangat bantu layan beberapa kali dapat driver kurang ramah akhir mes gofood bayar lunas lalu gopay saya sudah beri instruksi gantung makan pagar driver hubung saya saya jawab sopan respons ramah saya harap gojek lebih evaluasi layan driver langgan rasa lebih nyaman terima kasih,negative
kemudi gk balas chat,negative
aplikasi makin hancur pesan gojek tp aplikasi g driver tiba menit kemudian driver yg ojek sial x aku rasa aku byr ongkos paksa klr salah sistem jd aku unistal aja aplikasi sangat rugi,negative
mantulll,positive
drivernya males ga mau jemout ga mau ngecancel customer,negative
alhmdulilah sae,positive
makin parah pesan malah ada gojek datang uang rb layang,negative
nyata aplikasi gojek ad no tagih padahal bukan pinjam gopay later tokped cuma kata yg kurang pantas jadi mulai sekarang aplikasi hapus termakasih,negative
jos jis jus,positive
lumayan mudah,positive
bagusss sangat bantu,positive
tdk bs masuk kode otp nya email yg hpnya ssudah rusak,negative
bagus banget,positive
bagus aplikasi moga pak nadiem owner nya beri jalan keluar baik allah swt amin yra,positive
komplain makan gofood salah kirim jawab bot semua pantes pilih aplikasi,negative
mantap mudah dapat draiver,positive
aplikator ga tanggung jawab atas rugi konsumen udh buat pusat bantu ga respon udh kirim email ga respon mnding bangkrut aja sklian,negative
its fun,positive
g tau aplikasi nya gimana sen gosend abang dekat ujung ujung g chat telpon abang jadi ga nyambung akhir,negative
mantap gojek,positive
makin mahal sejak terap,negative
bug aplikasi game gocats bisa tambah power up android,negative
banyak ngelag,negative
makan cepat,positive
alhamdulillah drivernya ramah sopan rapi kendara nya awat asa suara mesin nya,positive
alam bagus terkadang entah telah laku jalan aplikasi malah mes jalan sama sendiri rasa enak sekali driver drivernya,neutral
jangan pake gopay pinjam gopay later guys tagih telat hari aja langsung ancam dibunbun omg aplikasi pinjam aja santai aja yg penting bayar tinggal kasih bunga denda aja tiap bulan bener bener dispam ancam dibunbun masuk orang dekat kata gokilll langsung uninstall deh kalo udah lunas padahal tiap hari naik gojek tempat kerja nominal rb hari pp mohon maaf ga pake app tagih x lagi siihh,negative
layan joss,positive
udah nabrak motor bapak malah kabur gak tanggung jawab,negative
gojek amanah sekali tepat waktu,positive
sangat bantu d kala lg repot butuh transportasi,positive
aplikasi nya bagus manfaat juga ongkir nya murah saran tolong mudahin daftar buat kemudi nya tumpang udah enak tinggal daftar kemudi nya,positive
gua jt flip card malah di kasih trss alas nya silah hubung sel,negative
cocok banget buat yg laper tp males keluar,positive
iklan ganggu,negative
lot ngirim pesan driver,negative
aplikasi bagus kenapa performa driver turun pantau pesan go food seperti dulu status driver luncur restoran jadi tiba tiba mau,positive
cuman promo diskon ongkirnya dikit banget,positive
padahal ga mau gojek plus malah tarik duit buat gojek plus duit buat makan sekarang makan apa,negative
sangat bantu,positive
lot banget heran,negative
layan cepat kendara aman,positive
alhamdulillah semua baik cepat sopan tepat waktu selamat tuju,positive
aplikasi sangat lambat,negative
kasi drivernya tabung aja d ambil jg sm gojek aplikasi terzholim d dunia tumpang jg d kena biaya,negative
lumayan cepet nemu driver padahal rumah sulit titik,positive
muas,positive
bilangin driver kalau bawa tumpang harus punya kembali cash ga semua orang pake gopay jujur benci banget ada berangkat kerja ojol gaada kembali even cuma rb besar kalau terus terus begini udah gamau nukerin ujung ujung males debat ngasih karna udah telat masuk kantor,negative
gopay nomor akun dipake sen transaksi tiba tiba jd gk dipake udh x tf gopay duit sy ngangkut gak bisa kembali duit akun nya udah gabisa dipake kendala nomor hp,negative
gak guna nya tidak bantu bagai sampah,negative
adain fitur maksimal order double order mulu kasihan orang saya cancel korban double order huft,neutral
respon cepat ramah tepat,positive
biasa,positive
gocar nyaman selalu siap kapan mana sangat mudah orang dlm jalan tarif yg sesuai,positive
wahai operator gojek hormat alangkah baik potong mitra kurang bagai guna aplikasi gojek terkadang kasihan mitra gojek terkadang dapat dr tarif langgan lalu kadang tarif app gojek paling mahal di antara aplikasi transportasi online lain,positive
oke oke,positive
cakep layan kadang kalo perempuan yg bonceng drivernya suka mundur sampe nempel banget kadang ga nyaman jaket yg ga semprot minyak wangi aroma bikin pusing driver siap uang kembali masa yg sen muter cari tukar uang duit rb bayar rb masa mau ikhlasin buat tips kalo ribu ribu kembali si gapapa ikhlasin aja buat tips tambah tingkat yah gojek biar ga alih yg,positive
mantap,positive
senang mengunakan apl,positive
aplikasi jajah kasihan mitra jadi sapi perah,negative
harga makan k biaya antar nya k,neutral
suka lama cari driver,positive
sangat mudah kan y aplikasi gojekk,positive
rasa aman,positive
driver nya baik ramah sabar,positive
supir grab gak mau data g gak pemberitahuan malah nyuruh konsumen yg kancel gilir yg datang malah driver lain marah marah padahal kn udah naik mobil rumah ko suruh minta bayar padahal tidak naik mobil kn aneh sudah sampe rumah baru sampai malah minta bayar,negative
aplikasi bagus banget,positive
aku pakai plus promo gopood nya jadi hilang,negative
gocats ku error gopay coinsnya gabisa masuk gabisa claim pdhl udh ku uninstall terus install tetep sama aja kurang lebih hari pdahal lumayan hemat buat gojek segera baik ya,negative
lumayan bantu,neutral
sangat bantu saat butuh apa,positive
aplikasi terngeselin,negative
ngisi k potong jadi k,negative
lama apk jalan baik terima kasih gojek,positive
sumpah ilfeel banget sama aplikasi udah beberapa kali pakai gofood metode kirim murah cancel mulu ngga dapet driver terus buat apa adain promo kalo cuman buat ngerjain doank gue udah tunggu lama lama pakai waktu ujung ujung di cancel gilir gue pake kirim extra langsung dapet driver apa coba kalo bukan ngerjain ngga usah adain promo promo kirim kalo buat elu ngerjain langgan nunggu waktu yg lama,negative
baik sopan,positive
jelek saldo masih masuk adminnya makan gaji buta,negative
uninstall bagi menu voucher hilang susah dapet driver sekali dapet malah jauh gak dihubungin makin buruk,negative
i like its,positive
mahal ga ngotak,negative
semua game hadiah coin gopay error bisa main,negative
aplikasi gojek gopay tidak muncul sepenuh tampil nya it s like loading yg bener lama padahal internet bagus fitur transaksi nya bisaa tampil nya ga tampil bahkan mau komplain bot aplikasi nya gabisa udh uninstal tetep kaya gitu gimana ya ini,neutral
mesen lama dapet driver,negative
bagus aplikasi nya kadang kalau drivernya sepuh suka bingung sama map dia nya marah marah kadang yang sedia kembali jadi tukar uang nya sendiri warung dulu,positive
jadi lebih mudah,positive
dong gojek kalau kasih driver jangan terlalu jauh nunggunya lama sama drivernya kasihan kalau terlalu jauh,positive
adu hak bagai nasabah gopay pinjam kali bayar pinjam hutang potong sesuai mau pinjam sini baik jangan jatuh tempo potong bayar sama nilai bayar bayang kalo nasabah ribu rekam layar bayar jadi ada bukti di mana saya bisa kirim rekam layar bagai komplain,negative
anyep,negative
lebih responsip,positive
cepat murah gak pake ribet,positive
lama drivernya jam gak dapet padahal uda pakai prioritas,negative
jujur titik jemput maupun tuju kadang sulit deteksi maps nya fitur telepon nya gatau hp sy yg jadul apa emg aneh suara dering tpi tampil telepon driver nya gada soal telepon sy sering alam mau coba telepon balik gabisa krn telepon belum sambung padahal sy sama sekali blm nerima telepon dering yg terus suara,negative
dapet driver nya selalu yg ramah terus gercep,positive
ssip banget jalan hr brgkt pulang dpt driver yg baik ramah sopan bawa mobil sangat bagus trmksh,positive
bunga denda paylater nya banget lupa bayar telat hari aja denda k padahal hutang gak sampe k,negative
driver nya rata cepat tanggap,positive
cepat akurat,positive
makasij banyak buat bapak bapak gojek baik hati udah saya,positive
good,positive
apk aneh naik gocar suruh bayar rb pdhl tarif harus,negative
susah bgt dapet nyaaa,negative
sangat kurang puas cepat tanggap keluh dalam pakai gocar bijaksana,negative
minta diskon dongg kan udh kasih bintang banyak,positive
keren sii lebih murah drivernya wangi wangi atribut lengkap,positive
jujur aku nyari driver ga dapet bete udh kali dibatalin,neutral
semenjak gojek mau pergi jadi mudah terima kasih gojek,positive
ga recommended promonya pelit pake layan motor mobil pake harga normal susah banget lama dapet kemudi nya ga diandelin kalau buru buru,negative
aplikasi nya bagus sering alami bug tunggu detik tunggu menit utk mes makan tlong baik,neutral
lumayan guna hari,positive
profesional banget,positive
baru dowload ni gojek masa baru masuk langsung keluar otomatis kaga jelas banget tolobg lah devoloper nya perbaikin sistemnnya kasi kan pake hp ram kaya masuk gojek keluar tolongg devolopernya perbaikin,negative
loba erorr anj ah,negative
bantu introvert,positive
ni error mulu perbaikin lah nyusahin bgt,negative
do the best,positive
terlalu lama ambil barang padahal sy ambil barang yg prioritas,negative
good apps,positive
pelang setia gojek kasi paylater akun di reviu terus jadi malas pake uninstal,negative
aplikasi nya sangat ribet warga lokal sok inggris friendly language warga lokal pis gak usah bikin apk sok inggris kalo denah nya indonesia,negative
track jalan sangat akurat jdi kira terima paket sesuai,positive
promo guna baru gak kecewa,negative
aku suka aplikasi sangat bantu aku pergi driver nya pada baik sih terus fitur juga aku baru nyoba ngantar barang aja terus kan kayak teks update gojek nya aku sering baca lucu banget pliss udah gak kasih sih jauh driver nya jadi neng makasih udah buat aplikasi,positive
sangat bantu ketika pergi,positive
makin rang batas order gofood plus nya dulu bebas terus kali hari sekarang kali hari,negative
sat set,positive
benar ada masalah aplikasi cuman baru pertama kali pakai gopaylaternya baru tau kalau denda lambat besar hari saya terlalu besar padahal aplikasi denda ini besar per hari nya bisa baik untuk bijak kasihan sekali milik akun lupa kemarin biasa gojek selalu ingat japo saya pakai gopaypinjam kenapa gopaylater gaada ingat,neutral
ya aplikasi banyak banget driver ga jelas nunggu lama driver ga kunjung dateng malah pergi jauh lokasi jemput chat ga respon bahkan minta cancel adain fitur lapor untuk driver kalian ga jelas proses penjemputanl bahkan simpan banyak sekali riwayat driver kalian ga jelas kirain bakal baik nyata sama,negative
muas yg gocarnya hampir saya pesan selalu gk jalan mobil drivernya gk chat d batalin gitu biar biasa cari yg saya nunggunya tengah jam an jadi telat pdhal mau anter ortu periksa,positive
bener bener bantu,positive
tolong klo ngasih driver yg deket bukan yg jauh,neutral
heran aku sama gojek kalau aktifin kasih order sepi kalau gk aktifin kasih ingat serba salah kalau jadi driver gojek,neutral
gojek apk sampah jarak yg tempuh sama ongkos beda rb rupiah dasar sampah,negative
ditelfon gabisa buat pesan gabisaa malah off pesan kalo buat aplikasi bener dong bikin emosi aja,negative
bagus sih apknya tolong sedia fitur qris dong klau dari gopay ribet banyak kali apk harus didownload,negative
ga suka bgt susah bgt dpt driver kalo hujan habis hujan padahal udh pake gocar prioritas gara ga saya telat kerja potong gaji,negative
sangat bantu utk aktivitas,positive
sangat bantu,positive
aplikasi banyak manfaat,positive
apa gopaylater paylater cuma ribu denda hari pertama udah ribu aplikasi riba,negative
masa customer marahin sm driver,negative
aplikasi nya oke cuma driver aja suka respon pesan,positive
mantabz,positive
moga manfaat kalang bawah saya,positive
jarak nya padahal deket tp mahal bgt,neutral
like,positive
sangat bantu customer sesuai butuh,positive
kembali tempat klaim voucher gofood akun padahal seblumnya baik aja beli martabak pake voucher malah tempat klaim voucher makan akun gofood hilang ga sama sekali di baik sistem udh apus trus fownload ttp hilang,negative
sangat bantu sekali,positive
parah sen makan mahal ga anter bukan nya selidik malah esai cs nya uang hilang makan hilang,negative
bad bgt dah laper nya pesan malah stuck masa udah hampir satu jam mas ga nemu driver bete bgt gw udah nunggu lama malah suruh batalin mana ga kompensasi apa udah nunggu lama first time gw pesan makan apk dan langsung kecewa duhh ga bgt deh,negative
lebihh mudah pesan apa aja tapi harga,positive
layan sangat ramah,negative
bagus mudah guna,positive
aneh sen goride lama bener nya padahal sekitar banyak gambar motor nya parah buruk,negative
kecewa berat sama gojek gopay later di blokir uninstall aja,negative
mantap promo nya keren hebat,positive
sen go food driver nya lama,negative
lagi buru buru udah pesan mobil ngga datang datang malah muter muter buang buang waktu banget mending pesan via app lainn,negative
aktifin gopay later karna salah pin langsung blokir,negative
mudah jalan,positive
sukses selalu apk gojek salam aspal mantan driver tahun,positive
gofood kalau sering mesen menu yg sama diskon diilangin kadang lihat apk ijo yg buat dapet harga tarif masuk akal tarif gobikenya gitu lebih hemat ijo belah,negative
bintang penting kasih promo terus,positive
terima kasih pak nadiem,positive
oke banget,positive
parahhh ah brp kali top up m bank ngak masuk top up nya,negative
mudah oprasi kan kerennnnn,positive
sen gocar kata mnt jadi jam lebih pikir orang ga sibuk apa,negative
login susah coba nunggu menit payah,negative
layan kurang muas karna banyak seperti atribut kurang layak guna kondisi kendara kurang optimal ganggu nyaman juga sering kali driver nya enggan bantu angkat barang bawa dalam kendara,negative
lebih cepat mudah hemat biaya jadi,positive
tambah fitur share location dong min,positive
good josjiss,positive
udah login ga ke buka yaa,positive
bagusss bantu bgt,positive
iring tumbuh teknologi sangat pas app gojek ini publish layan butuh konsumen,positive
ongkir murah,positive
suka aja sama gojek ada nemu yg aneh aneh alhamdulillah,positive
kalau males luar tinggal pesan aja,positive
jadi mudah buat beli makan luar,positive
aplikasi guna berangkat terima kasih cipta aplikasi,positive
wooii gojek duit gue bom masuk,negative
mau tau smpe jam brp duit dibalikin sama gopay soal udah tgl hari senin siang top up ga masuk masuk klo cuma rb gpp jt duit mau pakai malah ga jelas nya sedih miris nahan laper kasi anak mau makan jajan ga karena uang yg niat pindah gopay biar jajan bayar qris transfer gratis malah nyangkut topup sisa gaji buat jajan makan anak anak istri jadi gak deh astaghfirullah gopay gopay allah allahuakbar,negative
enak banget pake gojek voucher nya sangat bantu maps nya lengkap jadi ga khawatir kirim barang pake go send,positive
ilove gojek,positive
okesi,positive
hadeh nunggu driver lama banget sampe jam dichat gak dibales telpon gak angkat gilir cancel marah marah biasa gak pernah kaya gin baru kali kecewa rasa baik kali gak muas,negative
evaluasi drivernya makin hari makin kurang ajar kadang cuman nanya posisi malah respon mesen paket hemat bnyk mau wkwk gjls bet responnya di bandingin driver apk gojek lebih banyak driver nakal kurang etika,negative
area manado tarif bawah ribu driver mau ambil order order gocar,negative
good job good jek,positive
resto tutup komplen gk respon resto udah tutup n pindah ngapain di kasih akses buat jual kalau kayak gin cuma susahin driver ma langgan saldo gopay hilang,negative
pas mau mesen muncul erorr lokasi enggak benar padahal lokasi udah dipastiin bener awal mau sen udah kecewa,negative
lama aneh driver chat baca doang tlp mati biar sngaja yg cancel,negative
lumayan makin depan,positive
aku suka sekali naik gojek driver nya ramah baik bawa kendara jg ngebut terus barang bawa jg sedikit mantap pokok gojek,positive
request gojek di nias kalau mana susah nyari driver yg punya waktu free jadi sangat kalau mana,positive
pleaseeee yahhh nagihnya jangan kaya setan hari jatuh tempo pagi udh telp x padahal telattttt gilaaaa sih emang,negative
tenyata drver gunain hemat drver naek level doang kata abang drver bisa layan hemat pantes aja ngorder hemat drver nya jauh,negative
jelek bngt sistemnnya,negative
gojek is a very helpful app for daily activities it makes transportation food delivery and other services easier and more convenient,positive
aplikasi payah,negative
aplikasi all role,positive
perlu ubah kolom catat posisi atas masuk resto tidak masuk driver akan sebab miss komunikasi ada langgan yg request makan lewat kolom sebut masuk ke driver karena driver resto terkadang makan langsung jadi tidak semua langgan faham,neutral
aplikasi sangat bantu,positive
aplikasi kapitalisme mesen makan mahal bgt fee nya,negative
driver nyaaa bagus bagus,positive
first time aku pakai gojek hahaha alhamdulillah lancar jaya,positive
mahal,negative
tetep best,positive
wahai kalian customer goride biaya layan biaya jasa aplikasi naik apa kalian diam nikmat ongkos ga masuk akal,negative
dpt driver nyolot banget,negative
terima kasih bantu kasih bintang satu,negative
mantap celaaak,positive
drivernya kondisi pilih paket hemat hak jika layan bisa baik mending pake transum jujur sangat nyaman dengar omel driver bicara masalah argo bukan urus dan fitur resmi mungkin saran untuk go jek pikir gimana cara biar driver rasa rugi paket hemat,negative
b juga,positive
mantaf jiwa,positive
sangat bagusss,positive
statement dr gojek mau kena denda klo batalin pesan aduhhh gmn dah lama gk pke aplikasi walaupun mas terinstal d hp cm utk naik kereta doang krna skrg kan maxim klo go food shopee yg lbh murah byk diskon pke diskon gk ribet,negative
hari kenapa mahal sekali tarif biasa ribu jd ribu yg regular jd ribu dr ribu udah kapok pake gojek,negative
terimakasih bantu,positive
jauh bagus bagus tahan,positive
more disc pls,positive
sangat bantu ama,positive
sekarang mah udh ga cancel padahal ga sengaja kepencett males gua mending instal apk belah,negative
makin lama makin sulit dpt driver pagi sore harga mahal doang tp driver susah,negative
bagus driver nya,positive
alam top,positive
gomart bisa batal padahal toko tutup kasi driver dapat,negative
pesan makan kalau ga telat telat kocak aplikasi apalaaah susah dapet driver jugaa bagus shoopefood bujan buzzer ini akun real akun kenyataaan keburu angkat saberr mau makan ajaa lamaa,negative
jelek layan mitra asal nampung orang aja orang ga didik terima malah bikin resah,negative
super app that offers transportation food delivery digital payments and a wide range of daily services in one platform,positive
ongkir tak wajar otomatis uninstal,negative
sangat bagus rupa layan digital yg mudah,positive
susah banget dapet driver heran,negative
pihak goto sudah beberapa kali hari buka apk nya coba untuk servernya lebih baik masa lagi internet bagus gabisa buka gofood bilang malah yah internetmu mati kan sya mau sen makan gtu uang nanggung udh di gopay yg malah kesel nungguin ada pasti,negative
minimal kalau resto tutup langsung dicancel order nya jangan udah nunggu jam baru dicancel,negative
kenapa go jek ku keluar keluar terus,positive
pak nadiem moga bebas jasa nya masyarakat indonesia lebih besar,positive
ada opsi pilih voucher diskon susah dapet driver,negative
hampir jam gak driver gofood gak cancel terus di cari driver padahal udah gak mood mau makan udah lama masa mau sen makan aja butuh jam,negative
great apllication,negative
rugi,negative
tele tele banyak tawar ujung nya upgrade harga padahal klo bayar pasti lebih klo gin jd males kasih tip,negative
buat driver gofood jangan ugal ugalan sampe mau nabrak orang utama samarinda sekitar pukul jl cendrawasih pake nmax putih,negative
dong sistem gofood nya baik kecewa berat tunggu lama eh dapat driver,negative
makin kesini makin gak enakin pesan makan jadi jam ambil jam makan jadi gak fresh dingin harga offline sama gojek beda offline aplikasi,negative
mesen udah nunggu lama malah dicancel kalo karna promo ongkir driver jadi gamau ngambil gaperlu opsi buat promo ongkir,negative
promo jadi jarang mahal bgt,negative
pesan goride cepat harap cepat driver jarak dekat malah kasih posisi yg jauh titik jemput nunggu menit lebih serba salah mau pesan pas di transum kasi drivernya nunggu lama kalau tempat jemput baru pesan eh malah zonk terus fungsi goride cepat kalau gitu,negative
pesan solaria gofood jam jarak km rumah jam sangat cepat bukan estimasi menit nyata butuh jam menit sungguh cepat sekali,negative
sangat hemat aman nyaman guna gojek sangat murah sekaliiiii pokonyaaaa gunakannnnn gojekkkkkkkkkkkkkkk karna sangat hemat murah,positive
tolong buat driver kalo misal dapet order jauh gatau jalan mending gausah ambil order nya soal sangat repot buat tumpang juga hp nya siap benar siap pakai tidak kendala rusak,negative
gojek aplikasi karya anak bangsa awal cuma ojek online sekarang udah jadi super app layan lengkap banget goride gocar buat transportasi gofood buat sen makan gosend buat kirim barang gopay buat transaksi digital gomart goshop buat belanja butuh,positive
terima kasih pak nadiem cipta gojek,positive
apk mudah tunjang aktivitas banyak keuntunganya,positive
keren sekali,positive
selalu pakai gojek tadi pesan gocar nunggu jam jam pesan balas tlpn tdk angkat maps jalan maksud kalau kendala jalan macat yg nya kabarin jangan bikin nunggu mau cancel gak enak posisi dekat sudah dekat posisi driver malah jauh alhasil lama untuk nunggu chat ga di respon baca doang ada ngirim beberapa pesan tp ad jwbn dr driver,negative
pinter gocar skrg order terima tp ga jalan gara fitur batal order konsumen beban perak yg uber waktu otomatis cancel bbrpa driver yg sengaja ngulur waktu oenjemputan kalo sekira jauh banyak kendala mending ga ush ambil order njir males pke gojek skrg makin ga jelas promo jg khusus oengguna kartu kredit doang,negative
apk ngebantu bgtt buat aku mageran buat beli makan pulang pergi kerja jg ongkos nya murah thnkku uda nyiptain apk,positive
aplikasi bagus driver nya saya semua baik ramah,positive
jelek bgt mo login buat sen gofud pakai verif wajah gagal terus parahnding pake grab,negative
murah jir,positive
dah app rusak beri lapor gak tanggap gajelas bgt,negative
order go send harap nomer asli bisa whatsapp banyak custumer tidak mau angkat telpon nomer tidak kenal kira tipu soal,positive
banget layan gojek lama sy guna,positive
aplikasi oke,positive
macam apa pesan gak semua driver pernah pesan gak pernah beri rating jelek ongkos selalu kasih lebih l dah lah kecewa berat terimakasih gojek atas layan nya hasil bikin kecewa padahal awal selalu pakai,negative
apknya bagus cuma kurang qris metode bayar,positive
telah guna lokasi tetapi driver sesuai lokasi,neutral
manfaat,positive
dong gojek gocarnya kasih ingat kalo lama jalan main hp terus,negative
redup aja lu sono,negative
cepat mudah untuk atas masalah perut jg transport,positive
so far sih bagus bgt bisa mungkin gojek sistem yg ingatin buat tau kalo bayar ambil langsung dr gopay dong krn drivernya jg kdg gk jujur n lg gk fokus krn buru,positive
apk baik yeyyyyyyy,positive
mudah pakai,positive
aplikasi mudah nyaman banyak promo,positive
god job,positive
kontil,positive
aplikasi paling sampah pernah gua download sama gopay gojek sampah,negative
murahin,positive
lama cari driver driver sepi,negative
sangat muas recommend,positive
driver nya kaga ad yg mau ambil hemat,negative
sangat bantu butuh terimakasih gojek tingkat layan utama kondisi kendara yg awat helm bersih savety driver yg ramah sopan baik,positive
lebih praktis sangat bantu,positive
sekarang sen gojek lama,positive
cepat order neng suka hemat,positive
hampir minggu akun terima gopay coin alas gak jelas gak niat bagi hapus aja fitur bagi coinnya aktivitas tidak wajar apa,negative
aplikasi layan transportasi butuh hari hari fitur lengkap pesan makan kurir belanja bayar digital,positive
jelek jelek jelek,negative
bantu bgt kaum rebah aku,positive
selalu aman nyaman pakai aplikasi gojek,positive
dapet driver lama pas udah dapet drivernya ga gerak,negative
ngasi promo gede driver ga yg ambil percuma kasi diskon,negative
sangat bantu sekali saat mau keluar jauh jauh cari makan minum,positive
woi bener aja lah masa ganti sama lebih murah sen salah ga komplain grabmart,negative
sangat bantu umtuk rantau,positive
suka kesel kalo driver mobil gk nyalain maps ny gimana lah customer greget ngeliat maps nya gk gerak,negative
tahun tahun pakai aplikasi benar ada masalah tiba tiba semua promo hilang waktu uninstall aplikasi terima kasih buat sama lama mungkin akan pindah aplikasi grab antar makan ada promonya shopee food terima kasih go jek kalau kasih waktu hari kembali promo akun saya,negative
sinyal eror,neutral
layan gofoodnya cari mana ditampilin jenis sama sih nama toko beda kan ngak sama rasa,negative
isi aneka ragam tp butuh utama sy adl transportasi itu baik sekali shg sy tdk perlu aplikasi lain,positive
aplikasi terlalu bagus top up masuk sangat telat,negative
aplikasi sangat manfaat jadi andal tiap hari layan lengkap proses cepat alam guna gojek selalu muas terima kasih tim kembang,positive
tipu pilih priorotas harga naik janji dapat driver lebih cepat bohong nyata banyak driver lebih dekat posisi mes malah yang jauh untuk goride comfort kena tambah di driver cuma sedikit keluh jawab pasti jawab bohong,negative
error g jelas jaring bagus muat halaman g,negative
aplikasi makin parah d stasiun kereta bandara lapor k shelter gojek kaya orang baru aja nyari nyari shelter gojek parah oarah,negative
klo malam susah mau pesan goride,positive
sangat bantu saat perlu mudah sekali booking nya simple praktis cepat trimakasih,positive
terimakasih yak mass nya baik sekali,positive
aplikasi yg sangat bantu banyak diskonnnn,positive
bisa ganti alamat yg salah,negative
baik,positive
enk,positive
keren selalu di segala suasana,positive
tampil baik harga jangkau,positive
seperti banyak bantu iring jumlah duduk,positive
baru pinjam k cair ga sampe cicil pertama udah bayar malah teror suruh bayar aneh,negative
sangat baik lebih cepat murah hemat,positive
cepet engga ribet,positive
kasih bintang tiga karna entah pernah login pakai nomer akun google mana pas saya login kok sudah pernah buat akun mau ganti nama tautin akun gmail kok nunggu jam kata baru ganti aneh baik sistem nya,neutral
driver,positive
parah top up e money saldo potong ga masuk komplain cs di cuekin,negative
an all in one app that makes transportation food delivery and digital payments fast convenient and reliable,positive
bintang,positive
sya udah lesn beberapa kli susah cari driver nya,negative
makin kecewa gojek bukan makin pihak user malah jadi buat sengsara user bijak cancel duit akan kembali dulu member juragan sekarang kecewa ingin guna,negative
susah cari driver nya padahal ibukota dapet nya jauh udah nunggu lama eh malah batalin sama driver nya hadeh parah,negative
sangat buruk tidak selesai masalah,negative
siiip,positive
aman d jalan,positive
bikin emosi driver dpt bintang order accept ga nyaut chat ga bales ga baca kok bs bintang kek gitu laku nya klo bs nyalain rating user driver bkn di angkut kalau emank ga mau narik ga usa accept order bego bikin emosi aja org nungguin gw biarin aja driver cancel biar kena suspend bikin emosi jd males gw pake gocar mending belah murah acc jemput di chat lsg jwb,negative
lebih banyakin bonus nya min,positive
nyari driver sekarang sulit anjir,negative
aplikasi langgan,positive
layan bagus,positive
ada aplikasi sulit cari kendara umum jemput antar depan rumah,positive
tidak dapat promo gofood waktu awal awal banyak promo nya,neutral
memang banyak bantu ada banyak yg bahasa nya sopan bayar telat denda kira yg wajar adakala semua yg guna bukan orang yg babyak duit bila orang yg banyak duit yakin gak bakal pinjam aplikasi,neutral
gmna kali dah nunggu lama lama tpi driver gk gerak sekali gerak malah jauh drivernya bilang dong klo misal gk mau ngambil cancel aja pak kita dah nunggu lama lama malah bikin kesel sendiri customer klo ngecancel susah pak buat dapet driver tolong dong dibilangin drivernya klo misal gk mau ngambil chat lgngs cancel gitu jgn buat orang nunggu,negative
saran aja gofood adain fitur hubungin kontak jual dulu order biar bagai beli customer pasti dulu restonya buka tutup beberapa kali alam apk nya buka terus udah order udah driver eh nyata restonya tutup kalo status makan disiapin kan udah ga cancel sih repot butuh waktu cukup lama keburu kelaperan kasi kan driver nya udah jalan tuju resto,negative
terimakasih sangat bantu,positive
banyak promo mudah aktifitas,positive
wide food selection frequent promotions fast delivery,positive
mohon maaf bagai customer rasa kecewa sistem go car ubah rute hitung x pesan kilometer hitung ubah rute lebih jauh kena markup sedikit bukan kena markup x lipat,negative
jadi milu hari driver datang d titik jemput minta gk lewat tol jawab gk mau padahal d arahin yg lbh deket malah marah marah ngajak antem nyiapin besi d pinggang,negative
ajarin driver lu enak cancel minimal hubung customer,negative
lamaa driver kmna,neutral
tengah jam nunggu driver ketemu sekali dapet pada cancel pesan mentang mentang harga murah jadi enak cancel pesan orang gitu mohon depan lebih profesional untuk drivernya terima kasih,negative
gojek mah hama jalan hapus aja indonesia gajelas banget orang orang provokator,negative
sangat batu,positive
sangat terima kasih sekali dg ada aplikasi untuk butuh aktifitas,positive
drivernya ramah banget,positive
gojek ter poko cmn sekarang kl pesan gomart ongkirnya mahal banget kurang faham jd ubah selain ok banget guna setia gojek,positive
mantap simple,positive
di suspend driver accept tidak kunjung balas chat malah jauh diam,negative
customer service bantu beri solusi mau guna apk aja sangat bahaya customer,negative
sangat terbantuuu sekaliii terima kasih,positive
mohon gojek aplikasi nya sering log out sendiri,neutral
suka maka gopay bnyk kali fiturnya saat bth aju pinjeman,positive
gojek mana mantap,positive
aman nyaman tepat cepat terimakasih sangat butuh antu,positive
drivernya terlalu gak profesional nunggu lama malah dibatalin sma driver itu ulang kali bukan sekali masalah paling utama aplikasi gojek drivernya,negative
drivernya malas suka pilih pilih order,negative
sangat manfaat bantu,positive
bagus mantapp,positive
gen z bgtt kakak wkwk suka bgtt deh sama gojek cuman kadang kalo gada diskon yampun harga bnyk bnyk diskon aja minn hhh,positive
bagus banget untuk perlu darurat,positive
rekomendit,positive
sekarang sistem pilih drivernya jadi lebih lama seringkali posisi driver yg pilih bukan yg dekat lokasi mes,neutral
akhir akhir sulit dapat driver pesan makan hampir jam tunggu tak kunjung dapat driver baik saya lapar sangat beda jauh aplikasi belah gak menit drivernya,negative
jam lebih nunggu gak dapet dapet perut udh laper order lama batalin aja nunggu menit tolol emng,negative
yah mesan gofood lama sekali driver punya akun godriver gak pernah tuh lancar order apa krn semua gofood beban driver yg ambil goceng an ongkir nya gak ngotak mahal promo langgan hemat tapi tetap aja mahal banyak batas nya,negative
ih sumpah ye geger bgt sama ni aplikasi order kendara sama makan nya sih oke oke aja gojek plus nya bintang deh panjang otomatis terus kirain bakal di kasih tau kapan henti eh nyata gak mana pas udah pke gp gak beda nya sama harga normal,neutral
keren tranportasi kilat layan muas,positive
mantap dahh,positive
sen gocar kalo pulang kerja kadang suka lama banget banyak driver nyepelein banget harus kalo emang ga mau bilang bales pesan kadang suma diemin deh gojek,negative
gojek sangat muas bila transaksi guna gopay driver terlalu banyak pilih tarif tumpang yg terlalu murah titik ngantaran juga titik jemput luhak driver terlalu jauh kepada pihak gojek belah agar langgan rasa kecewa di buat kesal driver,negative
ongkir gofood ga ngotak terlalu mahal lah gofood jangan terlalu besar kasih harga ongkir,negative
pindah maxim ggojek drivernya lelet semua,negative
mantep asoy,positive
driver antar makan sesuai terima benar cs sangat bantu makan sampai bilang sampai cek tetangga sekitar terima mungkin driver laku tipu bahkan chat tidak ada jawab driver kait lebih utama sangat kecewa cs bantu hanya cek via sistem otomatis konfirmasi driver sangkut,negative
sumpah jek food lu mahal banget resto km biaya tangan kirim k resto driver cuman nerima k gokssss,negative
kemarin kasih bintang tpi sekarang kasih bintang kalau di bawah bintang gak papa perkara nunggu jam pesan tdk yang mau ngambil driver nya sangat bikin costumer kecewa,negative
apk gajelas gofood pke kirim cepat byar mahal sering telat trus ksih voucher doang buat males gilir mke mode hemat g driver yg ambil gajelasssss,negative
tadi lepas maghrib saye order gofood lama driver nya kali order lama masak sesuai waktu nya batal kan saya beli nasi sendiri terus jam driver antar pesan siapa mau makan uda kenyang beli sendirri nunggu driver kambuh mag,negative
keren cepet,positive
kali pesan gofood driver ngga dibatalin sama adminnya,negative
tindak driver selalu cancel mesan sangat rugi buang buang waktu consumen pesan makan awal jam tengah tuju hingga jam malam selalu cancel driver di tindak tegas,negative
saldo rb an gak pakai pakai saldo aplikasi jelas tera rb an kembali uang,negative
buka gojek loading terlalu lama isi konten aplikasi terlalu banyak sebab loadingnya terlalu lama muat fitur fiturnya moga pesan baca dapat solusi baik terima kasih,negative
kirim cepat tepat,positive
hello ga ngerti maksud goride murah kita dapat lama lalu rugi sisi driver krn mrk terlalu jauh customer rugi pihak customer krn waktu buang akibat program selalu matching driver yg jauh bs menit tunggu dear gojek please ve creative and sincere in helping your customer,negative
ongkir ga ngotak,neutral
cinta banget sama gojek,positive
gojek sangat bantu aplikasi baik,positive
aplikasi keren sekali,positive
marvellous,positive
ga login,negative
cepat sampai,positive
hapus potong vendor rb tiap minggu utama buat gocar bal kasi sopir,negative
selalu manfaat tidak bawa kendara,positive
aplikasi jelek udh nunggu jam jam menit akhir gak update jalan nya yg muncul tombol batal doang,negative
kerennn i like gojekk,positive
aplikasi sangat guna,positive
mudah cepat,positive
lumayan bagus,positive
jemput jauh,negative
banyak pernah pesan car semua drivernya judes padahal senyum ga salah udah niat kasih tip pas tau drivernya judes jutek jadi males ngasihnya dong aplikator kasih tau driver car nya biar ga judes,negative
gajelas mesen gadapet driver terus,negative
pakai cancel fee yg bener aja,negative
nice apk,positive
on time,positive
bagus mudah berangkat pulang kerja,positive
kadang ramah kadang kaga,positive
bagus nyaaa,positive
baru maps nya dong mau sen jarah jauh nemu driver kadang ga tau jalan tuh bingung mau pastiin posisi jemput yang benar kadang di maps driver nya menit nya udah deket drivernya nyata jauh banget bikin kesel aja,negative
good deh,positive
sekarang kalau batal kena biaya customer lha kalau driver jauh terus gak mau ambil bagaimana,negative
tukang gojek nya goblogggggg eh malah gua kasih bintang jelek,negative
cepet,positive
sangat bantu segala,positive
kuno banget pakai qris donk gofood nya,negative
ribet susah banget dapet driver padahal banyak gojek sini terus maps selalu salah ga sesuai titik jadi driver nyasar makin lama makin gajelas nib gojek,negative
bingung sama gojek pinjam sekarang gak bayar per tanggal pinjam malah pinjam per bulan aneh mana costumer service gak yang dihubungu,negative
njay,positive
jelek,negative
kenapa aplikasi cuma di data seluler doang dah udah ngecek atur hp gaada apa hama sumpah,negative
mau langgan disney sudah coba cara dapat kode via otp tetap telah guna cara tetap minta pin gopay harus langsung opsi lupa pin gopay biar lebih mudah jadi marah fitur aplikasi yang sedia langsung opsi lupa pin gopay paham langsung opsi lupa pin gopay biar mudah langgan disney,negative
driver selalu mau gerak padahal jarak dekat,negative
alhamdulillah wasyukrulillah saesedoyo,positive
kasih bonus terus,positive
sangat puas,positive
iya kangen,positive
garcep,positive
mudah guna,positive
scam topup gopay promo hilang n,negative
sen makan yg mode hemat apus aja gk di cancel terus,negative
saran kalau layan tranfortasi antar kota jarak jauh antar provinsi kadang ada butuh desak konsumen,positive
dapet driver lama sekali dapet kaga mau jalan alias gantung sekarang cancel malah bayar wkwk yg bener aja,negative
aplikasi bikin semua jadi asa mudah,positive
top,positive
susah dapet driver nyebelin,negative
jelek banget layan bantu ga jelas,negative
kalo kolom cari lokasi tuju ditambahin fitur scan qr karna sekarang di surat undang banyak yg share lokasi pake barcode utk mudah guna aplikasi,positive
halo pihak gojek dong top up saldo gopay belum masuk tadi jam lebih top up belum masuk sudah buat lapor tidak kembang lapor mohon segera selesai masalah,neutral
sangat cocok,positive
sering error maps ujung cansel padalan dah nunggu lamaaaa,negative
baik sistem kl driver go food benar benar resto jangan diijinkan ubah status jadi tunggu resto skrg hampir semua driver status tunggu di resto baru datang beberapa menit kemudian bahkan lebih menit kemudian berantas driver curang,negative
cs nya gaada bantu sama sekali,negative
mantap bonus ongkir terus tiap psen gofood moga terus,positive
mitra banyak lawan bsd bintaro tangsel udah gitu plat nomor belakang ga dan plat belakang tutup buat apa emang kasih bintang dulu jangan baper,negative
lambat driver nya,negative
aneh tiap claim koun masuk akun muncul notif deteksi aktifias wajar,neutral
aplikasi oke mudah guna,positive
jelek susah buka,negative
minta update mulu males,positive
mudah untuk pesan makan lapar,positive
aneh,negative
sangat bantu,positive
resto kontolllllllll,negative
ramah profesional dreverin,positive
cancel driver masa kena fee sih rata tumpang cancel karena drivernya gak mau ambil ntah jauh posisi ga gerak ini jadi yg kena fee maruk duit dah padahal udah biaya,negative
akun belum untuk ambi reward gopay coin,negative
sangat puas,positive
bantu sekali d,positive
coba dulu,positive
solusi segala kondisi utama urgent mau beli obat buat yg kayak sekarang,positive
moga depa grab lebih bijak beri banya bonus driver tumpang terimakasih aplikasi gojek,positive
mudah pakai,positive
layan cepat,positive
magantegeb,positive
sering tolak driver laper laper nya uda tungguin malah batalin driver nunggu hampir jam,negative
dapet driver kli bukan malah dekat malam jauh jikalau tdk mau ambil pesan bilang sj bukan malah diam buat customer jadi nunggu terlalu lama cancel driver lama kalau driver ny tdk mau bintang turun jgn rugi customer egois ingin satu pihak sj yg untung customer rugi tdk recommended kalian pakai apk kecewa sekali saat saya dlm ada desak kalian malah abai pesan saya,negative
akhir akhir banyak sekali driver yg kurang sopan gitu entah cuek bahkan ada yg berani minta nomor whatsapp saya udah mulai buruk sih layan gocar ya kita dalem mobil jadi gak nyaman,negative
agen ga kasih solusi gojek ga kasih kompensasi buat nunggu makan yg ujung batall jam lebih tunggu apk ampas kata nih buat indo ga se hendel apk belah,negative
mending pakai aplikator,negative
tangan cs gofood sangat lamaa pdhal sdh jelas struk nya tpi item tdk kirim driver komplain tempat krn item yg kurang jawab tdk tahu coba telp tenant nya gedeg banget,negative
top markotop abang nye,positive
gojek mantap ramah cepet,positive
sip pokok,positive
dong adminn link power up gocat ku erorr klik malah masuk playstore duoonggg huftt,positive
good service,positive
driver nya sekarang sering ga jelas,neutral
image masyarakat yg anggap aplikasi bagai aplikasi selingkuh hilang hapus fitur chat antar langgan biar di pakai selingkuh,negative
alamat lengkap pake google map dulu update,positive
aman akun lebih ketat jangan aku tiba ubah sendiri kemudian layan goride rasa sudh booking goride kenapa jadi bookingnya dobel alhasil datang jadi driver mau gak mau driver ke di batalin,neutral
mau masuk aja susah langsung copot susah login,negative
sangat bgus,positive
drivernya macet dikit minta cancel,negative
booking driver kemudian batal aplikasi tetap cari driver padahal kan batal sangat ganggu sudah rumah ujug ujug driver tunggu lokasi jemput kan kasihan drivernya jadi tolong benerin seperti kalau guna batal booking belum driver jangan cari driver,neutral
bagus bangett,positive
gapay mantul,positive
mantap mudah,positive
tiap pesan gojek kok lama ganti driver jangan sortir ongkir besar aja ongkir kecil kalian hirau mohon kerja sama,neutral
susah driver lama banget driver suka banget ngecancel tiba padahal mahal bagus in drive noh murah kalah jauh jg nih sama grab,negative
lot parah error mulu,negative
alam okeee,positive
okeeeeeee,positive
mantul banget pak layan smg sehat sukses berkah dunia akhirat aamiin tksh,positive
pesan batal terus baik aplikasi,negative
aplikasi sangat bantu mudah jalan meski banyak beberapa driver suka pilih order,positive
nyaman beri mudah,positive
ppk lama bangettt udah nunggu jam ujung nya dibatalin otomatis benerin deh sistem,negative
gampang cari fast respon,positive
sangat bantu bagai perlu,positive
aplikasi bagus kenapa metode bayar hapus aplikasi hubung padahal aplikasi hapus di gojek tidak bisa hapus,positive
ya kak kalau driver gamau ambil sen gausah ambil jujur nunggu lama bangeet drivernya stuck situ terus chat blio cuman read gada respon dua suruh cancel pas jalan udh lumayan jauh alesannya takut potong saldo padahal bayar pake cash bahkan masih jauh mau diturunin omelin sih pas udah sampe tuju alesan gaada kembali fyi saya tawarin qris blio alesan akhir saya ikhlas,negative
aplikasi kena hack paylater pinjam hubung g cs ny tau tiap bulan ancam tagih klo respon semakun ancam takut in cari celah salah customer usaha kantor wakil tempat malah suruh jakarta kantor tempat layan customer layan driver lbh baik hati jangan sekali daftar verivikasi paylater pinjam aplikasi tiap transaksi butuh password aja email di retas g pemberitahuan,negative
loading lama padahal jaring bagus,negative
apa sih malah jadi kena biaya cancel,negative
tadi pagi mesen gocar driver linglung dangdong awal barber malah bilang di spbu duit ambil k buat driver linglung,neutral
cepat murah,positive
bantu banget atuh,positive
dong baik sistem customer order x rugi driver sudah pesan beri notif popup order dua order belum tidak ada jadi customer double order goride,neutral
aplikasi ada respon cari frezee tiba tiba drivernya muncul aneh,positive
ana gak daftar login baik,negative
bagus bange aplikasi sangat bantu,positive
min kembaliin dong uang aku udh top up malah gak masuk gopay aku anak kos loh uang segitu lumayan buat minggu huhuhu sedih baru kali kena tipu sama aplikasi yg kata awasin ojk aku dh nunggu loh kak kemarin sekarang uang blm balik minta nunggu mulu muak aku,negative
driver lu noh gak mau jalan padahal deket gegara jauh cenah lagi gue bayar gak gratis,negative
rasa aman dgn gojek,positive
rekomendasi,positive
canggih,positive
kecewa akhir november tagih pay later walaupun nominal ga berapa ini rusak citra gojek reputasi jadi kurang sy inboks kena tagih sebut lewat hari bayar kena denda hari yg lebih lucu kenapa koq pemberitahuan diinbox nyata hilang sendiri memang sy saat ada desak pakai pay later di akhir oktober lalu sudah bayar tagih besar ribu ga masalah yg jadi masalah akhir november kemarin,negative
bagus gampang murah,positive
aman nyaman,positive
kirim barang pergi tuju tempat tuju lebih mudah aman,positive
gojek car pernah kecewa sopir yg aku ramah,positive
mohon evaluasi malas pake gojek soal drivernya cuman menuh in database ga niat kerja sering dapet driver diem doang tempat menit dichat diabaiin,negative
dong yaa gojek baik saya mesen udh dri tadi tpi posisi driver gerak sama sekali padahal sen gojek cepattt tpi sampenya lama,negative
driver gocar kdng malas jemput alas titik jemput jauh padahal sudah pilih ngga hemat kalau yg hemat,neutral
buka lai bagus gilir buka gojek langsung blank gajelas,negative
eh gk iklan jgn dmn lama ku uninstal jg ni gojek,negative
gak jelas pagi susah banget pesan driver error terus,negative
akun dulu pm sebab banding langssung suruh pulang kalo mau hidup si suruh bayar hidup ga,positive
transport baik,positive
gojek satu satu aplikasi transportasi yg aku pakai,positive
bagus sih aplikasi cuma kesel aja sama drivernya nyuruh batalin kata jauh bilang warung tutup ada diem aja ngejauh lokasi poko nyuruh batalin gitu bikin kesel aja kalo awal gamau mereka aja yang batalin orang bukan salah kok,neutral
banyak promo nya,positive
puas dgn aplikasi tidak pernah kecewa antar apa yg pesan,positive
sangat muas kan,positive
kembali kode promo motor mobil,negative
bagus ga kecewa download apk gojek layan nya mantul,positive
aplikasi bagusss,positive
pelang rela tunda lapar bos apalgi dreper lebih perih bos liat dibuperta rela antri makan kaya orang ngemis ngapa laper order kaga masuk masuk gopay mulu bos satu ente order nya pake diskon mulu bos diskon yang seksa orang resto sama dreper bos kantor gojek motong ongkir dreper upama ongkir ceban otong goceng dreper goceng bos,negative
knp lama sekali download aplikasi lewat play store,positive
sulit mes goofod,negative
sangat bantu transportasi batas sudut kota,positive
asli kemudi nya sombong pilih pilih orden klo gamqu ambil bilang jngan jadi gagu gua dukung pajak yg buat drivernya naikin biar hidup nya jadi syukur,negative
mudah segala butuh perlu hidup,positive
baguss bgt coy kalo mesen makan tuu cepet banget suka dehh,positive
aplikasi gojek makin baik mudah segala butuh,positive
banyak driver ngeluh karna potong tarif nyaris mana pake biaya jasa aplikasi segala dasar rakus,negative
jelek banget gabisa loginin gojek,neutral
mantap terima kasih,positive
sering ringin dong promonya wkk,positive
layan top up saldo sangat buruk sudah top up sampai sekarang saldo masuk lapor cs selesai masalah malah lapor tutup makin parah emang gojek,negative
ribet rumit lambat banyak kali iklan bisa mencancel mahal,negative
bagus sekali,positive
driver banyak yg bad attitude,negative
terima kasih atas layan,positive
kemudi baik sopan familier jalan tuju lokasi,positive
aplikasi sangat bantu saya juga mungkin banyak yg lai kalau mohon lebih tingkat jgn klo pesan driver suka dapat driver yg jauh padahal aplikasi map nya byk driver dekat,positive
ga jls aplikasi sering bug,negative
ingin login gojek customer gak login gmail sudah hilang sulit sih kan nomor masih lama,negative
selalu kapan butuh,positive
mesan driver lama sekali,negative
okeh sangat bantu,neutral
fitur baru bukan bikin mudah malah makin ga jelas gua nunggu lama kaga respon pis sampe bayar prioritas didiemin bae sm driver,negative
gojek stress paket gue oleh depok ambil kurir gosend kok bisasih bukti terima gajelas,negative
banyak promo nya makasih,positive
sebenernya tahan buat gak ngasih review kecil laku driver gocar enak itu sudah lebih batas gak pake hemat laku ramah sama sekali selalu buru buru pesan xl trip sama keluarga malah dikatain sama drivernya siapa sakit hati total jalan bisa ketemu orang tidak ramah bahkan nenek habis rs pake kursi roda suruh buru buru memang tidak ada otak empati,negative
bantu banget,positive
aplikasi yg mudah guna,positive
driver nya bagus ramah trimakasih mas kasih bintang,positive
smp ini gojek msh baik utk,positive
lama tepat waktu komunikatif,positive
super app beneran serba goride hampir hari pakai gofood jadi selamat kalau malas masak gopay semua transaksi cashless driver biasa dekat eta nya akurat selalu andal,positive
please tim it mohon tambah fitur cari lokasi dasar titik koordinat mudah cari peta,positive
bagus aja slama guna,positive
malam order gojek gada yg mau ambil sekali nya itu langsung cancel driver nya hampir jam order ada yg nyangkut,negative
sangat bantu butuh transportasi,positive
sering eror opsi murah sama cepat gaada beda,negative
kalau yg batal akun jelek kalau batal otomatis sistem customer dapat kompensasi apa ga fair,negative
ga tepat waktu,negative
god job,positive
gatau belakang kalau order gofud susah banget driver nya benah,negative
selalu depan mager keluar laper,positive
enak banyak diskon,positive
sekarang klo pergi dan jemput tinggal pakai go jek harga jangkau gak sempat masak tinggal gofood,positive
cepat nyaman,positive
selalu yg baik,positive
aplikasi gojek susah buka meski update mesan gocar banyak driver yg malas driver trima order lihat map jalan diam tempat ujung nya minta cancel parah,negative
ramah dn ontime,positive
okee bantu,positive
oke deh,positive
gd voucher go food ny sama sekali ongkir ny ga ngotak macem jaman belanda buat,negative
okk,positive
layan baik,positive
sangat bantu cepat ramah driver nya,positive
saldo multi trip ga masuk masuk terang kendala teknis lama,negative
okee banget aplikasi mantulll sayang mau pernah gopaylater tiba dinonaktifin padahal selalu lancar bayar tagih tepat waktu,positive
mantap maksud,positive
gojek sekarang pilih order lama sekali nyantolnya gilir nyantol bayar besar lha gimana kalau yg dana pas an yg tarif mampu sesuai yg apk,negative
tikatkan layan,positive
lama gojek msh paling murah masuk buat gojek mohon jgn hilang fitur bayar parkir dong dulu padahal biaya jalan parkir lengkap,positive
andal,positive
asyik,positive
mantap men,positive
banyak bugg aku pesan gojek yang datang terus pas selesai tuju malah nyari driver aplikasi masalah,negative
buat ongkir masuk akal dong jarak pesan cuma km rb,negative
na ji s lama bgt,negative
aplikasi ga responsif lot map ga sesuai ada customer driver ga tau jalan rekomendasi perlu banyak baik bug bug aplikasi dari driver nya,negative
kerenn,positive
good aplikasi,positive
gila go pay pinjam bunga nya gede banget masa saya pinjem rb tenor bulan tiap bulan ganti tega banget cekik rakyat bawah,negative
layan bagus cepat tepat amanah,positive
gampang pergi nyaman,positive
aplikasi sial go cat gak di buka sampah,positive
lebih efesien,positive
moga gojek sllu jaya,positive
mantap oke,positive
kekmananya apk kalian mau pesan gofud bisa gak bagus semua jaring ada aja klen ah bagus tutup aja apk,negative
toppp indonesia aplikasi,positive
ongkos murah banyak bonus,positive
buat langgan gojek w kasih tau kalian kalau susah dapet driver karena sedang cari driver area yg murah kaga duli kalian bayar mahal berapa,negative
cukup baik,positive
apps sangat bantu banyak orang,positive
susah cari driver,negative
selalu lot gak sinyal padahal sinyal bagus aplikasi pun bagus,negative
gak rekomended sela sela susah pulang uang pas pas jam gabisa pake layan murah,negative
skip beli ojek mending ga usah yg urgent kaya masalah listrik yg mati tengah malam mending beli apk yg lebih responsif ga sengaja ngisi gopay beli listrik karena gagal x mau coba malah bisa ujung beli apk lain layan lama ini mesti upd rugi org uang pas passan habis listrik tengah malam cust mau suruh listrik sampe pagi kaya,negative
baik fitur game bolak balok sering crash edit diupdate sama aja seperti masalah internal aplikasi beda perangkat beda akun sama aja,neutral
sangat bantu aplikasi,positive
solusi tepat murah gercep,positive
enak nyari duit akun malah kena suspend alas tatatertipjek aju banding udh minggu ga ditanggepi,negative
cepat akurat,positive
kadang suka lambat kasih driver,neutral
sombong banget driver nya apk nyediain promo driver nya banyak nolak karna ga padan,negative
cocok buat tidak beli sendiri,positive
suka semua fiturnya,positive
sukses selalu buat apk,positive
suka ngebug gk di buka,negative
oke top,positive
manfaat,positive
sangat bagus layan terimahkasih gojek,positive
bgt,positive
knpa sih game gocats aplikasi sering susah check in knpa begini bikin bete aja,negative
kenap beli makan gak pake qris,negative
lebih baik lg,positive
adakan gojek dipacirann plissss butuhh bangettt mempermudahhhh ya gojekkk plisss,positive
sangat manfaat mudah guna,positive
tap tap,positive
gua lapor kali kali nga proses aktifasi pas lapor sama cs nya baru menit udah ttup aja chat ama cs nya padahal udah bales nga niat kerja,negative
layan nya cepat,positive
good,positive
bagus tenang supirnya,positive
terimaksh banyak,positive
wokeee mantap,positive
selalu nyaman aman dlm guna aplikasi,positive
banyak temu driver modus tiba tiba ada catat ongkir apa tiba tiba drivernya nagih baik pecat drivernya saya risih driver minta ongkir kayak,positive
mantaapp banget,positive
enak murah,positive
bagus sekali,positive
baguss soal kalau misal gatau mau makan apa tinggal beli gofood terus kalau misal gaada bisa nganter tempat les aku pake gojek lopyuu kejog eh maksud gojek,positive
bagus bantu top bgt,positive
tanggap layan pusat bantu sekarang sangat lambat kasih bintang leceh driver gojek sudah jam ada pasti balas lapor apa saya akan viralkan masalah,negative
terima perlu ada tes baca driver gojek titik koordinat kirim sulit chat mau baca guna gojek gak jadi makan driver atas nama tuin satuin gak baca gak mau baca gak jadi makan deh,negative
alhamdulillah sekarang udh lebih bagus aplikasi nya udh keren banget,positive
kasihan driver jajah masa modern ada layan langcor langgan gacor langmat langgan hemat customer bayar ribu aplikasi ke driver bawah ribu terima nya,negative
opsi mobilitas cepat praktis lengkap fitur lacak gps estimasi tarif awal layan pesan antar makan ribu pilih restoran sistem ulas mudah pilih,positive
tlg y gojek yg hormat klu semua wa tlg hubungin lewat wa cukup mah jgn pakek tel biasa d dihubungin balik bisa klu dikasik alamat tanyaaaa nohh jgn pernah dasar titikkkk melulu suka salah paham sekali custemer sdh buang duit pingin senang jadi beteee tobat bgt tlg pimpin gojek ditraning gojek nya thank you,negative
akun gopay nonaktif saldo akun msh tolong bantu bagaimana cara cair saldo itu kak,negative
kalau alamat email bisa kirim adu lebih leluasa cerita banyak screenshot bisa lampir sy cari apk ga nemu belah mana,positive
gojek offers various services that make daily activities more convenient,positive
mending cs gojek ganti aja semua pak sering liat kantor bagi cs kerja ngerumpi aja,negative
good job deh kak,positive
mo bayar aja ribet gblk aplikasi suka ngebug ganti gojek malah tetap tunai tolol,negative
aplikasi sangat bantu driver nya ramah juga tepat waktu rasa sangat bantu ada aplikasi,positive
gojeg mencret,negative
ini baik layan,positive
sangat bantu saat belanja makan,positive
ujan dkit muahal,negative
udh nunggu makan lama malah cancel driver biadab padahal sen yg express malah layan kaya hemat tindak driver yg kalo males gausah jadi driver pantesan miskin terus,negative
selalu mudah akuhhh tengkiuh driver baik hatiii moga sehat selalu,positive
jaring bagus lag pas bila gojek buka grab aman yg aman gopay aman buka gojek lag gak sen,positive
transfer nya gagal terus sengaja banget biar gue kena denda,negative
terima kasih gojek sukses selalu,positive
suruh drivernya yg ganiat narik matiin apknha pecat gara telat gojek gadateng gabergerak daro titik,negative
bagus sekaliii,positive
cakep,positive
agus,positive
baik aplikasi verifikasi wajah jangan terlalu dekat layar hp cahaya terlalu terang bahaya sehat mata terima kasih,negative
login padahal baru bbrp hari kemaren baru isi saldo email minta solusi malah kasih balas email gajelas suruh lihat lapor yg mana lihat gojek gojek tidak bisa login kan gajelas mau login malah suruh download ulang play store layan sampah gajelas,negative
sangat murah cepat,positive
bagus pelayananya,positive
ingin chat cs kenapa tap di layar hp muncul tool keyboard nya jadi tidak ketik text ada template chat cepat,positive
banyak diskon promo mantap,positive
hahahahahah,positive
antar gofood gak share live tracking,positive
makin mahal aplikasi keluh gojek beri manfaat solusi,negative
oke si gatau kenapa hari hari aku ga check in koin gituu gimana minn minta bantu dong,positive
sangat bantu selalu jadi andal tuju tempat tuju utama kota saya terlalu tahu tempat,positive
lebih praktisi lebih hemat guna aplikasi transfortasi go jek,positive
jahat driver,negative
knp tmbh jelek gofodnya gojek slalu ka dpt driver lma klau slesai mi pesan ku drivernya yg lma dpt dri apk jelek skali sumpah org sdh lapar driver nya lma dpt dri apk bkin emosih,negative
sopir ramah,positive
praktis cpat aman,positive
tarif sangat murah bonus kecil kasi drevernya,positive
gamau lg lg mesen gojek,negative
bagus sekli,positive
sangat bantu sekali mau ojek,positive
order mudah cepat od hujan susah order,positive
mudah cepet datang nya,positive
sangat bantu akir kalo order selalu kasih driver yg jauh padahal driver banyak,neutral
aplikasi bagus,positive
ramah dravernya,positive
jauh sudah cukup bagus saja promonya kurang baik potong biaya antar diskon makan,positive
aplikasi tolol,negative
saat,negative
potong besar kasi driver kerja,negative
aktivitas mencurigakn deteksi padahal gk pernah laku salah,negative
pasti udah beri akses map gojek apa dulu udah kasih cuman gojek order tulis cepaaat menit di order ubah jadi jauh driver sampe menit ahhhh bikin males pake gojek dah pindah lain aja,negative
bagus gampang guna,positive
buat settingan request kemudi perempuan laki laki dong kak yg versi dekat kalau terimakasih,positive
anj loadingnya lama banget gw jadi ketonggalan kereta,neutral
good sih jauh,positive
lancar slalu,positive
ramah sopan,positive
sejahtera driver gojek,positive
akun tidak kirim hemat malah reguler ongkos rb mending aplikasi belah dulu ongkir hemat,negative
kalo di butuhin drivernya ngaco semua,negative
gojek satset,positive
aplikasi jelek bos nya aja kena kasus,negative
driver nya ngak jelas,negative
mau ngajuin komplen klaim asuransi hilang paket udah nunggu lama ngasih data info pribadi sama keluar biaya eh malah lapor tutup pihak alas pelihara sistem minimal ganti lah klaim asuransi customer sama jangan se enak minta data pribadi customer kalo ga ngasih klaim asuransi nya,negative
gopay pinjam gopaylatter gak guna padahal sering guna banyak transaksi,negative
kena bentak karna ga sesuai titik padahal udah kasih notes bagi mana nya dateng dateng malah ngamuk ngecancel pdhl udh nunggu lama bngt lah attitudenya dibenerin walaupun kalian capek jangan ngebentak nge lampias customer jangan dateng cuman mau marah marah aja langsung cancel kalau gamau ngangkut dri awal,negative
buat apa diskon kalo drivernya suka cancel order jam lebih di cancel gimana mau klik driver batal pesan kalo udah lempar driver baru driver baru kena ayo rame mending pake app belah,negative
niceeeeeeeeeeee ee,positive
gokil nih mahh biaya tangan lebih mahal dri harga makan,negative
gara gara potong persen guna ojol jadi tambah mahal,negative
aplikasi gak cs nya gak sama sekali buruk semua apalagi kalo sedang kendala darurat noh pegawai gojek lu tiba ban nya bocor gak bet cs nya,negative
terus kembang manfaat semua,positive
aplikasi gojek aku suka banget banyak promonyaa bayar pakai apa sajaaa pokok senenggg banget pake gojek i love gojek,positive
gimana sih aplikasi nya sy beri tips x tp potong x,neutral
jajah sungguh aplikator karya anak bangsa,negative
gojek is best,positive
good app,positive
pajak mahal mending aplikasi belah,negative
gojek selalu baik,positive
sat set sih turut,positive
makin depan makin bagus,positive
bagus semua,positive
aplikasi sangat guna maju bangsa bantu banyak orang penuh agam butuh,positive
respect king,positive
bagus driver nya baik baik apa pak agus,positive
makasih wajar tiap kondisi gojek tidak ada kembali bayar pesan gofood hampir sering bukan jarang mohon perhati tiap kondisi gojek kasih dana lebih ada kembali jangan ulang dan saya sabar,negative
okeyy,positive
lebih tingkat dlm service kpd langgan,positive
cepa,positive
tolong dong baik masalah buat beli tiket kereta soal beli delay bngt jadi buang buang waktu tiap mau keluar pake qris delay nya lebih parah,neutral
guna aplikasi hanya ingat kalau sekarang gojek prioritas driver dapat ongkos paling rendah,negative
driver bngsatt semua,negative
terimakasih layan dengan sepenuh hati mantaps,positive
mantap tingkat aplikasi gojek y,positive
sopan,positive
pakai wifi selalu aja problem internet mati lah gak konek lah apa padahal lancar jaya kalau app cuma gojek doang yg nolak pakai wifi buka halaman depan buka menu ga bs mesti pakai jaring hp sendiri baru jalan udah lama kek gt dsn annoying gt ga baik,negative
gaje banget ken tf teman aja butuh ktp padahal gopay loh terus tiap sen makan aja driver nya lama lamain terus waktu ingin batalin malah gabisa terus pesan gojek cari cepat kasih gojek lokasi jauh banget,negative
sangat bantu ada gojek perlu transport terima kasih kaka driver moga rejekinya lancar selalu,positive
keren cepat datang nya ramah baik ayo pakai gojek,positive
pake apk gojek lebih dr thn bru kali dpt motor plat no plat apk beda mana motor listrik sumpah gk nyaman bngt duduk cuma tengah punggung sy sampe pegal nahannya jalan lumayan mnt mana drivernya beranta bngt asli takut dpt lg besok,negative
tiap sen go car selalu cansel sama driver nya maless sekaliii,negative
mantap lah pakai gojek,positive
semua bantu,positive
knpa yaa akhir susah cari driver,negative
mantap,positive
sip lah,positive
cocok sama butuh kendara sy makasih gojek,positive
sangat bantu sangat senang selalu dpt ojol yg baik,positive
cepat aman sangat bantu,positive
cukup puas,positive
aplikasi sya sangat bantu saat bahan makan gak di ruma,positive
recommended bgt ga pernah kecewa pokok,positive
cepat ramah,positive
superapp fungsi mudah bagai giat hari hari,positive
layan nya baik,positive
semua butuh hari hari di aplikasi goride buat ngantor gofood kalau mager masak gopay buat bayar apa aja drivernya cepet respon estimasi harga jelas awal vouchernya sering muncul,positive
complain lewat email kena kendala aktivitas wajar akun gojek sudah tunggu hari kok gada respon tanggap apa sengaja banget abai keluh customer apa memang ini layang customer service gojek,negative
hati hati saldo kembali kronologi beli voucher a reward bayar potong di a rewardnya bayar alhasil voucher saldo hilang nominal k hari,negative
sangat bantu butuh kendara sedang capek nyetir sendiri tarif sahabat,positive
gopaynya gak di pake update cuma gak nahan dana kayak gopay,negative
top cam eror maps kadang salah,positive
main blokir pihak alas yg masuk akal dulu akun upgrade paylater aman tiba paylater blokir tau sebab apa sekarang promo gofood bilang blokir bisa pulih alas padahal langgan gofood plus daaann beri solusi apa sangat rugi,negative
update malah tambah error lot loading mulu main gocats gak cek in sama gak kasih makan,neutral
hampir selalu pesan gocar driver pernah mau jemput padahal pakai prioritas akhir cancel dan pindah aplikasi laen,negative
senang pakai aplikasi gojek,positive
gojek tmbah uprage bagus,positive
dong kasih hukum apa kek buat driver go car jutek jutek hampir semua kek tipikal bapak bapak emosi orang indo,neutral
lama pake gojek alhamdulillah mudah urus,positive
di edukasi driver ridernya ya ad opsi murah komplain kita gjls bngt mending pindah app,negative
main bolak balok kata skor rb dapet gopay coin rb sudah habisin semua ruby tapi pas mau nyentuh skor rb apk nya malah keluarin dari game nya saya gak dapet apa,negative
god job,positive
aplikasi selalu error lihat rangkum transaksi harus hapus donwload ulang,negative
skg alih gojek,positive
driver baik sopan,positive
aplikasi aneh terlalu rakus mahal,negative
biadap,negative
bagaimana driver mau dpt order kalo aplikasi gojek tumpang nya sering error tumpang alih aplikasi buat mudah se sederhana mungkin bisa guna customer,neutral
driver selalu ramah langgan,positive
apk sangat bantu pergi jauh,positive
cari driver lama banget,negative
order udah ngegantung jam lebih gak jelas resto gak hubungin mau minta cs buat cancel gak cancel padahal minta cancel karna driver bilang resto tutup mau di cancel kita gak harus resto,negative
pilih menu bayar gak bs ganti kurang bagus aplikasi bikin lama kirim ga pilih jadwal jelek apknya,negative
ngebantu banget makasih banget buat gojek berkat kalian aku ga hina sama opang sering banget aku mau sewa opang malah lempar lempar opang satu yang jadi bahan ketawa cuma nawar padahal kalo opangnya baik aku lebihin berkat gojek no drama mau motor mobil semua tinggal pencet,positive
makin lebih mudah mantapp,positive
sangat bantu saat butuh kan,positive
gilir harus gopay coin banyak malah gak masuk sih,negative
jossss,positive
abis update notif telpon muncul padahal update muncul biasa,neutral
ada tanggap akun yg beku,negative
nice banget,positive
nomor hp tidak lupa ketika masuk otp yg via wa yg dapat lupa email sekarang verivikasinya kali saya lupa email padahal saya msh saldo mohon bantuanya yg jelas mudah,positive
donggg klau lma g dpt driver lngsung opsi pembtln aja krn lma nunggu yakali klau drumh nnti pas krjaa istrht nungguu g mkaaaannnn,neutral
sangat keren pernah naik gojek keren banget gila tiap tiap naik gojek beliau pake masker gwa suka geng btw mana mp nya,positive
suka tiba lambat aja,positive
suka aku,positive
oke oke aja aplikasi nya,positive
ada yg di baik klo ngorder kadang susah banget dpt nya se x nya dot lama dateng nya,positive
gosend nya bikin emosi fitur share yg di pake cuma udah di kirim g ngambil alamat simpan terima,negative
cinta produk lokal,positive
bagusss,positive
vitur cs jangan pakek bot min bales bot terus ga tanggap,negative
respon cepat,positive
emg mantep sih app gojek moga nyusul jadi karyawan goto,positive
bad,negative
kali alami sen gojek gojek datang tuju menit kemudian sampai tuju tiba tiba hpku otomatis sen gojek padahal ga sen why help aplikasi aplikasi masalah hp,neutral
lot banget padahal jaring full kuota tapi tetep aja lot,negative
aplikasi lot banget mending grab,negative
ux bagi go food jelek ah item udh dimasukin keranjang hilang muncul mulu,negative
seluruh bagus cuma satu kalo hujan order lama sekali,positive
sangat bantu,positive
paling juara goride gofood nya,positive
aplikasi tolong banget,positive
sedia layan belanja watson guardian beautyhaul please juga belanja lotte mart tambah bagi gomart jamin org bakal senang guna fitur jika tdk sempat belanja,positive
telah update malah nggk buka nih aplikasi sangat sayang,negative
jauh jalan bareng gojek sesuai aplikasi yaaa,positive
aplikasi makinn busuk tiba tiba lgi bawa cs malah logout sndiri coba login kali kali malah loading sekali nya malah sp stngh jam tolol,negative
mantap,positive
layan nya bgt,positive
knp dri kmrin muter muter terus sih pdahal sinyal wifi kenceng tpi apk nya gk buka update udah fitur gopaynya sma gk masuk ke akun udah refresh jawab internet masalah wifi gua kenceng lah masalah ini,neutral
susah gocar dekat sering tolak jauh titik jemput satu kali berangkat sampai kali tolak jauh akhir ambil aplikasi jasa online yg yang selalu siap jemput walaupun titik jemput jauh itu sekali order lama sekali dapat pesan langgan lama gojek akhir akhir gojek sangat kecewa saya,neutral
selalu baik gojek mah,positive
bagus layan,positive
manteps,positive
jalan jadi lebih mudah driver sopan,positive
jelek susah narik data loading lama banget padahal internet lancar,negative
orang udah sen lebih jam eh malah batalin gak recommend banget sih padahal udah kelaperan,positive
sngt mmbntu,positive
bagus bantu sekali in this situation yg mobiltas tinggi guna transportasi,positive
bikin update ownload install baru cukup fitur yg update aja x,neutral
para gojek mana ada harap bagus kalau antar tumpang masa jalan rusak main hajar aja pikir tumpang sakit semua badan,negative
lah kasih tindak pilih menu info batalin buat driver yg gak mau ambil tumpang diem aja tunggu tumpang yg cancel sendiri,negative
oke bagus saat,positive
guna kirim express apa pake fitur express ngeluarin biaya ekstra tp nyata kirim standar tau gt ga pke express,neutral
cepat murah,positive
aplikasi terlalu banyak korupsi sampah,negative
aplikasi sampah telek mbut status cari driver mulu padahal sekitar banyak yg nongkrong lu mau kasih driver yg jarak km dr gw sampah mending pakai aplikasi banyak aplikasi skrg bukan gojek doang moga perintah segera buang aplikasi dr indonesia aminnnnn,negative
sangat sangat mrmbantu,positive
gosend hemat udah abis payah,negative
lebih mudah aman nyaman,positive
oke top markotop lanjut,positive
mesan sendiri,negative
harga nya suka mahal bgtt hampir nya hrga asli jim,negative
pakai gotransit sklian goride pilih murah gamau ambil tp gamau cancel ditungguin nunggu lama bahkan yg malah makin jauh gilir dicancel custnya dpt rate jelek krna sering cancel wasting my time pdhal liat bill murah udh niat ngasi tip buat driver,negative
ku uninstall karena ga bisa login loading mulu padahal internet lancar,negative
very helpful,positive
alhamdulillah betul install pas yang butuh,positive
drivernya enak ajak ngobrol,positive
langgan setia gojek,positive
tingkat layan gojek makin bagus,positive
bagus bingits,positive
good job,positive
mau buat akun baru kode nya kirim alamat email yg gk tahu bukan email ini gimana,negative
sangatembantu,positive
sesuai ingin,positive
president bilang potong aplikasi masih aja lapang haloo bos banyak makan keringet mitra,negative
oke lah sangat bantu,positive
sangat aman,positive
lamaaaaaa,negative
iklan nya maksa,negative
ga akses barusan udh coba bbrp kali gabisa masuk apk padahal buru bgt anehhh gilir butuh gabisa di buka apknya padahal udh update terus mksd pake apk biar ga ribet biar cpt kalo mau jalan malah makin lamaaaaaaaaaaaaa,negative
aplikasi angkut paling buruk skarang masa sen tmpat sama hargany beda jauh banget lg bedany,negative
kalo hujan selalu gabisa dapet driver aneeehhhhhhhhhhh bangetttttt,negative
percaya cepat,positive
good,positive
cuma mau nilai beberapa mitra member gojek kalau kondisi mungkin ambil tumpang lah jangan on kan dulu contoh sudah driver nya bilang tunggu dulu yaa mau pom dulu isi bensin terus tunggu dulu yaa kak mau sholat dulu bukan larang orang mau sholat isi bensin tapi mending off kan dulu deh,positive
mudah di guna,positive
cepat tepat,positive
enggak pake ewalet dana,negative
juga,positive
selalu puas layan gojek terima kasih gojek,positive
makin kesini makin pelit ga vocer gofood padahal hampir hari order gofood tp ga penawaram vocer sama sekali mending grab banyak tawar vocer promo grabfood nya,positive
aplikasi bagus sih fitur games gojek nya buka gocats gojek soal hari hari bisa buka update ikut gocats yang ada aplikasi gojek bisa buka,positive
mohon di baik untuk masalah login lebih tepat verifikasi wajah sering kali gagal padahal ruang cerah wajah lihat jelas tidak laku verifikasi,neutral
mantap pelayananx,positive
makin mantab dah,positive
min banyakin promo nya dong min sudah langgan gojek lama,positive
sangat mmbantu,positive
sangat mbantu,positive
sangat bgus,positive
praktis anjay mesti kendala sedikit,positive
menu jadwal in ada akun,negative
di baik jamin saldo nya,positive
driver gak gerak mulu,negative
drivernya ngacengan,positive
lelet ribet susah makin lama makin ngelunjak ah au ah lelet makan nya kek apa tau,negative
error melulu,negative
bagus nyaman,positive
gajelas ngelag banget kalo dipake sinyal lancar padahal,negative
gojeg bener bener aplikasi gosend nya ga amanah masa paket kirim bukti jemput tangan kirim terima di tangan kemudi nya kecewa banget paket hilang nila ga ngeluarin solusi sangsi driver nya parah,negative
terimakasih appnya bagus buat sen makan sama sen ojek buat anter rumah abis pulang sekolah ongkirnya lumayan murah lah itu,positive
buat scan qr apa gbs,negative
terlalu jauh titik jemput nya baik,positive
baik game bolak balok sistem cacat situ sudah selesai misi tiba tiba betul sistem memberitahukan ganggu reward hadiah masuk,negative
tambahin fitur alas batal pesan saya pesan ga dtg dichat ga malah jauh telepon ga angkat sy ga bs pencet fitur telepon jg girilan pesan apk belah lgsg sengaja buat dicancel tp ga mau ngasih jelas sy nunggu lama,negative
mau heran ini indonesia aplikasi nya bagus biasa buat apa tapi drevernya kyak kucing punya nyawa asal lebih dekat potong jalur lawan arus keren gojeg moga tumpang gojeg nyawa,positive
pesan gofood gak karena ganggu sibuk aplikasi jadi coba pesan dan kemudian tapi malah masuk pesan sama bagaimana,negative
dmna liat d jalan bnyk si jaket oren yg ramai dah sepi minat gofod skrng vocer gak jelas mahal driver kdang gajelas beda jauh am oren belah murah vocer gk nanggung,negative
neng ada gojek terkadang ada rasa khawatir waswas driver yg mungkin niat buruk ketat atur para driver mikir mikir tindak,positive
aplikasi nya bagus sangat bantu,positive
i like this one,positive
bagis,positive
baik bgus,positive
sangat baguss,positive
wo,positive
baguss sekali aplikasi,positive
sangat bantu aktifitas hari maupun darurat,positive
hapus langgan gacor,negative
baik bug nya sering pakai gomart buat beli rokok cemilan tpi kadang gomart nya ber masalah produk yg cari biasa tiba ngk malah di arahin go web donk,negative
efisien murah aman jamin dah pokok,positive
mnt nyari driver ga dpt dpt pdhl dh pke prioritas smpe nmbh asa ga driver,negative
gila last update transaksi gagal dana tilep ga balik transaksi tgl sampe skrng tgl duit nya ga balik gopay cs social media email jawab ngangong gojek emng downgrade era saat platform lomba bagusin aplikasi malah downgrade cs kalo jangan bales cuma template doang,negative
joss jisss,positive
suka gercep,positive
layan lengkap satu aplikasi sangat bantu aktivitas hari,positive
belanja pakai kirim cepat udh lebih mahal selalu aja telat gknada kompensasi tera menit hampir jam baru datang,negative
aplikasi bagus gak kurang,positive
tetap amanah,positive
ga jelas tahun tahun pake tiba tiba bilang langgar promo padahal sendiri munculin promo app pake malah bilang langgar udah lapor app tetep ga jelas,negative
apa nyari driver lama banget udah sering banget kaya gitu lo kan aneh mending maxim kalo gitu mana klo nunggu jam klo aplikasi lai udh sampe menit mah masalah nya lama banget coy,negative
mantaff,positive
lama banget nunggu driver sampe x gaada padahal siang udah diaktifin cari cepat,neutral
memang mantap,positive
layan gosend baik jauh bagus terimakasih,positive
apa kasih opsi antar muraah nunggu jam lebih malah batal app aneh,negative
puas mantap,positive
murah banyak promo,positive
good pokok,positive
kalau nyari driver jangan jauh la saya giat seko pulang siang drivernya datang jam lho,neutral
bisa downlod aplikasi transpotasi,positive
okee,positive
baik sekali,positive
manfaat aku,positive
gojek the best,positive
drevernya ramah jg baik,positive
minjam gopay pinjam juta lama bulan balikinnya juta baru telat hari udah teror dc segala macam gak deh pinjem sini,negative
sedikit bantu aku sering go food,positive
layan okay,positive
driver tidak niat kerja suka bnget nge cancel order padahal ditungguin sampe akhir telat masuk kerja di tungguin di cancel,negative
very nice,positive
aplikasi bobrok sulit org pas pesan makan mau batal tukar alamat sangat sulit tidak nyesal download,negative
drivernya ga niat dikit dikit cancel,negative
sangat luar biasa bantu,positive
bagus sekali iya,positive
apa apa bayar pengin jemput cepet bayar kalo pake promo driver ogah ogah,neutral
makin parah gak biasa biasa nyari driver menit skrng mau jam udah pake booking prioritas gak pindah belah kalo gin mah,negative
dong kalo transaksi gagal saldo kembali mau minta solusi chat cs jawab template mulu,positive
sangat sllu bantu saat butuh transportasi,positive
delivery gofood tengah malam cepat bgt,positive
guna aktif sejak saksi langsung bagaimana gojek tumbuh jadi salah satu usaha teknologi beri dampak nyata hidup masyarakat indonesia konsistensi hadir layan andal mudah akses relevan butuh guna tunjuk komitmen inovasi lanjut apresiasi atas kontribusi gojek dorong transformasi digital daya mitra tumbuh ekonomi nasional,positive
aplikasi lu lama lama bobrok w mau sen makan aja loding terus dah menit sinyal bagus padahal lu it gojek pada kerja ga,negative
main game nengok iklan terus menganggu,negative
juossss,positive
sangat bantu hari hari,positive
mantap bolo,positive
pesan tp batalin gak niat kerja,negative
cepat ga pakai lama,positive
gacorr,positive
buka pagi mulu driver malam selalu gak daftar padahal udah tahun tahun gokil mau reguler gak,negative
aplikasi sangat bantu,positive
sistem nya bobrok order ksh driver yg jauh dr resto kn jd mkn waktu lama buang waktu bensin driver customer rugi waktu x untunk driver jln resto nya waktu resto nyiapin order bkn nya dpt driver yg dekat dr resto mlh yg jauh dr resto mending aplikasi yg ln cpet drivernya karna dpt yg dekat dr resto sistem yg rugi driver customer,negative
kalo hujan susah dapet driver,positive
baru pertama kali sen go send marahin sama drivernya padahal udah bener alamat tp kata ga sesuai titik lah mana tau kalau ga sesuai walaupun bgtu kan ga perlu dimarahin apalagi kondisi baru pindah tp drivernya ga mau tau kecewa bgt ga mau pake gojek saya bakal hapus aplikasi nya,negative
nice,positive
driver arogan,negative
bantu banget mager keluar pingin makan pas promo diskon,positive
terima kasih atas baik bpak driver alhamdulillah hp anak telah temu,positive
rekomendasi buat antar jemput,positive
susah bgt dpt driver,neutral
uang tangan mahal gak pernah potong gofood potong malah hak driver,negative
layan cepat,positive
beli voucher a batal dana potong tidak kembali,negative
habis ganti no handphone sulit login,positive
joss,positive
aplikasi ribet cicil beda cicil hari bayar minimal ribet hidup lu,negative
suka mudah di hubung,positive
layan bagus cepat,positive
aplikasi sangat bantu mudah hari dalam pergi maupun pesan makan kalau mals keluar,positive
percuma sistem adu utama top up gopay klo sistem apk sendiri yg sulit,negative
ulas aplikasi ikan bintang karena alas pribadi sih suka sama salah satu driver pernah nganter soalny baik peka bukain stand kaki tepat saya naik sebelumn berangkat nany dulu udh si p belum buat jalan engga dia juga mastiin saya maka helm duh kyk perhati bgtt lucu dehhh moga ketemu sama mamas driver ny hihihii,positive
kalau bisa masuk dalam ancol biar jauh terimakasih,positive
toppp jossss,positive
oke driver gc safety,positive
gk jls sen go car aplikasi rb eh driver nya malah minta rb xlipat sendiri kita sen lewat gojek biar murah banyak promo kalo kaya gitu sama aja sewa mobil suruh jemput,negative
bagus mudah guna,positive
halo kalo mau adu barang tinggal transaksi hari gimana mohon informasi terima kasih,positive
perfect service and word action,positive
driver nya nolak,negative
bagus banget moga lebih bagus,positive
bagussss,positive
mau cari langgan komplain langgan angin lalu udah nunggu jam tiba tiba dibatalin pihak,negative
cocok banget buat aku yg pulang pergi gaada motor driver nya ramah ramah sering ajak ngobrol pas order cepet dapet driver nya poko the best lah gojek,positive
drivernya ya suruh buat ramah,positive
kali kali cari driver dapat hubung driver padahal driver lebih depan telah tanya ga nyambung driver bilang sengaja mati ada event besar jadi driver pasang harga x lipat harga aplikasi mohon beri edukasi ingat oknum driver seperti,negative
aplikasi banyak ting masa main game bolak balik balok dapat hadiah ting blocknya tiga block sebut bisa pasang dasar gamau rugi,negative
pokoke,positive
saya gak verifikasi wajah dah coba kali hari gak gimana gak mau pake grab dari singapur kalo produk lokal bikin sulit daftar,negative
nilai yg pantas dapat bijak aplikasi ambil untung tanpa pikir nasabah yg konsisten terimakasih gojek gopay beri alam yg luar biasa saya hari aplikasi uninstall depan gak kenal gojek gopay,negative
baik tepat waktu,positive
jelek banget gojek plus vocernya gada guna harga sama aja trus tiba tiba beli otomatis ada konfirmasi langsung potong saldo jelek banget fiturnya vocer doang bejibun ga ngaruh mending ga beli gojek plus,negative
cek ongkos klo daerah yg blm gojek ga,negative
kelas king,positive
mantqp,positive
kemudi yg baik sabar buat guna lansia,positive
cepat baik,positive
gas kan,positive
biar bintang bicara,positive
mantaf sangat bantu banget,positive
jelek masak driver klo sen minta tmabahan klo gk mau batalin,negative
mes minum kok ga dateng uang habis k masih ga datang,negative
gak bener banget dah masa gw udah langgan suruh bayar bangke lu kalo mau ngasih diskon ngotak lah anjirrr masa kasih diskon cuma rb doang padahal gw beli banyak lohh mikir lah kalo ngasih diskon jangan kecil banget gw udah langgan lohh,negative
mudh d guna,positive
layan baik banget bpk nya tepat waktu,positive
app buruk,negative
bukan nambah hasil malah nambah hutang moga hakim adil kabul doa tuntut hutang darah sampai lunas,negative
josgandos layan,positive
banyakin promo,positive
lancar jayaa,positive
cukup mantap,positive
bagussssss,positive
yey,positive
kecewa,positive
pesan banyak cuma rugiin konsumen dateng telat pesan ketuker ga nyelesaiin masalah malah ngasih masalah baru,negative
baik masalah jaring nya saya buka aplikasi lancar pas buka aplikasi gojek langsung lot tiba baik segera,neutral
cuman punya paylatter sering bamget blokir,positive
gimana nih gojek asik asiknya main game puzzle dapat hadiah hasil cetak rb poin eh pas rb poin malah kena aktivitas tak wajar jadi gagal menang deh baik sih,negative
mantap,positive
wow,positive
aplikasi tidak beetanggung jawab atas hilang barang,negative
parah hp hilang akun bajak orang pin ganti minta bantu cs bikin lapor udah hari gak kelar kelar cuma ken tau pin buat ganti nomor baru biar amanin akun apa guna kalo gak tau pin sama nomor hp gada gak transaksi apa apa heran,positive
mantab tahan,positive
mntap,positive
i like,positive
update jalan buat arah ada jalan yg di tutup baik jalan saya putar putar cari jalan,negative
mudah kan jalan,positive
jangkau buruk,positive
parah gojek sekarang tarif nya terlalu mahal sekarang gila,negative
ribet sekarang dulu punya akun ga da verifikasi wajah sekarnag tiba verifikasi wajah gagal padahal akun asli,negative
lumayan,positive
makin kesini makin lelet aplikasi,negative
lemottttt suka lag padahal internet bagus suka loading lama,neutral
layan cs kok pake ai mana komplen masalah kita aneh lu,negative
cepat driver,positive
aneh nih mau pakai halaman tampil masuk gilir buka goride gofood blank bukan jaring internet lancar apk update hp di restart kanapa stuck di tampil awal tp bisa akses yg,negative
mantap banget gan,positive
mantap layan nya,positive
makin kacau drivernya pilih tumpang kalau jarak deket sama argo kecil malah main cancel pihak,negative
bagus bantu,positive
butuh tenyata cuma omon,negative
sampah banget cs nya pake bot,negative
ditinggat kan ya respon customer nya rasa kecewa uang jebak gopay bisa login selalu gagal verifikasi wajah email di balas suruh tunggu hari telfon cs putus kecewa banget mana banyak coba tipu atas nama gopay gojek dong kak beri arah sat set,negative
oke,positive
terimakasih mudah aktivitas,positive
senang mantappp,positive
aplikasi ni sangat bantu apalagi pas luar kota,positive
sip dah,positive
wah bantu bngt,positive
aplikasi nya banyak ganggu,negative
aplikasi gajelas masa gabisa ngirim foto galeriii buat ngirim nota ambil gosend anehhh bukan mudah malah sulit tau aman user klo bgitu sistem malah nyusahin,negative
baik baik,positive
sangat baik sangat bantu transportasi banyak promo langgan,positive
mang mandi dulu lah kalau mau pergi ngojek,neutral
aplikasi mudah erti tampil buat mata sakit,positive
aplikasi ojek yg s tier fix no debat,positive
desain simple gk bingung layan oke cocok buat siapa aja yang buat negri,positive
ayo jangan bikin iklan d aplikasi yang gk d skip ganggu banget,negative
lama jujur sangat puas gojek bantu pergi seringkali pergi guna umum hal sebal jadi saya sedang dengar aplikasi dan hp saya taruh tas ntah gimana cerita tbtb pesan gofood yg masuk konfirmasi apa gak masuk pin jenis saya telah buka hp tbtb udh pesan sekarang mau batal gak alhasil mau gak mau di bayar thanks for bad experiencenya,negative
enak sih kalo mager tinggal sen aja ongkirnya kdng mahal,positive
drevernya ramah,positive
yaa sen gojek kali kali ga acc tlong kak baik biar gojek ny a makin laris berkah,negative
sekarang driver gak sabar selalu patok map padahal map gojek akurat driver malas baca catat,neutral
ntap,positive
cetus layan atar makan indonesia kalah datang baru nama shopeefood untung shopee baru ngeluarin layan express instan coba shopee express reguler mati gojek,negative
sangat manfaat yang punya transportasi juga murah cepat,positive
perbaikin lg sistem ny lokasi driver ny kadang kadang diem kadang kadanf keluar jalur,negative
sangat bantu sekali saya tidak mau ribet ditungguin kalau antar maupun pusing cari parkir kalau kendara sendiri,positive
baik,positive
cepat tnggap,positive
makin mahal gak masuk akal harga ongkir nya driver jauh lokasi beli jemput jadi tunggu lama kalau hujan sering ganggu susah dapet driver ongkos nya kali lipat,negative
banyak promonya,positive
saldo potong transaksi a reward gagal dana gak direfund udah beberapa hari lapor cs bales bot udah no aju gak digibris jugaaaa parahh bangett,negative
bantu bngt pknya,positive
cari driver lama banget pake cepat hemat sama lama males banget sama gojek sekarang,negative
inti love u,positive
sangat bantu perlu operasional hari,positive
sangat baguus aplikasi bantu dalam segala makan transportasi belanja online,positive
mantap ah,positive
good respon,positive
iy,positive
lancar,positive
aman bangett sekarang mana pake gojek praktis,positive
pes beberapa kali ada respon samsak padahal mau nganter orang sakit banget dah,negative
sangat bgus aplikasi,positive
sangat efektif mau pesan makan tidak ribet poko mantep,positive
order sameday pagi sampe malm ngk jelas no resi d cek ngk nungguin jam siang sampe jam malm ngk jelas tiba jam malm muncul notif seperti driver sedang sibuk tolong d baik system a jangan tarif a ajah yg makin mahal system ngk d cek dri siang posisi driver ngk gerak ngk d update sampe malm tiba muncul notif ngk driver yg ambil order seperti driver sedang sibuk kacau min,negative
sangat mahal buat ongkirnya sgla layan,negative
di update makin lot ken diuninstall aja rasa sangkin kesel,negative
praktis cepat andal semuah guna ojek online,positive
bagus aman,positive
layan bagus,positive
saldo yang direfund kembali,negative
kalo kata gua mah periksain deh driver yg gamau ngambil sen omong gaada dicancel jg engga bikin rating gua jelek aja grgr ngecancel elu tau ga lu pikir gua ga byr,neutral
mantap pakai gojek,positive
kode otp nya lama banget gk masuk masuk,negative
aplikasi yg sangat manfaat buat bantu terimaksih,positive
lama pakai go send go mart semua baik tdk kendala sama skli baik pesan atau soal bpk driver semua nya baik sangat muas,positive
ngapain masukin minum keras,negative
mantap layan nya driver nya cepat ramah,positive
beli a voucher ga masuk komplain hari ada jawab robot semua,negative
kembali saldo besar k a rewards soal transaksi sana yg voucher digital idm k harga k gagal semua saya transaksi x baru k yg refund sisa k dan refund saya lapor aplikasi akun gojekindonesia instagram sampai saat ini belum juga di refund,negative
istimewa,positive
gocar go bike harga kadang gak kira mahal banget sama langgan yg sering pakai kalo udah lamaaaa ga pakai harga agak murah padahal samain aja contoh kemarin hari turut turut pakai gocar jam yg sama hari nya tuju yg sama tiap hari harga ubah hari dan harga naik terus kenapa begitu,negative
ayo naik gojek kirim barang via gosend gojen andak,positive
gak dukung semua lokasi kocak,negative
sangat manfaat,positive
bagus deh pokok,positive
mantappp,positive
aplikasi gk jelas nge bug mau mesen laper malah bikin emosi,negative
aplikasi kikir sdh bayar gojek plus malah hilang fiturnya baik itu bug,negative
mantap bgt,positive
gojek mantap,positive
lambat baget masuk menu lelet lalot,neutral
amanah ramah,positive
murah aman praktis cepat,positive
sangat senang,positive
sangan efisien,positive
kadang kadang suka eror bisa pilih metode bayar gopay,negative
mau checkout gabisa uy di fix,positive
aplikasi sangat bantu,positive
aplikator ngotak lah jngan driver d kasi double order bagai cs lama nunggunya liatin aplikasi drivernya muter ksi drivernya,negative
moga moga ga banyak ganggu sinyal,positive
kadang lola guys,positive
tk atas layan,positive
layan bagus driver nya sopan,positive
aneh banget beli token listrik k ajh sangka transaksi curiga terus langsung blokir paylater nya lucu banget sumpah kata tunggu lama hari sekarang bulan lebih bisa guna lucu banget kan gopay makin aneh dan gopay aneh nya kecewa,negative
ramah baik,positive
gofood mhl amad,negative
mending nyurung opang beli makan sih pake gojek makin sini makin ngak waras harga,negative
drivernya ramah,positive
uang tabung di bank jago potong pemberitahuan bayar langgan disney hotstar padahal gak rasa langgan disney sdh komplain gk selesai bukan kalau mau masuk tabung mau bayar apa harus pakai pin kode otp bagaimana gojek disney tembus kode pin dan otp akun dan langsung ambil uang tabung aplikasi bs jadi scam,negative
gue maen gocat pet udah misi hari hari eh tau tau pagi pas lihat misi gocat pet udah balik hari,negative
mantabb,positive
lu keren,positive
sangat lama,negative
lot kayak,negative
cocok buat orang mager,positive
mantaps,positive
udah lama make aplikasi makin kesini makin gak jelas ui nya udah cari dasar gojek plus yang keluar cuma merchant doang padahal pas cari kategori merchant yg gojek plus bejibun masa iya cari manual satu satu ayo benerin dulu bugnya,negative
terima kasih gojek layan nya bagus,positive
drivernya baik sopan jaga tumpang,positive
mantaaabbb,positive
mantap tepat waktu,positive
sangat muas garcep,positive
mantap deh pake gojek cepat apk menit titik jemput nyata sampai menit ada titik jemput thanks gojek driver,positive
apa anak mau berangkat mentang mentang pesan yg murah gk ad yg mau kalo yg cepat aja baru mau apa,negative
mantaaaaabbbb,positive
tepat waktu lokasi jemput harga fleksibel aman bisa percaya,positive
aplikasi kok banyak bugnya,negative
layan lambat,negative
enak tambah promo nya,positive
sangat bantu bangett,positive
request game konsep mario bros ular tangga monopoly dong min tambah rame guna gojek,positive
server jelek delay pending suka eror benerin lah,negative
susah banget nyari driver mau batalin harus nunggu menit lebih,negative
orangg nyaa ramahh baikkk,positive
scam main game bolak balok sudah capai target hadiah masuk capek capek main jam lebih gak dapet apa apa scam,negative
sangat,positive
bantu banget buat yang belum hafal daerah,positive
pokok mantep banget deh gojek mau transportasi makan mantul dech,positive
aplikasi scam beli vc indomaret dibtalkan dana gk refund jdi boncos,negative
lama bgt nemui driver terima abistu cansel smpe kali gatau salah d mna harus kalo ga cocok jgan terima,negative
sangat baik cepat baigus,positive
susah cari driver jam jam buat cari makan tengah kota aja syulit,negative
saldo gopay bajak total juta pihak gopay gak tanggung jawab padahal sudah datang kantor gojek di kemang,negative
e bujug gw suka doang jir,positive
sangat kecewa sekali beberapa kali pesan gofood guna ongkir murah ujung ujung batal hampir jam tak kunjung dapat driver malam saya coba guna ongkir murah ken tau aja ada ubah tdk nyata zonk masalah memang ada manfaat perlu cantum aplikasi min buang buang waktu orang tadi lapar jadi ga lapar,negative
refund beli areward gagal kok masuk sih kalian kecil k saya besar loh,negative
kece abis aw aw aw,positive
bener bener bagus aplikasi juga mana jadi lebih praktis hemat,positive
sbnrnya apk nya bagus tpi akhir knpa sering bnget klo mesen gofood ga sama sekali driver yg mau ngambil bahkan yg ngambil tp langsung cancel gt aja ngasi harap palsu bgt nunggu hampir jam an akhir hrs cancel sia sia rasa user setia jadi ragu pakai gofood mohon evaluasi sistem mungkin ada penalti buat driver nerima trs tiba tiba batalin alas jelas waktu tunggu singkat biar ga nunggu terlalu lama,negative
aplikasi mantap btw bagus saldo min,positive
mudah urus sangat bantu,positive
sangat bantu suka karna pake koin gopay itu bantu banget,positive
tolol kali,negative
susah banget buka gocatsnya ya,positive
sesuai ekspektasi,positive
halo tim gojek akun kena suspen alas penyalahgunaan promosi rasa pernah laku curang duplikasi akun atau pakai aplikasi pihak tiga sering kali mes makan yg sama satu resto voucher yg dapat gojek plus itu jadi sebab hanya guna hak akun pribadi satu satu mohon bantu tinjau akun saya karena ini murni salah deteksi sistem terima kasih,negative
layan bagus,positive
bagus si kenapa tiap sy pesan makan selalu tdk driver bukan cmn sekali tiap kali sya pesan makan selalu dapat driver,positive
pertama guna aplikasi alhamdulillah baik terus drivernya baik jemput sesuai titik perilaku baik motor awat driver sopan baik tampil tarik makasih buat driver nya makasih atas layan baik saya depan nya moga driver lebih lancar usaha nya selamat cari nafkah keluarga,positive
mesen gojek asik cepet dn kualitas,positive
atmin gojek yg hormat jarak jemput driver resto atau costumer jangan la terlalu jauh terkadang jemput tuju km sampay km emang udah gak orang lagi apa jam sibuk coba la cari driver dekat tolong respon,negative
mau update kok lama bgt terinstal,negative
mantab banget,positive
banyak layan manfaat saya promonya bantu banget mudah mudah berkah buat usaha gojek para driver,positive
apk bgstttt gw tiap sen makan lupa ganti cash gopay malah gabisa ganti minjem duit mulu gw gw pngen gojek bs ganti transaksi,negative
service layan oce,positive
bagus muas dlm layan,positive
bergunaa bgttt,positive
lumayan bantu buat yg kmpg,positive
pernah kecewa dng gofood pertama kali sen makan tdk sesuai pesan kurang satu pesan tdk solusi krn aku yg rugi driver jg lepas tanggungjawab kl sen motor mobil sih blm masalah mudah an jng,neutral
kau tau aku rasa kalian butuh lebih banyak ruang server kalian benar benar sebal aku coba buat mesen gofood malah server penuh masih banyak user pakai apk gojek fleksibiltas akses apk rupa paling krusial nentuin berapa puas pelang layan mudah ui kalian tawar baik server kalian dapat cakup lebih banyak orang customer mes,negative
bantu resin tuh driver lu d bandung suka ngelanggar lampu merah terobos lawan arah di putus mitra kek apa kek gaada sanksi yg ketat gt emg gaada sop nya bukan atur gojek doang klo saya yg langgar tp atur lalu lintas,negative
sumpaaahh aku ngga nyangka sen gofood lawson tp yg kirim beda sen aku lapor cs ga menit abis lapor langsung refund dananyaaaa ihhhh cinta bangettt ama gojekkk,positive
sangat membantuuuuuuuuuuu,positive
excellent aplikasi,positive
bnyakin aja promo nya,positive
wahyu abai gamkom,positive
biasa pakai apk produk lokal bagus lebih murah,positive
gojek gajelas pepek aneh bgt gopoy coins dri login hari sama main game gocats masa ga claim sama ga masuk coins nya malah curiga aktivitas duga aneh bgt suruh login tiap hari buat dpt coins malah di curiga aneh,neutral
sulit verifikasi wajah,negative
kecewa aplikasi barang hilang tidak ganti ganti rugi padahal proses lapor lampir bukti,negative
mudah jangkau go car nyaman,positive
best,positive
always pesan makan online lewat sini mudah ga repot luv luv,positive
pake gojek plus bukan makin murah malah makin mahal saran buat guna usah buang uang langgan gojek plus,negative
driver ambil barang barang hilang terima makan kado ulang tahun kira harga barang hilang terima cerita lebih detail bu lilik kirim makan kado bu tony alamat pucang anom timur v no driver foto taruh kirim pagar bilang terima bu tony tilpon kalau gak orang pagar bukan pagar rumah bu tony bagaimana jalan keluar kado sangat harga,positive
sangat bantu sekali buat nggak ribet cepat tuju terimakasih gojek l,positive
oke buangettttt,positive
aman nyaman,positive
quick respon,positive
banyak promo saja beda tiap akun untuk guna gojek plus batas sampai x hari ingin ubah paket sedia krn sat akan order ulang ke,positive
aneh banget gopay pinjam awal lunas malah mau pinjam tolak terus kalau lambat bayar kejar aneh gopay pinjam kalau orang lunas kasix lah pinjam apa sudah lunas di awal,negative
mantap laaaahhhh,positive
driver mu gk yg punya etika ngomong kasar sama orang,negative
gojek mantp,positive
layan,positive
bagus hari,positive
si bapa nyah rah baik puas layan nyah makasih pak,positive
sangat aman bantu,positive
sangat bantu giat rutin,positive
sangat puas,positive
mau aja ga perlu ribet cari angkot,positive
mudah operasi harga murah banget tiap jalan goride,positive
bantu segala,positive
aplikasi gojek cukup akurat sangat ngebantu banget pokok nya satu kata keren,positive
banget,positive
mode gelap gojek kapan hadir dari dulu asa fiturnya tapi cuman beta aja,positive
aplikasi baik,positive
kasih tip driver kadang error custumer bagi rezeki loh driver jangan hambat rezeki orang kalau jangan serakah,positive
slalu nongol iklan bikin risi,negative
sangat puas layan gojek,positive
aplikasi jelek masa customer gak kirim pesan driver gimana mau komunikasi malah pesan suara jelek kualitas baik dong,negative
kasi drivernya tiap hari bayar ribu dapet order hemat,negative
najis drivernya gamau ambil order kalo pakai yg hemat uda kali coba gilir pakai yg ga diskon lgsg dpt driver kalo ga niat kasi diskon mending gausa sekali,negative
mantapp pokok gojek maju jaya terus,positive
not bad lah,positive
jadi aplikasi sampah ga nunggu driver lama makanya jgn orientasi cari untung aja,positive
suka beli makan pas malam hari,positive
suka buat pesan mam,positive
sering update makin sepi order naik versi bukan makin gacor makin error hahaha,negative
drivernya baik,positive
maaf dl aaya kasi bintang,positive
aman tak kendala,positive
terkadang error waktu tiba,positive
tingkat kan,positive
suka error,negative
sangat mempermudahl,positive
sorry kali lapor di terima karena lapor lihat manusia perlu bicara manusia bukan bot jawab datar you need to improve yourself up,negative
aplikasi suka error gabisa buat buru buru aja baik yg bikin ga nyaman mending aplikasi belah,negative
ongkir nya sekarang mahal,positive
estimasi waktu datang tepat driver baik savety drive sabar senang pakai gojek,positive
jd sangat mudah untk pergi jauh,positive
ko skelas gojek error y tiba pesan sndri awal sya psen gocar dri titik a rumah sya stelah smpai d rumah sya sya lupa selesai jalan apk gojek sya buka apk gojek konfirmasi tiba tiba pesan gocar dari rumah sya balik titik a si driver dekat ke rumah,positive
kalo switch tunai bayar saldo gopay suka susah,negative
the best dahh pokok,positive
sekian lama cakep gan makin sempurna gak berat hp cuman ram nya makin gede masuk aja buat driver nya nyediain uang kembali saldo gopay buat top up gopay langgan soal tak semua langgan duit gan kadang kalau ada kembali langgan rela nahan laper tunda butuh keluarga nya,positive
mantapppp,positive
dukung aplikasi lokal,positive
ahirnya semua cs bakal indri,negative
sen gocar x gak sampai pdahal langsung bayar pakai gopay kesel,negative
sangat guna sekali saya pergi,positive
kereen sekarang gojek,positive
sangat bantu mohon tahan promo gojek nya,positive
lacak lokasi gojek nya bener dong dikibulin bolak balik mulu gakjelas,negative
layan sangat ramah,positive
harga sahabat,positive
selalu tolak pdahal sya guna lama tp selalu memdpat tolak d gopay pinjam x,negative
sempurna,positive
sigesit gojek,positive
jadi makin lot apps nya,negative
helpfull,positive
promo ongkir sama promo makan bisa gabungin,negative
drivernya ga bagus yg suka marah pdhl waktu nunggu menit blum nunggu lama smpe menit udah marah,negative
buat semua customer jgan ngandalin satu aplikasi gojek aja krna gojek skrang ngk dlu yg sekarang customer nya bayar mahal driver nya bayar murah murah nya itu bnyak driver yg ngk mau ambil order blum suspend waktu depat sama driver nya masalah maps rute kalau saran download aja aplikasi skrng udh bnyak kok aplikasi transportasi yg contoh nya grab maxim indriver tetangga ku lalamove shope yg nya,negative
bajak,negative
istimewa,positive
tiap hari anak ku jemput kang ojol buat sekolah terimakasih jadi ojol yg ramah anak anak sd terus kembang jadi yg lebih baik,positive
sangat muas butuh hari hari,positive
bagaimana cara henti langgan gojek kuota sering potong hilang otomatis,negative
seringkali beli lalu go tagih tulis hasil tp saldo masuk chat cs respon cs lambat tidak tangan yg beri solusi bantu putar putar saldo tidak di refund,negative
bagus cepat nyaman,positive
sering pes x order di baik sistem aplikasi kasihan drivernya,positive
sangan senang,positive
gua pakai aplikasi telat sekolah mulu karna gak driver dapat nya lama,negative
makin sering dipake malah makin mahal,negative
aplikasi keren banyak promo selalu tepat waktu sangat mudah guna top,positive
sangat batu layan profesional,positive
sangat bantu saat ajar waktu,positive
sangat bagus suka cepat ribet tinggal sat set beres,positive
drevernya sopan tampil rapi tingkat bersih kostum mu,neutral
sangat baguss sekali,positive
senang,positive
cari driver nya lama banget,positive
ongkir gak ngotak mahal sekali gak rekomen buat dang mending,negative
driver ga dapat bujang,negative
aplikasi top lengkap no ngelag pokok jos deh,positive
koin aja korupsi buat keluarga,negative
kalo bikin iklan jangan langsung buka play store jadi percuma tombol skip klo langsung masuk play store ksh bintang biar baca,positive
buy indonesia,positive
coba kontrol motor drivernya kadang byk yg tdk sesuai,positive
bagusss rekomen banget cepet ga ribet,positive
tarif gofood gk ngotak upmarket bgtt klo mau mark up hrga menu yg logis lah,negative
welek iklan pas main game tiba tiba play store,negative
jemput tepat waktu ramah drivernya,positive
pernah sen gojek car mud jutek lngsung unistal,negative
oke banget trims,positive
ga pernh kecewa lama nge trip,positive
solusi baik tengah macet crowd nya waktu hidup jakarta,positive
always pakai gojek,positive
sudah malas gojek pinjam harus chat wa nada ancam padahal blm lewat jam bayar,negative
mulai hari gamau pake apk gojek,negative
trimakasih atasl layan,positive
update app nya maksa kalau gk update gak masuk,neutral
verifikasi wajah sangat sulit minta bantu lewat apk dg syarat poto selfi poto ktp transaksi terkahir lengkap waktu tanggal iya klo ingat transaksi akhir ngapain begitu di ingat kan nggk penting banget,negative
sdh g tk pke lg apk ne krn aneh kl sen driver psti dptny yg jauh pdhl yg deket byk bgt mending apk sblh psti dpt dekat g buang wktu,negative
just josss,positive
jos mantap,positive
harga mahal cekik,negative
mantap,positive
okek rekomedret,positive
promonya kurang banyakin donk promo goridenya sekarang gopay coin gocat sedikit dapat belum kan gede dapat kok nurun sih min,positive
banyak tuh driver lo nakal main aplikasi jadi datang nya jauh lebih lambat lagi urgent kirim barang di tunggu malah ambil order,positive
sering susah nyari drivernya payah,neutral
the best sih fitur semua lengkap,positive
lambat sen gofood jam kgk anter otomatis batal,negative
sen cuma porsi makan gopay harga makan sama ongkirnya sama jadi bayar doble makan dapet diskon ongkir banyak syarat gak aplikasi belah banyak disko harap pihak goofood jangan terlalu lah masa harga makan k sama ongkir sama mahal saya,negative
apk nya gabisa serach makan selalu muncul internet mati padahal internet normal aja,neutral
promo nya makin kesini makin ga jelas masa beli gofood pake promo sama gak pake promo tetep sama harga nya hahaha kocak mending shopee food jelas promo nya,negative
makin kesini makin susah driver bnyak driver yg pilih order,negative
promonya sedikit,positive
gojek punya banyak fitur goride gofood gopay tapi kadang asa berat hp tentu kalau optimal biar lebih ringan alam guna bakal makin nyaman,positive
mahal kali ongkos stasiun kereta api turun kan napa gojek,negative
mantap,positive
gak jelas,negative
bagus sukak harga mayan lah walau gitu harga kualitas,positive
makin lama sistem aneh apknya suka bug better grab jauh,negative
sangat bantu keren sekali,positive
mantap terima kasih gojek,positive
tiap mau pesan gofood pake gopay gkpernah bener tentuin jumlah nominal buat top up misal harga barang sisa gopay jd top up pas uda top up malah msh bayar cash gmnsih jdnya kan sm aja bohong banget,negative
mohon tingkat kualitas driver nya karna sudah alih aplikasi,positive
gojek mantap,positive
uda buat lapor uda tunggu hari mas tidak di pake selesai buat apa cs gopay tp mas tidak selesai jg uda hari,negative
display detail peta pick up ga tampil,negative
buy indonesian sell singapore,positive
enak sich sayang lupa kasih kecambah padahal pesan porsi sediiih packing kurang teliti pdhal order lewat gojek,positive
urus kirim dokument jadi cepat,positive
mantap nyaman,positive
aplikasi nya sangat bagus,positive
alus pokona mah,positive
sangat bagus cepat,positive
benar bagus apk nya iklan nge ganggu bgt hp ku jadi nge lag mulu gara gara ga sengaja ngebuka apk nyadari iklan,negative
alhamdulillah tepat waktu gk nunggu lama,positive
suruh install terussss,negative
baguss banget aplikasi nyasa,positive
alam pakai gojek lumayan baik sangat bantu jg layan rmah,positive
aplikasi argo paling mahal antara laen paling ambil untung antara laen,negative
terimakasih gojeg sangat batu mudah tranfortasi umum makan,positive
min coba rambah olshop sama ekspedisi biar semua harus luar shope lazada apa lah luar semua saran aja,positive
so far so good knp tiap pake apk hp asa berat banget kalo dipake main go cat entah emang hp yg udh ga support emang size apknya yg gede bgt,positive
paylater di tolak padahal rating transaksi banyak,negative
gojek aplikasi baik,positive
layan bagus lebih murah mantap,positive
banyak promo tarik nya,positive
adik kena leceh seksual naik ojol,negative
mantap poko,positive
aplikasi nya kadang suka ngebug ya sen goofod,negative
driver erti,positive
pdhl akun baru gaperna dipake uda gaada diskon promo gedegedean akun lama uda gaperna diskon promo,negative
mantap enak,positive
tidak perlu capek capek keluar rumah makasih buat driver gofood selalu buat,positive
lama selalu pake gojek buat mana akhir akhir susah cari driver apa karna ongkos nya murah kan udah diskon gojek kenapa banyak driver yg ga mau ini solusi gimana,positive
mudah senang,positive
aplikasi kikir ongkir mahal harga makan lebih lebih harga asli toko,negative
best made in indonesia,positive
yth pt gojek adakan nanga bulik dong jangan cuma kota besar aja kutambai bintang,neutral
waktu antar cepat sekali,positive
paket sameday multi instant jangan gede gede ongkir murah motor jadi rusak,positive
gabisa dipake gofood,negative
gojek jadi aplikasi wajib hp fiturnya lengkap mau pergi kirim barang order makan tinggal buka satu aplikasi proses cepat bayar gampang layan muas,positive
gasuka layan,neutral
drivernya ada sopan mau cancel enggak konfirmasi,negative
admin sekarang bisa lihat posisi driver kirim makan,negative
layan muas,positive
sip josjis,positive
driver yg tiba tiba batalin pas udah deket sampe lokasi kasih punishment udah nungguin lama malah dicancel mksh,neutral
alhamdulillah pakai gopay later lebih murah terima kasih gojek,positive
mantab puas,positive
update terus kalau ga update ga mau buk paylater pinjam padahal bayar tepat waktu tpi tiba tiba ga guna parahh ga jelas,negative
mantap cepat kirim enak rasa meski gak murah tarif,positive
aplikasi makin ksini makin aneh padahal driver yg dekat banyak ntah ambil jauh beda banget dri aplikasi ojol lain apa lah guna driver jauh datang,negative
andal pokok lah,positive
gooooddd,positive
terlalu mahal biaya tangan,neutral
apk sampah gw tadi nungguin gojek malah tolak tau tau jauh ngejemput nya gw kasih tau kalo buat apk jangan nyusahin peng gojek apa untuk tumpang cape cape kerja malah kasih order yg jauh terus hbis kasihan juga yg nungguin lama lama tau tau gak dateng gegara ngejemput nya jauh,negative
merasah kecewa aplikasi pesan goride dapat driver yg jauh posisi padahal dekat saya sekitar ratus meter banyak driver yg tunggu order,negative
kecewa aplikasi laku beli pulsa besar rp tanggal juni status proses hingga tanggal juni status transaksi baru nyata hasil telah hasil pulsa masuk hingga hari tanggal juni saldo sudah potong saya sudah hubung cs lewat email juga no respon jadi pikir yang mau transaksi jika ada masalah sulit cari solusi,negative
ampun pertama kali beli hape langsung d ajarin anak cara pake hape pake akun anak nelum tahu cara buat akun langsungg donlod gojek mantapp sekali sen makanam buat arisan cepet ajaib sekali jalan jalam mudah tinggal pesan usah panas panas sangatt mantappp,positive
woy gojek knp tiap gua order gofood slalu dpt driver nya lama banget itu knp gopay pinjam gak akses gua mau bayar cicil jd susah banget,negative
aplnya sangat bagus ada ganggu sama sekali trims untuk aplnya,positive
aplikasi lot minta ampun tiap mau beli tiket go transit buka qr tiket padahal sinyal oke oke aja buka aplikasi tp buat buka gojek lot parah haduh,negative
sangat cepat mudah guna layan aplikasi sehingga guna gojek rasa bantu,positive
rasa bantu saat ingin pergi jauh tidak yg mngantar rasa bantu ad nya aplikasi,positive
mantap,positive
lama lama males pake gojek harga lebih mahal grab driver suka se enak nya gak datang alas bocor lah apa lah saling butuh cari duit jangan pilih pilih lah sy slalu kasih tips driver nya nyebelin suka sengaja makin jauh jauhin biar apa kesal gw,negative
good app,positive
cinta produk lokal guys,positive
easy more job,positive
skrg aplikasi ga bangettttt masa jam lebih g dpt driver pdhl g pke kirim hemat gimanasi gaada baik drivernya abis di gojek sampe se gaaada,positive
order selalu tolak nungguin jam akhir akhir nya tolak apk lawak,negative
mantap trus apknyaaa,positive
mantap sangat bantu aktivitas mana saya pergi waktu mulai desak terima kasih banyak tingkat terus gojek,positive
sesuai harap,positive
suka eror mau pesan makan mau ngurangin pilih malah gabisa misal pesan porsi trus mau pesan aja otomatis rangin mlah gabisa kurang kurang al hasil ga jadi mesen,neutral
gojek is the best,positive
depan kasih diskon,positive
tiba gabisa pake promo apa meski udh langgan kata penyalahgunaan tp tanya apa jawab apa tiba banding tolak parah bgt bagai guna lama bgt rasa kecewa dgn putus pihak ada alas solusi apa,negative
drivernya,negative
driver suka lama ini baik,negative
nunggu makan jam tau dibatalin krna ga driver,negative
aduhhhhhh sekarang susah gojek nih mau beli apa ga yg nyantol drivernya tidur mungkin yaa,negative
kok aplikasi ilang,positive
buat admin gopay laternya kenapa tiba tiba blokir padahal bayar ga pernah telat banyak keluh saya baca gopaylater di benar sistem,negative
baguss cepet sukaa,positive
aplikasi mungkin di kembang kyk metode bayar serta opsi bayar guna qris,positive
iklan jelek,negative
mudah murah aman,positive
all ijol,positive
baik ramah,positive
sering diskon,positive
bayar guna gopay baik tambah sistem filter approve dr konsumen ada biaya tambah di beban konsumen lewat gopay contoh harga antar ribu kemudian ada bayar parkir besar ribu bisa driver boleh langsung ambil saldo gopay ada tuju dr milik saldo hindar curang di laku driver perlu ada validasi approve dr milik saldo,positive
terlalu banyak iklan,negative
lama sih driver yg aku dpt rata baik ramah,positive
bagus sekali aplikasi nya,positive
bangsat mitra untung boss,negative
ojol gojek bawa senpi wkwkwkkwwk emang yaaa,negative
halo akun tiba tiba blokir atas kendala salah guna promo apa saya salah penggunaanya blokir pihak di dasar alas blokir jelas tunjuk bukti bukti jelas saya cuma ken tau apa saya laku di blokir,negative
mantep bgt ni aplikasi pokok,positive
driver nya sombong banget mentang ngeorder go hemat malah belagu,neutral
cocok buat orang mageran,positive
aplikasi tipu uang sedot bayar langgan padahal atur sudah mati panjang otomatis,negative
sukaaa banyak diskon,positive
goodjob,positive
thanks for support my life,positive
sangat puas guna gojek,positive
bagus no komen,positive
cocok pergi,positive
adain qris yaa,positive
susah dapet driver padahal map buanyak,neutral
lama banget cari drivernya apk belah gampang,negative
klo mau bikin akun login selalu lot,negative
pindah gojek buat beli makan,positive
buruk lama,negative
apk yg sangat muas,positive
tadi ga sengaja pencet co mau ganti alamat padahal blm driver gabisa dibatalin padahal dapet drivernya aga lumayan lama sumpah nyebelin bgt,negative
isi saldo go pay sama go coins masuk,positive
gojek biasa nih ga buka resto favorit kan gue jadi ga liat makan ken gue sen,negative
fitur samar nomor telepon fitur adu domba driver telpon sering hubung begitu langgan rasa telepon masuk,negative
nama tuju pdhl sesuai tp maps ngarahin tempat yg jelas nama bukan tempat yg tuju,negative
sih skrng susah driver gofood dr jam mlm smpe jam mlm ga dapet driver,neutral
mantap pokok nya bantu mudah cepat proses apa,positive
pesan makan jam wita jam wita datang kecewa cancel,negative
apk gak jelas jam sampe jam udah resto order gak dapet driver teruss,negative
kecewa gojek jelas pesan makan lama dapat driver tiap pakai vocer murah susah lama andai aplikasi yg lbh baik gojek pakai saja gak rekom di pakai,negative
sen gofood kalo udah atas jam dapet driver suka lamaaa banget sekali dapet suka tolak,positive
kalau mes go food ad tanda batal karena order lama,negative
recommended,negative
aplikasi bantu banget tapi ajar turut harga terlalu tinggi pgn deh harga khusus ajar,positive
lebih bagus grab,positive
mls gilir baru sen gofood gabisa dibatalin tengah jam kemudian pihak gojek yg batalin mana gabisa komplen,negative
aplikasi nya oke,positive
pihak developer nya segera baik aplikasi gojek nya karena booking gojek lama tdk biasa entah booking harga murah mahal sama aja kendala rata gojek sibuk undah pernah booking hingga nunggu belum kendala saya alami sihh untuk yang nya aman aja moga depan nya aplikasi gojek makin baik bagus,negative
suka tolol app nya,negative
antap,positive
aplikasi bantu bangett buat mana mana mudah tinggal sen ojek online sampai tuju,positive
gojek ga jelas udah nunggu jam tunggu malah drivernya ga hadehhh,negative
di mudah cari driver resto apa gak mau ambil food ini jadi pusat perhati susah banget driver buka banyak driver gojek apa kena suspen apa alih akun,negative
aku dukung buat indonesia,positive
coba dong cara chat resto soal banyak salah jadi gak bisa resto ada masa marag sama kurir,neutral
sistem gofood gajelas susah dapet driver padahal makan bom buat sama resto gabisa batalin suruh tunggu waktu sekian baru batalin ujung nya ga driver mana customer service nya gabisa chat manual harus chat auto gitu ga bantu ga guna gajelas tanggap admin tdak mmbntu sma sekali tdak erti poin yg diblg sy blg mslah soal sistem gofood yg knpa hrus tdk batal blm dpt drver pdhal resto blm masak mkananny,negative
admin telah pilih tuju langsung otomatis cari driver paksa batalin kasihan driver nya,negative
semangat keren di kendari adakan kantor nya,positive
iklan nya ganggu,negative
tambah atur notifikasi,neutral
mantab sangat bantu,positive
nice app always,positive
kelas gojek bisa rusak baru mau pake promo ubah alamat bentar langsung hilang promonya,negative
mntap n sukses selalu aflikasi gojek amin,positive
bagai guna gojek akan bilang goto ada mode cargo nya soal suka saya gak mau ama aplikasi tolong munculin angkut cargo nya goto gojek assalamualaikum warahmatullahi wabarokatu,positive
gojek gimana si ngarahin driver makan ngarahin nya jalan buntu mulu,negative
sopan bngt,positive
gofood has made ordering food from my favorite local restaurants incredibly easy and fast the variety of options is impressive from street food to fine ning it s all available delivery is consistently on time the drivers are professional and the app interface is clean and responsive gopay integration makes payment seamless my favorite food delivery app in indonesia,positive
semua bagus servis layan,positive
gojek gw lama tahun tahun bayar bner kenapa akun gopaylater gua riview gw mau pake ga gimana gojek yg nunggak di giniiin,negative
praktis ekonomis sangat bantu,positive
bagus bgt aplikasi mudah kalo buru buru,positive
keren anak bangsa,positive
bangga produk negeri,positive
udah lama pake gojek,positive
mantap bet,positive
dukung apk indo,positive
baik titik koordinat peta alamat mau sinkron sangat rugi buat langgan driver,negative
apk sedang eror baik,negative
cepat ramah sangat bantu situasi apa sukses gojek driver nya,positive
oke jauh sen gk yang ngecewain,positive
kali lapor makan pes kurang udah kirim foto tp tetap jawab dapat proses makan dalam ada buka nasi bungkus kalau kemas udah buka makan jd beranta akhir lapor tidak tanggap akhir saya sedekah resto maupun aplikasi parahh,negative
dukung aplikasi lokal,positive
buy indonesia,positive
sadis potong taripnya driver tindas habis an,negative
lama cari driver nyaa,negative
bapak baik,positive
pilih utk go food kalo transportasi sering banget driver yg jauh makan waktu jd mending pake yg,neutral
aplikasi gojek simpel murah sangat senang thanks,positive
tahan kualitas baik,positive
harga ramah kantong,positive
bagus layan,positive
cepat tepat good job,positive
bagus nyaman layan nya ramah,positive
aplikasi nya bagus dipake desak tidak punya kendara tepat waktu depan aplikasi konsisten,positive
cukup bantu,positive
apknya mantap,positive
sangt bagus,positive
apk bagus percaya,positive
suka banget sama gojekk,positive
nomor otp masalah,negative
aplikasi yg baru tdk konfirmasi dr driver nya harus spt dulu payah,positive
layan tepat waktu ramah senyum sapa,positive
coba dulu kalau bagus kasih bintang lima,neutral
baguuuss,positive
wihh baguss banget layan nya puas banget gojek,positive
mudah pergi mana ayok rakyat indo hapus grab alih gojek buat anak bangsa,positive
untuk malam malam sen gojek gocar stasiun purwokerto jgn cancel alas batal nanjak gelap terus alih alih minta nambah duit cash di awas,positive
supirnya rmah,positive
nyaris jarang banget pake aplikasi sekarang mahal banget sekarang mending pake mxxxx mode hemat tp driver nya sulit dapet bahkan pilih comfort dapat drover,neutral
joss,positive
the absolute champ when it comes to local food delivery the food recommendations are always vibe checked drivers are quick and the app is incredibly easy to navigate,positive
suka banget simple satset,positive
cepett murah,positive
baguss atar cepat praktis,positive
tuh,positive
aplikasi sangat bagusss,positive
jujur kecewa salah satu drivernya paket obat obat kirim sampai terima coba hubung driver minta iktikad baik bisa segera kirim terima tidak tanggap driver urus lalu customer service tidak tanggap terima kasih lebih baik saya alih aplikasi belah,negative
suka sama layan nya,positive
mantap cepat,positive
aplikasi mudah segala,positive
buy indonesia,positive
ojol di atas simpul,positive
aplikasi yg ribet di guna,positive
baguss bangett,positive
bgus kirim cepat rekomen banget,positive
bagus coi,positive
aplikasi buat tidak lapar,positive
apk nya bagus terimakasih,positive
dapet diskon tiap minggu goridenya murah,positive
mantap layan lebih cepat,positive
bantu jk dadak ordermakam hari,positive
belakang sering banget kalo mesen gofood gak sama sekali driver ngambil bahkan estimasi telat menit lebih akhir otomatis cancel aplikasi gak kompensasi nunggu lama lama digituin,negative
driver gocar nya banyak ga jelas hubung ga dll urus driver di kota medan khusus gocar,negative
aplikasi dukung indonesia sellsingapore buyindonesia,positive
beli paket kuota bayar pake gopay gopay potong tp paket kuota ga masuk hubung cs jg sia aja ga solusi boro saldo gopay balik,negative
gokil,positive
busukk bgttt tiap aku sen knp bapak gojek nya diem aja tempat banyak yg bertanggungjawab apk belah lebih bertanggungjawab walaupun jarak jauh sekalipun ingin antar,negative
bagus sekali sering pakai kalau pesan makan online diskon banyak,positive
gojek baik,positive
sangat bantu terimakasih,positive
sangat guna,positive
dukung aplikasi lokal,positive
sumpah ngantar nya cepat bgt,positive
cinta produk negeri kalau harga lebih murah,positive
sya sering guna gocar gojek its cmn pernah sekali sya order gojek drivernya dgn rayu maksa sya ngisi gopay lalu dgn minimal nominal rb sya tsb buat sya tdk nyaman moga jadi bahan evaluasi menejemen depan,positive
good aplikation,positive
aplikasi sangat guna saya berangkat sekolah harga sangat jangkau ajar k suka banget,positive
not good,negative
nyari driver lama,negative
pesan gofood lengkap jual bisa dichat driver dichat balas padahal chat aktif entah kurang jual ambil ojolnya,negative
driver malas ambil order klu murah gara gara promo,negative
aku beli es malah datang nasi padang,negative
baik sistem,negative
mending pake gojek dah kata gua mah lo semuaaaaaaaaaaaa,positive
bagus banyak diskon cepat kirim,positive
udah nunggu makan satu jam an eh tiba tiba batalin gra gra gaada driver gedek banget pdhl udah laper,negative
aplikasi nya baguss bangett cuy seblak nyaa buyindonesia,positive
gojek sendiri opsi layan lengkap goride gocar gosend gofood semua andal driver nya ramah profesional layak apresiasi makin sukses gojek,positive
mohon baik,positive
aplikasi sangat cocok,positive
sangat bantu laku suatu jalan,positive
waa pngrm ny cpt aku suka,positive
yaa,positive
bagus bangettt,positive
langgan,positive
kalo gosend lama bngt jam ga anter padahal estimasi nya paling lambat jam,positive
mantap,positive
aplikasi yg recomen,positive
bagus oke,positive
mudah lewat gojek,positive
sayang banyak sama ni apk,positive
trbaik,positive
aplikasi sangat bantu harga murah,positive
kikir promoo,negative
mantap dah,positive
cinta i produk lokal,positive
gercep banget,positive
mending gojek dri pda grab,positive
cintaa gojekk bestt pokoknyaa,positive
sesuai aplikasi yah kak mantap,positive
aplikasi baik panjang masa love gojek,positive
layan nya super ramah driver nya cepet suka deh kalian pake aplikasi,positive
jadi lebih mudah mana,positive
gokill,positive
makin gk jelas scam qris susah gak masuk mau cari gojek aja susah minta ampun gk jelas bgt busuk,negative
gua grab pindah gojek bagus gojek sih,positive
bagus sekali sangat bantu,positive
praktis,positive
bagus cepat sesuai amanah,positive
support produk lokal,positive
sangat bagus muas,positive
ngapa lu,positive
sangat mudah guna,positive
this is indonesia produk,positive
tambahin metode bayar pake qris dong jek udah bagus nih apk lu udah maju nice harga imbang sm apk belah gitu dongg,positive
bagus bantu sekali,positive
maps nya sesat kasi drivernya jadi malah tumpang yg kira salah naro titik maps nunjukin jalan dari rute biasa yg sering lewat sampe ku cek ulang kali alamat tuju karna takut salah ketik udah bener alamat pas tiba tuju muka driver bete aku yg ngga enak buat mastiin sampe aku tunjukin alamat yg aps sama alamat kantor yg ketul jelas depan bangun biar buktiin kalo aku ngga salah nulis alamat,neutral
admin gojek perlu revisi untk atur buat drivernua krna driver gojek sering banget nolak order tidak peringtan,negative
moga tetap lebih perhati selamat tumpang samapai akhir tuju,positive
mantap mudah jangkau,positive
gojek lumayan bagus layan mohon perhati maps alamat nya kurang jelas biaya jalan di sesuai jarak tempuh biaya jalan terlalu mahal supir nya yg lumayan baik ramah ad yg gk ramah yg gk baik satu mohon baik cara mesan driver sudah lama aku tunggu drivernya gk juga terimakasih gojek,positive
mantap gercep,positive
aplikasi g,negative
baik kondisi sekarang banyak driver susah makan hasil turun rela tidur di jalan miris banget denger keluh kesah driver gojek moga bijak dengan kondisi sprti tidak manusiawi banyak korupsi parah,positive
fiturnya bagus sekali dukung apk karya anak bangsa,positive
mantappp bintang,positive
gak sih kalau bikin iklan gausah langsung masuk aplikasi nyusahin pas balik data udah disiapin jadi ilang semua gara gara langsung arah aplikasi,negative
bagus banget aplikasi nya,positive
mantap,positive
promo gofood yg beri sangat kecewa makan promo yg siap kwalitasnya sangat jauh beda beli langsung resto resto terkadang jg keluar diskon kwalitas makan jelek promo gojek,negative
bijak terlalu buruk driver selalu merespon pdhl mobil henti kalo cancel dpt potong biaya parahh enak drivernya makan gaji buta diam aja dpt,negative
mau laku pembayran selalu gagal gilir nagih kata kata nya kasar banget kalau emang nyuruh bayar tepat waktu jangan eror terus pas bayar,negative
gojek payah nomor telepon konsumen gosend sering gak hubung padahal telepon depan mata chat sering ga baca kadang gak chat malah disamarin sih serah yg penting hubung update puluh kali gak ubah,negative
buyindonesia cinta produk lokal,positive
ayo ramai produk lokal,positive
bagai driver kecewa baru kali guna hemat muraah bnyak tingkah saya ambil order pick up jauh saya ambil ehh saya jemput antar kan sesuai ngasih rating engga paham pakai hemat muraah engga usah banyah tingkah kasih bintang aja buat apk karna order limpah di sayang guna goride hemat muraah banyak tingkah,positive
driver nya ramah asik ajak ngobrol aman nyaman selamat smpe tuju,positive
kadang driver nya lama bgt nganter makan sama sering batalin pesan,negative
aplikasi lag kadang banyak bug sistem kurang baik,negative
good kasih bonus dong,positive
banyakin promo nya dong,positive
bug klik link undang teman gocats link nya bisa buka baik,negative
goof,positive
bagus keren,positive
susah banget mau gofood pesan siap lama drivernya kalau gitu bisa batal pesan buang buang waktu untuk driver,negative
bagus sekali layan bagus,positive
dukung aplikasi lokalll,positive
produk lokal,positive
aplikasi transportasi umum bagus amanah aman kendara cepat praktis layan ramah best poko,positive
layan bagus,positive
layan cepat aman,positive
jelek aplikasi nya ngelag mulu pdhl jaring bagus,negative
barang tinggal susah meghubungi driver gojek indonesia susah di dm,negative
jangan banyak fitur ada malah lelet eror segala apa masukin pas buka menu keluar gambar lama hadehhhh,positive
apk busuk ajing,negative
aplikasi lot loading mulu padahal sinyal hp stabil udah instal ulang hapus data hapus cache restart hp sama aja emang aplikasi gojek aja yg lot baik pliis,negative
hebat,positive
bagus bgt jangan mau kalah sama belah walaupun gw cuman fomo semangat terusss,positive
nyaman safety,positive
bayar tambah qris dong biar lebih praktis,positive
aplikasi bisa guna,negative
mudah murah banyak promo,positive
aplikasi bagus,positive
dukung produk lokal,positive
tambahin metode bayar pake qris dong,positive
gofood gojek resto makan non halal kasih tanda cari kalau non halal kadang nemuin resto yg jual daging b tp ga label halal ga sampe pes,positive
alhamdulillah selalu driver amanah,positive
log in langsung log out sendiri,negative
aplikasi apa ngak cewek chat sama sekali ah,positive
layan nya baik banget,positive
sangat puas,positive
banyak driver yg ga amanah,negative
gosend pagi dapat driver parah,negative
hapus aja fitur gojek murah klo ga,negative
apklikasi sanagt bagus sangat cepat antar sangat suka apklikasi dukung apklikasi lokal,positive
istimewa semua mudah selalu ikan baik drivernya,positive
oke sangat bagus,positive
apk manfaat saya sakit pesan makan sini mantapp,positive
sulit cari makan kfc kalau klik langsung menu gofood tidak ketemu keciali klik iklan muncul group order ga pilih searchnya,negative
gabisa masukkk akun google saya dulu tidak gilir mau masuk daftar yang muncul kode otp akun google tsb gimana masuk,negative
fungsi kami ajar,positive
gojek bs bantu aktifitas hari hari tp sayang kadang jarak jauh dg dekat biaya sama contoh jarak indofood gersik dg jarak indofood tempel biaya sama mohon d perhati jarak km dg jarak km biaya kok sama,positive
bagus transaksi jadi mudah,positive
bnget,positive
bagus sih sering kasih promo cuma depan kasih bayar lewat qris soal sering belanja pesan makan lewat online jarang pake uang tunai depan pake qris,neutral
klo pergi sm gojek emang oke,positive
ribet,negative
baik gaul,positive
sangat muas,positive
ada opsi saat upgrade gopay plus foto ktp selfie selalu gagal putus asa bulan tolak via vc email,neutral
aku cuman fomo ngadownload gojek soal kata orang ditiktok kalau mendownload aplikasi bangsa naik ekonomi indonesia buyindonesia,positive
sejak pake live activity notification malah jadi jelek malah ngga notifikasi suara misal dapat driver gofood driver chat driver semua ngga notifikasi suara apa harus terus dipantengin hapenya harus ke sistem notifikasi yg dulu selalu notifikasi suara dapat driver gofood driver merchant nge chat driver lain cuma sistem notifikasi yg jelek benerin dong sistem notifikasi,negative
dukung produk lokal,positive
buy indonesia,positive
masalah aneh mesen gojek datang sampe teror terus lalu telepon,negative
mau sen jarak sama hari hari tarif malah makin naik kok padahal jarak ga sampe km tarif sampe ribu korupsi ya lama ni aplikasi nyari untung doang banyak ga merhatiin driver maupun customer,negative
ongkir gofood mahal bgt jir ampe k lebih,neutral
usaha paling bagus dah supir nya ramah ramah pakai lengkap terus jarang ketemu gak pakai lengkap pokok bagus dah bangga,positive
baik deh,positive
satu yg komplain tolong gojek kalau memang susah dapet driver gofood cepat batal udah order terang pesan langsung buat driver gak dapet pesan gak batal akhir jam tunggu krn gak dapet driver jg pesan batal otomatis dr aplikasi padahal saya sudah tunggu lama saran saya cari saja driver dulu baru pesan buat kalau memang ada driver yg ambil customer batal langsung,neutral
promo nya mantap sekali,positive
ku kasih bintang nol asli masa nyari driver susah,negative
makin oke,positive
bintang baguss bggg,positive
sulit guna,negative
kembang terus apk anak bangsa,positive
sangat bantu sangat manfaat terima kasih banget,positive
minta pihak gojek mungkin di tambah metode pambayaran qris lebih mudah bayar aplikasi grab sedia loh bayar qris parah bangett kalau gojek gak bisaaaaaaaa,positive
mantap aplikasi lokal sellsingapore buy indonesia,positive
moga makin baik map baik jln juang no beda dg gang kuncoro moso titik di gang kuncoro,positive
sangat bantu sekali suskses terus,positive
driver bike baik pas bawa tumpang aja kalo sendiri suka jalan tengah jalan pelan pelan suka ugal ugalan jalan lagi kalo ditegor bawa temenya ngajak ribut gojek buat bijak driver tidak punya organisasi organisasi akamsi moga ojol hapus,negative
terbangu bgt,positive
okke,positive
suka bgt sm gojeek g,positive
cepat aman amanah,positive
keluh kesah banyak banget gojek yang tadi rating bintang sekarang kasih bintang jujur deh klo mau mana lagi urgent selalu pake gojek,positive
bagus,positive
bagus driver nya cepet gak lelet gampang buat mesen nya pokok good,positive
ramah sabar,positive
data bocor pihak tiga sesal guna gojek,negative
gojek sangat bantu,positive
fitur chat telefon gosend menghillang,negative
apk gak jelas bikin badmood pagi,negative
tarik,positive
oyy,negative
bantu klo pas hujan susah dpt driver,positive
transportasi mantap,positive
udah dapet driver cancel terus ama driver nya,positive
selalu di andal paling praktis,positive
keren keren,positive
dukung produk lokal guys,positive
hujan gojek sulit,positive
dukung aplikasi lokal,positive
dukung aplikasi lokal,positive
best cari driver cepat,positive
sulit cari lokasi tuju segera baik y,positive
sangat sangat bantu sekali,positive
aju komplain jawab ai masalah ga selesai haduh,negative
banyak driver suka sengaja lama in biar si costumer cancel karna driver ogah cancel ampe menit nungguin,negative
dukung apk lokal,positive
tahan harga nya jangan terlalu mahal,positive
ekonomi negara dukung aplikasi lokal,positive
alhamdulillah udah gabung,positive
banyak driver minta cancel gak jelas,negative
love u gojek,positive
cepat akurat,positive
oke baik,positive
driver gocar atas nama sugiarto b tyx di bina sering gantung order tumpang nunggu lama,negative
sulit login verifikasi muka gagal terus coba hape beda saja bisa,negative
cinta produk lokall,positive
aplikasi hebat,positive
baik laa,positive
trimss,positive
dukung produk indonesia,positive
bagus apk nya pesan gofood diskon,positive
apk bagus sangat bantu,positive
iklan lu ganggu bgt padahal udah pake gojek kali kali iklan buka sendiri gara pake aplikasi mending benahin tuh tarif lo yg ga bener kadang driver dpt jauh yg disalahin customer mana kalau komplen jawab sama ai jangan serakah,negative
dukung aplikasi lokall,positive
bpknya baik,positive
dukung aplikasi lokal,positive
baguuss bangett lokall okee,positive
sistim pesan driver nya baik order driver yg datang driver jam yg sama padahal cuman kali pesan driver dua orederan,negative
lokal pride,positive
dukung indonesia,positive
buy indonesia,positive
lot psen gofood kali kali ga jelas,negative
sayang sekali keluh tidak direspon baik tidak tanggung jawab,negative
sangat kecewa sdh guna apk gopay,negative
heran sm driver sekarang pada ga sopan nya jalan kebut an selap sini selip sini trs klo halang dikit aja langsung deh tuh marah ga etika driver sekarang,negative
mantabs gercep,positive
sen goride comfort harap dpt motor gede malah dpt motor listrik kecil jd makin lama jalan rugi dong bayar lbh mahal tp gak sesuai spek,negative
aplikasi sangat bantu is the best,positive
bagus apa bagus berat lot boros baterai harga makin gak wajar susah cari driver,negative
dukung aplikasi lokal buyindonesia,positive
cepat dpt kendara,positive
apk sangat bantu bangeet cepat ramah no cansel pokok ny selalu langgan pakai gojek mksh sukses selalu,positive
sip apk indo sell singapore,positive
drivernya udh bagus kirim cepat,positive
aplikasi order mantap,positive
sangat kecewa sdh lebih tahun guna makin kesini makin sebal,negative
gopay blokir kata langgar hukum history mah cek aja ga pernah aneh tanya cs apa jawab ulang terus jawab resah mau hapus akun tidak tanya cs oper sini lah sana lah,negative
layan nya kurang bagus kurang rahah,negative
top one,positive
gojek lebih bagus kalah grab,positive
sangat puas ada aplikasi,positive
mudah cepat,positive
mohon utk tambah pilih kondisi ada mobil contoh mobil bersih tdk berbauh,neutral
mantap buat abang driver,positive
semangat aplikasi lokall,positive
agar aplikasi narik motor mobil perlu mutasi segera buka buka besar mitra go jek combo bike car onbid perlu mutasi bisa masuk kendara lebih dan kawan kawan bingung kalau mau narik beda kendara entah karena yg didaftarin di bengkel lain di jawab gojek saran yg bangun,negative
normal,positive
layan cepat muas,positive
aplikasi baik,positive
titik jemput alamat tera beda titik jemput tempat lama alamat tera alamat baru driver salah titik jemput akibat jadi selisih paham konsumen driver,positive
pesan apa jdi mudah,positive
ha please deh order goride lamaaaaa g nyangkut mana buru lg akhir g jd order jadi order aplikasi lain eeeh g lama chatt dr driver mana doble lg drivernya konfirmasi buat mau jemput pdhl aq pake wifi mana ngelag dih jelek banget servernya lambatttttt,negative
iya oke,positive
gojek akhir akhir suka error waktu pesan goride udah dapet drivernya dan notif cuma dapet kok malah tiba tiba aku malah order driver trus lihat riwayat cuma order driver bukan dong jadi rugi banget sama driver ngalami kayak gitu,negative
kalo mesen lama banget prioritas sengaja banget biar lebih kadang bilang menit tau nambah malah jadi menit nyebelin banget,negative
bikin sengsara driver dimanjain yg deket orang dalem fungsi goride cepat apa bikin konflik customer driver aja kok makin kesini gojek ide nya kaya orang ga mikir,negative
susah verifikasi muka,negative
jangan banyak update gak perlu jadi menuhin memori,negative
mantaaapppp majuuuuu,positive
aplikasi lumayan bagus di tingkat masalah mesan lama,positive
bagus banget bangga buat indonesia,positive
maps perlu baik soal sering nyasar driver marah marah bilang dia bertanggungjawab sesuai titik padahal tau titik tau hotel a selain gojek tidak booking langgan padahal kompetitor bisa bagaimana,positive
cepat drivernya datang mudah kapan aja perlu,positive
sangat kecewa,negative
bagus drivernya ramah,positive
lancarr pokok beres,positive
sangat bagus,positive
masak gak batalin pesan padahal udh baca semua cara gak fiturnya aplikasi,negative
instal gojek hp dgn os android lancar mudah install gojek tablet huawei dgn os harmonyos gagal melulu saran solusi,positive
udah mah mahal kikir promo sen gofood mahal ongkir makan,negative
jalan aman,positive
buka kaliii blokir kan bung ckup tinggi mempermudahlaahhh telat jg g bulan bulan cuma beda tgl msh d bulan yg sama,negative
gojek gak jarak jauh jogja magelang auto diplihkan gocar tolol sih,negative
sangat bantu pergi,positive
mau rubah rute goride kaga sangat senang harga muncul sangat rugi,negative
kecewa banget padahal gak cicil di gopay pinjam udh lunas semua limit banyak percumah bangt gak dipke bayar gak pernh telat di sulit,negative
guna nya mudah pesan cepat tinggal klik tombol perlu untuk layan nya,positive
aplikasi nya bagus sekali,positive
sangat suka enak lengkap,positive
w gojek,positive
sangat puas datang sampai tepat waktu,positive
salah satu layanin ojek online yg bagus,positive
makin mahal harga kalah murah sama si ijo satu jadi males pake gojek,negative
bagus aplikasi sanggat bantu pulang guna ojek,positive
sangat buruk,negative
driver pandeglang songong songong sumpah naikin argo x lipat kadang x lipat alas titik antar trllu pelosok dn pulang gk order,negative
aplikasi bagus kadang kesal harga naik terus kali kece sela beberapa menit padahal titik jemput tuju sama,neutral
lama sy jadi customer gojek gocar jarang sekali kecewa driver selalu ramah kemudi dgn aman the best lah gojek,positive
aplikasi bagus sekali,positive
lebih cepat jalan di tuju,positive
ongkir food jadi mahal banget ada promo lg mending offline masak sendiri usaha resto omzet kurang drastis padahal harga naik,negative
bantu mudah tuju tuju,positive
drivernya ramah,positive
driver sikap baik,negative
sering leleeeeeet lwpn cache nya udh d sih jg sering update jg,negative
terima kasih gojek yg sangat bantu driver nya baik moga makin sukses,positive
yey thank u gojek for being present in my life soo happy yasyasyas semua jadi aksesibel semenjak gojek kesana kesini dgn mudah gampang ga pake ribet,positive
adab gosendnya ytta wkwk,negative
josss,positive
wey costumer gojek udh pake hemat jangan songong dah oderan baru masuk langsung cansel cansel aja pikir lu pake hemat driver engga bayar driver bayar hari rb buat ngelayani hemat udh hemat beting benar,positive
aju pinjam ulang laksana riwayat pinjam lunas,negative
agag mahal senang aja,positive
mantep jir,positive
gofoodbisa jam,negative
alhmdulillah layan baik,positive
bisa penuh butuh customer,negative
baguss sangat manfaat bantu moga makin sukses maju utk gojek,positive
banyak vouchernya,positive
gojek emg gercep,positive
naik kendara murah banyak diskon,positive
banget,positive
baik pokoknyamah gojek iniiii,positive
asyik bt butuh dadak,positive
semua oke si cuma waktu nyari driver gojek susah dapetnya,positive
mudah jalan,positive
tes dlu,positive
aplikasi nya oke oke aja drivernya ga ber attitude suruh turun tengah jalan gara pas awal sen salah titik titik ga jauh beda cmn beda lorong tengah jalan minta turun mengcancel mau cancel dgn alesan driver minta cancel saya dimarahin paksa cancel dgn alas jarak terlalu jauh jadi trauma takut sen ojek apk lagi padahal dulu sampe skrg kalau saya sen ojek apk,negative
tiap pulang sekolah pakai gojek gojek is the best,positive
sippp,positive
makasih,positive
min dong buat edit review rating gofood tolong dong cara hapus catat riwayat antar pesan harus hari sen minum sendiri catat saya tuju driver gojek jadi kesalahpahaman karena saya dulu sempat tulis memang khusus driver gojek niat bagi kirain saya di hapus otomatis pas sen hari itu catatanya ke hapus nyata simpan permanen,positive
aman jaman,positive
lucu bahasa iklan bagus,positive
aplikasi gofood sama jelek driver tiba nongol aplikasi hp gaada notif pesan masuk samsek padahl hp driver ada mau bikin bingung bikin apa karna masuk notiv pesan driver udah kecewa ga cuma drivernya juga kecewa jual jadi cemar gojek sudah ulang kali sistem gojek baik mau gojek gofood jangan erorr,negative
paling suka pakai gojek bayar integrasi sama gopay tinggal pesan pas langsung turun perlu ribet cari uang kembali fitur gosend sangat tolong kirim barang dokumen desak hitung jam aplikasi super serba,positive
gojek online sangat mudah jika pergi,positive
jos gojek,positive
kuota gb jaring g saldo gopay k tiba tiba hilang aplikasi bisa buka loading panjang hari,negative
lebih baik layan masih temu sedikit kendala kendara kurang awat jadi sedikit kurang nyaman sudah jauh lebih baik belum,positive
lebih,positive
layan nyaa ramah mantapp,positive
sangat bagus ada manfaat,positive
semua orang udah tau ko kalo gojek paling,positive
good app,positive
ya goofood sekarang dulu sering masalah beli entah pesan ga sesuai pesan kurang nah cepat bgt selesai masalah kalau sekarang complain pesan datang ga sesuai malah gaada selesai sama sekali mana yg jawab ai terus lapor langsung tutup,negative
guna bgt si,positive
aplikasi nya sangat bagus,positive
mudah segala,positive
pesan gojek lama gk cepat ambil padahal banyak ready gilir batal pes sendiri padahal udh jelas batal mana udah pesan aplikasi langsung d ambil jadi rugi bayar dapat jasa donk baik sistem baik ratingnya klo udh baik,negative
aplikasi yg sangat bantu dalam laksana mobilitas hari,positive
aplikasi bagus,positive
moga depan kalo buat transfer gratis biaya admin,negative
naikin argo go jek bensin mahal boss,negative
apk sangat bantu buat moga apk lebih baik,positive
transfortasi andal kalau mana aman nyaman percaya,positive
kok sekarang gojek jadi menggecewakan sih okir murah gak driver mau suka bikin retur makan nolak terus jadi males kecewa amak nih aplikasi jadi gak pesan makan makasih,positive
goodd,positive
cakep,positive
drivernya baik banget,positive
terpecaya,positive
gojek rb harga ribu wkwkkw gimana mau rame kaya ovo dong grab rp naik grab wkwk acara gila ovo,negative
kenapa dah aplikasi gojek gua masuk aplikasi ga muat gambar putih gada sinyal gua kira sinyal hp gua gua masuk fb tiktok yt lancar semua makin aneh ni aplikasi,negative
gk pernah dapat playletter y,negative
aplikasi sangat bantu sekali pergi mudah akses tingkat terus layan lebih baik terimakasih,positive
ko skarang makin naik tarif mohon sesuai sperti mula,neutral
yg jelas yg penting selalu senang tepat waktu cepat be baartele tele,positive
aplikasi sangat bantu mudah masyarakat bidang transportasi keungan bantu buka lapang tenaga kerja,positive
sekarang kalo cari gocar tambah susah lama banget gilir udah dapet drivernya yg banyak alas,negative
terang bukti bayar gak lengkap bagi riwayat bayar beda platform yg sangat informatif,negative
malas gue pakai apk lebih mahal ongkir timbang makan goofod nya tolol emang,negative
baguss bangett draiferx ramah,positive
kalau pindah rute harus tarif ubah dong,negative
cepat driver nya ramah,positive
jauh sudah bagus cuman alamat rumah tidak diapk nya mohon diupgrade dibangian maps apknya,positive
payah respon cs sama komplain tidak tidak tindak lanjut nya,negative
lumayan bagus pelayann,positive
mantap,positive
udah batal pesan nya tetap aja datang,negative
aplikasi sangat bagus tranportasi lain,positive
sangat bagus pelayanany,positive
sangat guna pergi,positive
drivernya ramah ramah,positive
gocar nya tumpuk maps pada gak mau terima,negative
bulan maps antar order goride fungsi maps bawa apk gopartner itu balik arah maps nya terlalu kecil alur rute susah paham itu bisa dizoom semua driver bisa baca itu,negative
kadang kadang cepet banget kadang kadang lama banget hadeehh,neutral
dasar aplikator serakah sistem gojek udh gk waras sekrang semuga kalian aplikator hukum akherat,negative
layan sangat baik,positive
nyaman aman,positive
trimakasih banyak bantu sekali,positive
harga check out pas tuju ubah x lipat,negative
gagal login terus,negative
sangat bagus mudah tranfortasi yg simple gampang,positive
bintang sorry nawarin asuransi pas ngklaim malah luar masa laku polis cemana cerita nya klaim proteksi layar retak bon faktur udaa serta foto hp imei sesuai dgn bon nya tolak maaf maaf la gak daftar asuransi apa,negative
tadi mes gocar minta batal pesan terus lanjut naik gocar naik order itu belum timbul rasa curiga driver sebut sampai tuju minta uang tambah alas dia tidak dapat promo promo gitu aplikasi gojek drivernya atas nama basuki plat mobil ae sq merek mobil avanza putih driver asal daerah ponorogo mohon pihak gojek tindak lanjut pada jadi,negative
driver pinter,positive
yth pihak gojek mohon baik sistem gpsnya alamat rumah selalu salah alamat di jalan rapi c no bukan jalan rapi no baik alamat rumah,negative
bagus,positive
okeee dah poko,positive
mau hapus akun kok g aneh,negative
sistem jelek,negative
aplikasi tolol koin gak muncul,negative
makin kaga jelas arurannya,negative
rasa puas layan,positive
buat make fitur gopay berat banget nunggu lebih menit buat keluar qr barcode nya gojek gopay,neutral
komplain apk menu paket yang kurang nasi tidak kirim foto galeri pesan makan jakarta anak di bal kirim bukti foto pakai kamera foto nya ada di galeri,negative
dear gojek ini order group guna diskon bisa jalan baik baik,negative
bagus puas,positive
gojek kok ngk bs d guna,positive
good platform,positive
animasi nya lucu bgt huhuhuw apk nyaa jg gemes,positive
orederan dobel rugi customer driver waktu jd sangat lama makan dingin bayar full driver cuman rupiah,negative
sangat bantu bagai yg langgan gojek,positive
terlalu lama draiver kalau pesan d gaco estimasi wktu in smpe jam juga smpai,negative
kenapa open aplikasi ngelag terus padahal jaring bagus bagus aja,neutral
utk transportasi sering kali lebih mahal pada grab tp utk gofood sering byk promonya makasih,positive
trimakasih bantu alhamdulillah rumah tepat waktu,positive
gojek yg baik,positive
pke gojek dr sejak biaya transportasi harga hingga skrng enak nyaman ramah driver nya trima kasih gojek,positive
layan sopan santun lebih tingkat moga manfaat,positive
bagus sh suka dpt voucher,positive
sudah salin alamat lalu google maps tetap tidak temu,negative
driver lu aneh anjir malah nanya alamat gua orang pdhl posisi gua lagi ma lagi apa si driver kaga ngeliatin map orang alamat gua cantumin jelas detail banget lhoya,negative
makin sini apknya makin gk ngotak bagi gofood kyk paksa bgt hrus pke yg cepaaat knp gk ad yg reguler klau emg muraaahnya disabled gk bsa kan jdinya gmn gtu gw awl pke gojek awlnya krn pgn dukung apk anak bangsa mknya gw smpe skrg gk pnya apk grab tpi klau kyk gni terus kyknya gmn gtu krn gw lmyn srg pke apk oklah klau discountnya jarang bhkn bsa dblg pelit u org yg srg pke tpi gk bgt krn kesan terlalu maksa maaf bgt klau gw ksih bintang sekian,neutral
aplikasi lumayan bagus saya tidak masak tidak setir kendara harga murah sedikit saran jangan ngebut,positive
jamin,positive
kok sekarang ambil gocar lambat banget gerak lama lamain jalan,negative
oke moga terus lebih baik,positive
go send nya amanah sekali terima kasih layan ramah cepat,positive
isi gopay nggak pakai jadi tetap pakai tunai,negative
guudjob,positive
gosend makin jelas pesan gosend jam senin juni selasa juni jam sampai padahal lokasi jarak km bahkan tau barang sekarang,negative
bantu,positive
cepat,positive
diskon gosen yg normal ngapain pake bank bank emang nabung bank makan aja sulit boro nabung mikir,negative
hp gabisa daftar suruh instal ulang play store padahal udh instal ulang tetep aja gabisa,negative
gila gila susah cari driver buat gofood sdh jam lebih estimasi tdk sesuai,neutral
aplikasi kurang karna awal mau liat harga gomart pas liat harga rb jadi rb yang lebih parah pas pencet harga tadi gabisa dibatalin mana pas pas duit cuma gara gara habis duit saya jadi lebih mudah ngebatalin aplikasi,negative
gojek for life,positive
saat,positive
sering ganggu logout sendiri minta mohon jelas nya,negative
otomatis praktis pantastis ekonomis,positive
ada go jek cukup banyak bantu aktivitas pergi antar jemput anak sekolah terima kasih go jek,positive
lebih banyakin promo promo nya,positive
jgn beda in driver gw susah nyari driver jam sibuk,negative
bunga lambat gpaylater asa lintah darat,negative
tambah qris lah kayak grab kan biar lebih fleksibel,negative
kasih b kalo baik game laris mwanis di dalam apk gojek kasih b,negative
mantap sangat bantu,positive
tiba voucer gofood akun aku hilang gada sama sekali padahal udh coba apus download bebrapa kali ttp g muncul voucher ongkir makan gadaaa ini gimana kembali,negative
sip deh,positive
gojek selalu di waktu di butuh,positive
bantu jadi ringan,positive
praktis,positive
udah lama pake aplikasi gojek kecewa parah layan ojol ramah arogan udah nunggu lama ga gerak gilir cancel dateng marah maki cs plis ga mungkin cancel kalo respon nya cepat saya juga punya giat masa nungguin gojek ga respon sekali bikin adu sama gojek center bukan nya bantu malah bela ojol nya emang cocok sih bye gojek,negative
aplikasi go food kacau nunggu jam makan siap resto malah drivernya ga bobrok,negative
beli enggak jalan,positive
apk gampang ngelek gin padahal sinyal gw bagus mals gw ah,negative
gojek gimana sih cancel karna driver gak respon lama malah masuk order gilir order grab malah drivernya gojek nya ini aplikasi nya lot mitra nya kan jg gak enak sama grab,neutral
gblok jam ga dpet driver buruk bgt ni apk,negative
sepeda motor listrik nya oke,positive
coba pake gojek karna diskon banyak gilir pake ditolakin mulu sama driver,negative
sangat bantu jalan kirim barang,positive
pesan gofood pilih ongkir nya rb sama rb pilih yg rb nunggu jam nyata tengah jam gak dapat drivernya jelek banget layan sekarang,negative
nyaman cepat driver terima masuk,positive
bagus layan cepat,positive
susah driver,negative
terima kasih derever baik banget,positive
gojek gocar nya murah untuk kirim makan mahal sekali yaa mahal ongkir makan,positive
jujur akhir akhir sy sulit dapat driver beberapa kali sy tunggu hampir menit tidak dapat saat hujan sangaaat sulit dapat driver baik,positive
keren sahabat jalan mana ribet,positive
lumayan mahal motor mending maxim green sm,negative
banyak guna manfaat sering ku guna komputer line,positive
murah efisien,positive
sangat sangat guna mudah hidup btw banyak promo dong min hehehe,positive
oke pokok,positive
bagus banget aplikasi anjim,positive
apk transparan berapa km rute tempuh biaya aplikasi tidak tera awal mesan nyata biaya aplikasi mahal banyak jebak biaya tambah tanam pohon asuransi tidak jelas telah tanya drivernya dapat dari biaya saya bayar ilustrasi sya bayar k terima driver hanya k pantesan kendara lama lama jadi busuk tidak sanggup kumpul uang rawat,negative
the best lah,positive
lah gojek yg hormat jgn nomor customer tu samar susah hubung customer nya tambah org pakai wa semua lah gk org yg paket telpon biasa soal tinggal jaman kek zaman batu upgrade sikit masak apk belah gampang dpt nomor hpnya moga dengar,neutral
kasih bintang tdk terkadang mobil agak kurang bersih bau kurang sedap,positive
layan yg muas,positive
layan sangat baik ramah,positive
sukaaa bgtt samaa apk ini my lat gwa lagi gaada yg jemput,positive
kacau gojek bilang hapus program langgan gacor ada program nya malah nambah fitur goride baru sekarang tanggal juni nama goride keluarga sama kaya fiturnya grabbike keluarga program langgan gacor tetap ada aduhh kacau gojek bagaimana ini urus program langgan gacor bilang hapus tidak hapus harga potong mana,negative
hapus aja fitur hemat percuma fitur hemat kalau dipake malah maki maki supir gocar,negative
banyak pakai nama samar sulit driver kirim hanya driver verifikasi customer,positive
udah lama pakai aplikasi neng udah banyak bantu,positive
ga verifikasi wajah verifikasi dibatesin x doang minta bantu buat upload ktp ga dgn alesan terlalu banyak lapor padahal blm ngelapor apa,negative
pakai akun bal pindah jember jawa timur gak dapet order sama sekali jangan pilih pilih akun kalau karena niat cari nafkah buat keluarga,positive
sangat mudah pengunaannya recomended banget deh,positive
layan baik,positive
efektif efisien makasih gojek,positive
sangat bangus,positive
praktis sekali banyak fitur bantu sayang gofood nya mahal,positive
sangat baik ramah selalu patuh atur kendara,positive
layan cepat tepat waktu,positive
gak suka sama kemudi gocar sombong sombong bgt sering nolakin tumpang udah tunggu lama lama eh dibatalin,neutral
bantu banget segala mudah,positive
sangat manfaat bantu mobilitas tumpang butuh jasa layan,positive
makin sini makin aneh ngga apa apa suruh nunggu kalau driver jauh nyebelin kalau dapet driver ngga mau ngambil ngga bilang diem aja ngga ngomong ngga jalan ya kalau ngga mau ambil order bilang aja mah ngga apa apa kalau minta cancel asal bilang jangan diem aja kira kustomer punya waktu hari nungguin,neutral
alhamdulilah,positive
hari minggu malam naik gocar sopir baik sopan bawa mobil kalm alhamdulillah puas nyaman terima kasih gojek,positive
aplikasi pesan mobil turun,negative
respon selesai lapor sangat cepat tanggung jawab,positive
sekarang gojek ngga bantu banget sih buat kaum ajar kyk aku salah satu karna sistem go ride hemat nya hapus kalo ken murah hrs pake gopay dana gopay aku batas ngga sering isi jadi maaf bgt hrs alih in dr v r engga m xm,negative
mantap keren,positive
praktis guna butuh,positive
layan juosss,positive
cepat kendali mantul,positive
tambah metode bayar qris sangat ribet kalau bisa pakai gopay kas,negative
mantap men,positive
next gw ngga bakal pake apk gojek gw baru beli saldo tiba autodebit gw ngga mau pake apk lagi,negative
sangat mudah jalan utama pas males baea motor sendiri praktis ekonomis,positive
aplikasi boros baterai hp cepat panas mohont tim kait segera baik,neutral
terima kasih gojek moga lancar selalu,positive
susah driver timer lambat real time kyak nunggu ga pasti pesan lngsung batal pihak ada selesai masalah,negative
pernah driver gojek lokasi kalteng mending tutup layan buruk,negative
habis top up gopay ribu lewat mbanking ga masuk jadi maling kayak nya ga ini aplikasi,neutral
kecewa gak dapet driver sesuai estimasi,negative
aplikasi bagus driver sering minta cancel,positive
media gofood ramah yg sakit perut tidak keluar rumah kirim cari driver lama,negative
alhamdulillah gercep,positive
sumpah jelek banget malam kelaperan sen makan tp gaada nganterin nunggu tp malah hasil gaada drivernya kalau dri awal ga dapet bilang orang kelaperan,negative
udah bagus aplikasi aga lama nunggu dapet drivernya kadang menit baru dapet,positive
semenjak sistem driver layan langgan gojek makin taik langgan pertama bayar ongkir rb langgan dua bayar ongkir rb total nya rb driver tetap dapat ongkir langgan rb langgan jadi nunggu lebih lama krn driver ambil pesan beda,negative
plis min kasih opsi bayar pake qris langsung bank,positive
cari driver sekarang kayak yang jadi emis dulu bagus sekarang kayak sampah jam bisa dapat driver gimana sih,negative
kecewa driver gojek kali kali order food tidak driver padahal posisi tengah kota driver sangat banyak mangkal seberang merchant entah kecewa driver gojek,negative
bentrok terus sama driver gara gara titik heran gua kok beda titik aplikasi gua sama driver aplikasi gak pernah kayak gin aman aman aja,negative
lama baru dpt driver suka eror,negative
layan bagus cepat,positive
bagus,positive
kecewa banget sen makan d cancel sistem pas sen lg datang kan ngehek,negative
aku mau pake gojek aja buat murah riah apa kalo yg bawa aman nyaman,positive
gojek gak dibukaagi,neutral
nyaman cepat,positive
cancel mulu bikin kecewa,neutral
promo ny tambah hargany murahin uang tips buat driverny tambah kurang potong biaya biar driverny sejahtera semua,positive
dikit dikit update aplikasi terlalu sering,negative
sih gojek ongkirnya gak ngotak mahal banget udah promo cuma ribu kadang ribu ada biaya tambah lain sama aja dong gak promo ksh promo cuma noh ky aplikasi sblh promonya gede an,negative
yg bagi go car nya gk jelas,negative
layan presisi,positive
nyaman aman,positive
rekomendasi banget,positive
sangat suka kecewa,positive
go ride hemat nya suka tiba ilang lg pepet,negative
pengihan dept colector ada ataitude,negative
sangat mwmbantu,positive
terlalu mahal banget,negative
saldo ada gopay buat login nya sulit gimana nih uang sia sia aja dalam jadi nya kembali lah uang atau izin login buat transfer akun sungguh kecewa kali ama gojek sekarang sulit,negative
jauh bagus cuma jarang banget diskon gede hehehe,positive
ohh min ulas sering jadi ya order gojek harga nya rb rb gak driver yang mau ambil order kasih cepat cair tambah uang sekitar rb rb baru drivernya mau ambil jarak lokasi saya gila sih parah parah ulas saya akhir di aplikasi ini,negative
driver nya multi aplikasi bingung nyari driver yg pake baju kuning maruk uang rebut tumpang platform,negative
sering beli makan pergi pakai app gojek selalu muas banyak promo pasti nya jd lebih hemat kantong,positive
cape donlod gabisa masuk gabisa daftar gajelas,negative
terima kasih gojek aplikasi bantu,positive
penggunaanya mudah gampang,positive
komplen driver gosend malah lempar e commmers,negative
suka dehh sering kasih voucher yyaa,positive
sorry not sorry driver yg ga mau jemput cancel alas driver minta cancel,neutral
muantepppp,positive
lokal trans ok,positive
sengaja sen goride comfort biar datengnya cepet tau sama aja baru gerak pas chat,positive
aplikasi yg sangat bantu ribet mudah dioprasikan top markotop,positive
sangat bantu layan oke,positive
bisa masuk aplikasi hari baik aplikasi gojek maupun gopay,negative
alhamdulillah so far so good,positive
gak pesan taxi sama sekali note layan henti coba padahal baru download,negative
sangat bantu,positive
layan tepat waktu pernah ikut gojek car sesuai titik jemput biaya k sama drivernya suruh offline minta uang tambah,positive
lah tiap sen gojek gocar selalu dapet driver susah kontak tiba cancel kalo engga dapetnya driver jaaauuuhhh bangeeettt percuma langgan gojek plus kalo kaya gin asuuuu masa akun temen belah cepet akun lama kan kurangajarrrrr,negative
mantapp banyak diskon,positive
sering nunggu lama,positive
bagus selalu pantau ada bug error depan,positive
baik cepat layan,positive
akun sya tiba keluar sya coba masuk verifikasi pertama guna no hp sya benar verifikasi yg di kirim kode otp email yg bukan milik sya,negative
driver bluebird betul rasa hina order gocar masuk aplikasi kalian aplikasi karya anak bangsa kok anggap budak grab yg produksi luar punya etika manusiawi beri order kami driver bluebird fitur grabcar plus tidak harga manusiawi,negative
luar biasa mantap bagus dah aplikasi,positive
swmuanya okeeeeeeee,positive
jujur ku udah bangus banget cuman tambahin lebih banyak kendara dong kaya becak misal soal terkadang butuh kendara murah cuman nampng banyak barang belanja juga kan ataonya jadinga lebih teduh juga lapang kerja becak gak makan ojek soal kadang yang protes becak becak sepi job,positive
nyaman di jalan,positive
cepat cari gojek rasa banyak driver tolak customer,negative
login aja ribet banget masa ga login pake face id sidik jari ga jg mana salda gopay gw apk,negative
mantap banget,positive
estimas waktu sesuai app tulis mnt malah tunggu mnt itu sampai akhir cancel biaya k harus kasik driver karena dr driver batal juga punya waktu yg harga mnt rupa waktu lama sekali akhir cancel dan pesan app belah lebih baik agar customer mnunggu terlalu lama driver nunggu cstmr pas ti driverjya marah marah gilir customer yg nunggu hrs sabar,negative
order makan ditungguin sampe order bsa cancel masij gadapet driver pdhal cuaca bagus ga hujan aplikasi sampah ongkir udah mahal dpt driver susah,negative
bantu transportasi,positive
aplikasi desain tarik bantu,positive
manja manja in driver nya biar banyak pesan gofood udah jam ga dapat driver nya,negative
lama bangeetttt makan nya gak dapet driver terus,negative
makin jelek sistem nya,negative
kerennn,positive
makin kesini makin kaya biba ni aplikasi,negative
jauh thanan aplikasi lancar sangat bantu,positive
sering cancel tumpang payah,negative
profesional,positive
nice lah,positive
jalan aman,positive
puas layan,positive
layan nya kurang efektif,positive
friendly,positive
tuan putri gagal beli ice cream krna ga qris,negative
peak apk yg bantu orang buka lapang kerja,positive
salah tempat titik aplikasi nama lokasi yg masuk sesuai tp titik tujuanya beda buat ubah titik argo ubah x lipat,negative
pesan gosend jam siang sore selesai driver selalu cancel titik jemput barang hubung bisa,negative
aplikasi busuk ambil driver nya sllu yang jauh heran udah lot dapet driver skali dapet malah jarak nya jauh bgt ngk jelassssss ubah sistem kalian wahai gojek makin hari makin ngk jelasss,negative
plis we abang gojek npa sllu telt stggh jam,negative
bgus bggt,positive
guna mudah,positive
jelek banget game puzzle blok masak balok baru gak pasang sama sekali baikin dong bug gamenya,negative
anjir butuh gojek cepett masa tunggu driver terus udah beberapa kali gin terus pindah belah lah kecewa emang daerah ada driver apa pilih sih,negative
gojeg selalu jadi andal pergi ga kendara,positive
sangat bantu posisi desak,positive
ka mau tanya kok gojek tumpang sy ga di instal lg knp bs tlong bantu ka mksh,positive
tiba chat sm akun tdk jelas yg mau ancam aplikasi macam apa,positive
lebih hematt banyak promo,positive
mohon maaf nasi lembek,negative
mahal ongkos makan,negative
apk sangat membentu,positive
aplikasi lelet signal g hp flagship tunduk d buat aplikasi lelet loadingnya luamaaaaaaa polllllll ampas,negative
sangat bantu,positive
baik mudah guna,positive
bagus,positive
drivernya milih chat ga mau respon call ga mau angkat tiba tiba jauh dri rute tana konfirmasi selalu begituuuuuu,negative
mantep resto nya rasa asianan nyah seger banget,positive
muhamad rio suhendar,positive
susah login ribet gak kaya maxim,negative
bagus lebih yang,neutral
mantap lokasi lengkap,positive
mksih drivernya ramah sekali,positive
banyakin promonya sma free onkirnya min,positive
simple cepat profesional,positive
ada saldo gopay ga di pakai bayar gajelas,negative
is the best,positive
fitur grab food seperti alami masalah pilih dekat lain bukan dulu dekat di urut dekat jauh sekarang range tentu dan pasti ulang terus di slide bawah,neutral
kadang bagus banget kadang oke kadang bad,neutral
moga depan nya lebih bagus lgi,positive
skrg tiap kali order selalu dapet double order jadi estimasi waktu ga valid seringkali lamaaaaa buanget,neutral
karya anak bangsa,positive
akun ga pakai padahal langgan gofood plus uang hilang sia sia krn ga pakai order,negative
layan terus tingkat yang baik langgan,positive
biang,positive
mudah sekali,positive
masuk aplikasi nya lot banget tolong baik,negative
saldo gw ilang lah gak balik gak tanggap dala cs nya,negative
banyak promoooooooo suka banget,positive
gojek harus kontrol kondisi kendara ingat selalu kondisi kendara service angkut nyaman tumpang,positive
terimakasih,positive
lama pake gojek selalu aman,positive
cepat mudah murah,positive
gojek sangat bantu mudah pergi sukses selalu gojek,positive
bagus mudah sekala,positive
gojek is the best klo gak gojek gak pergi,positive
sudah order hemat gak ambil oleu driver terus order tetep gak ambil malah mau nya prioritas driver apa bahlil rakus banget,negative
tepat cepat ramah aman pokok,positive
bagus responnya,positive
aku nyari aman nyaman keselmatan karena nenyeleksian member lebih ketat banding x,positive
okeh,neutral
thank you,positive
hp lag banget masa lihat makan pencet beli ongkirnya terlalu mahal coba dibatalin eh yg jawab ai mana ga jelas jawab engga ngasih solusi sama sekali aplikasi dibatalin sini kok ga padahal masih beberapa detik mesan baik dan sekali ongkirnya terlalu mahal,negative
sangat manfaat mudah pesan transportasi lalu online aplikasi gojek trmksh,positive
jujur kesan awal bagus pake nih aplikasi gojek karena pernah dirating se enak sama driver jadi susah dapet driver padahal selalu kasih tip selesai jalan kecewa bangettt titik drivernya gajelas bangettt masa driver lokasi sampai titik terus balik titik awal gitu aja terus terus drivernya susah hubung mohon baik aplikasi selalu kasih bintang padahal driver tip sekali tip bintang,negative
kenapa delay banget fitur top up saldo makan waktu lebih menit,negative
bayar pakai qris tap lebih mudah tinggal tap kan hape di market indomaret sama alfamart gak semua kata pakai mesin edc baru,positive
alhamdulillah mantap,positive
kali sen makan ga pernah dapet driver nunggunya lama,negative
gojek bener lu gw ngisi gopay sampe kali isi blm masuk jga orang buru jadi kesel sampe kali ngisi kirain salah nomer tau nomernya bener lama bgt apk lu jelek bgt sumpahhh,negative
buruk top up nya lama,negative
alhamdulillah bantu sekali pergi kesana kemari serasa punya mobil banyak,positive
makin hari makin buruk top up saldo gak masuk padahal udh notifikasi m banking saldo udah potong gojek gak masuk masuk bolak balik di refresh tetep sama aja mau makan jadi susah,negative
kok mkin ksini smakin lelet banget gojek,negative
paylater nya sengaja ga ngasih info biar telat bayar terus kena denda otw uninstall,negative
apa dah aplikasi jasa csnya bukan orang bisa langsung hubung lewat chat mana gak fast respon klo org butuh cepet masa nunggu gitu jelek banget,negative
udah driver ga ga dibatalin harus nunggu jam baru batal aneh,negative
biasa top up saldo langsung masuk tp lama masuk padahal udah laper mau sen gofood mana saldo pas an,negative
udah top up ewallet dana gopay pas cek gamasuk dasar aplikasi gajelas mending grab,negative
benar dong fitur chatnya sering banget error sinyal bagus centang telfon sering ngga nyaut,positive
app sangat manfaat kenapa sekarang sulit banget cari driver padahal udh pakai yg prioritas kan nambah bayar udh gtu sekali dpat dapat jarak drivernya jauh d baik sistem nya rasa rugiin soal kalau kaya gin,neutral
trauma top up saldo gopay lebih juta ga masuk chat cs ga jelas bener bener gojek gopay bad service,negative
isi saldo bca sukses saldo ga masuk nomor sesuai gimana,positive
saya isi gopay tp ga nambah saldo gopaynya,negative
masalah aplikasi mau pesan gofood nyari rsto dekat scrolling muncul toko yg sma bawah keaatas lagi lagi refresh g total cmn an toko yg tera,negative
isi saldo ga masuk kocak cs nya slow respon,negative
jelek aplikasi,negative
jelek lot sering down,negative
uang gua ketilep nipu saldo gopay gak masuk emosi banget udah cobak bantu sulit di baik lebih baik gak usah donwload aplikasi deh,negative
x top up uang nggk masuk tp potong bank mnta solusi yg jwb malah bot buka cs nggk solusi ngeselin,negative
sering jadi bug isi saldo kemudian titik driver tidak sesuai sangat kecewa,negative
to up dana ga masuk,negative
sulit driver arogansi pihak gojek pihak gojek yang laku beri informasi nunggu jan batalin di baca ulas dan evaluasi kerja aplikasi gojek ketika pesan lewat menit bisa di batal,negative
top up gopay gamasuk masuk pilih chat cs jawab botchat udah pake botchat aja slow respon proses sampe hari pindah grab,negative
gofood napa si susah bgt driver udah x order dr siang mlm gin trs apa karna pake kirim reguler tp konsumen gamau tau dong kan voucher dr apk bad bgt,neutral
jelek bgt gofood nya tiap scroll balik ke awal ongkos tambah mahal,negative
gopaynya kalo ada baik sistem harus tutup aja dong pake aplikasi biar lebih praktis nyata malah buat nunggu lama mana chat cs jawab lama hadehhhhh,negative
knp smpai ganggu top up gopay malah ga masuk saldo nya,negative
jelek bgttt udah top up gopay kali nya ngga masuk saldo padahal top up usah hasil sari m banking,negative
baik terossss mau makan,negative
mau mesen makan isi gopay bank udah kurang dana tp gopay ga masuk masuk sekali bikin lapor suruh nunggu jam mau mudah cepat malah tambah ribet hubung cs cuman ai jelek makin jelek aja,negative
mantap deh,positive
top up gak masuk masa nunggu hari padahal nominal kecil slow respon banget,negative
udah top up m banking kok masuk knpa yak maintenance,neutral
apk tolol bikin lapor cs nya satu jam baru jawab,negative
isi gopay ampe x nyangkut skrang nunggu jam isi gopay buat beli mkn suruh nunggu jam,negative
belakang sistem sering eror bayar saldo kirim tagih ada,negative
sudah top up via bank hasil kenapa masuk saldo gopay customer service butuh jam ecek cukup kecewa,neutral
ayo costumer pindah aplikasi belah aplikasi udah bikin driver males an ambil order karna ongkir nya udah ngga ngotak rb jemput kilo anter kilo kan ngga ngotak,negative
saldo ada bisa buat order padahal nilai cukup terus top up nyata saldo gax nambah ini gimna jadi gin aplikasi,negative
aku udah isi saldo ga masuk uang bank aku udah kurang,negative
bagus muas bikin jalan lebih mudah cepat,positive
nyari gocar susah bngt anjg pdhal bukan pelosok,negative
isi gopay lewat dana masuk nggak tau knapa,negative
aplikasi makin buruk top up gopay masa gamasuk chat cs yg jawab ai suruh nunggu hari rame uninstal,negative
top up saldo nunggu hari kerja ngapain aja mau beli makan bukan beli saham,negative
udh top up gopay masuk lama bgt kburu laper gilir udh sen mlh tiba gimana admin,negative
woy gopay gi mna sih biasa banget dua kali nya top ad gopay dana gopay transaksi hasil saldo gak sampe gi mna x gua giniin tanggung jawab parah,positive
apa udah top up gopay rb malah ga masuk biasa lancar aja kok sekarang trouble aduhh mana uang rb akhir tolong donggg kebijakannnya gimana,neutral
top up masuk nya baru menit udh prioritas tetep lama,negative
tolong klau customer top up jngan lelet akhir top up kali trnyata aplikasimyanyang delay buang wktu,negative
udh ku top up almost k tp gak baca top up dana ku udh tunggu refund nya tidak masuk lah tuh duit soal mo bayar makan,negative
apli ai bofoh no hp ga ad yg bis u hub ad yg tinggal supirnya ngeblock tlp,negative
barusan isi saldo gopay trs mau sen gofood eh gak bayar make gopay tolol,negative
huuuu aplikasi makin kesini makin lot cari driver aja susah tengah mati muter terus,negative
jelek bget sekrg gojek,negative
bayar pake gopay kok error sdh hari sejak update,negative
baik lah top up gopay delay banget kalo urgent gimana sekarang gua tinggal kereta top up ga masuk masuk sampe kali bukan soal duit soal waktu,negative
gojek makin kesini nyariin driver jauh mulu jarak jemput nya maksud biar driver yg jauh bagi order buat yg buru jadi ga kepake takut telat nyampe,positive
saldo gw kagak masuk woy,negative
ribet pake verivikasi muka dulu uda pinjol apk jlk,negative
noice,negative
lah tp kok drivernya ongkir sih harga aplikasi mahal,negative
layan okry,positive
lama masih bilang sy x gosend alhamdulillah dokumen aman tetap rapih mksh gojek,positive
mudah guna lengkap banget,positive
aplikasi tak ayom peduli driver yg putus mitra,negative
kalo gojeg driver nya sopan beda sama belah,positive
perbaikin kadang suka eror lokasi sama pas mesen kadang suka tiba tiba blang pun gasesuai misal si gojek nya udah jalan kita,positive
pesan dngan antar hemat proses lama susah driver malah sampe nunggu jam lebih malah kadang ga dapet samsek yg akhir batal harus pilih antar reguler sedia sprti dlu jadi ad pilih super ceoat reguler hemat lalu promo apk sangat jarang yg akhir bikin males kalo mau pake app,negative
sebel bgt titik ga pas tp otomatis disaranin ga bs ubah,negative
drivernya kenapa deh order malah cancel mulu gk mau dpt order dimatiin aja apk nya gk ush aktif deh,negative
mantap gercep pas di perlu,positive
ganti nomer profile susah,neutral
maaf hari,positive
nice deh lebih mudah mesen makan promo banyak cuma emang minus cari lokasi aja map nya kadang salah arah,positive
tiap hasil login tiba tiba keluar sendiri,negative
mohon maaf admin gojek susah belum dapat order sama sekali tadi pagi sekarang juga jangan pilih pilih driver dong mohon saya kasih order belum terima kasih yah gojek,positive
good street good advanture good job and god blees you gogek thankyou,positive
drivernya males ga jelas,negative
doesn t have customer service phone number doesn t have driver phone number delivered to wrong address uncontactable last time i will ever use their service again moving on to grab,negative
gojek mudah segala,positive
i like it,positive
bug gofood baik voucher gofood sedia saat checkout jadi bug update aplikasi baru android,negative
sangat kecewa di bohong gojek kena retur,negative
aplikasi nya bgus driver nyaa kek bbi maen judol trs suka cancel tbtb,negative
mudah cepat,positive
layan online cepat,positive
okey banget deh mantap,positive
dear findaya telat bayar telat hari doang udah tagih tagih kayak hutang milyaran rupiah mana staf tagih pake nama cewek judes judes kosa kata nya ingat uu lindung konsumen ingat bukan ancam ga sopan banget nge chatnya,neutral
layan is the best oke banget,positive
payah driver oper terus ganti ganti gak jelas aplikasi,negative
akun selalu dewa driver selalu benar baru dibatalin pesan cara pihak driver kata rating buruk padahal udh nungguin lama g ngerti tanya dengan rating karna g lihat rating juga baru tau lama selalu kasih rating semua driver pernah beri ulas buruk meski driver yg selalu saya dapat ada yg kurangajar kasar dan juga mesum,negative
cpt tanggap ny,positive
good,positive
mantap lah pokok,positive
ada gojek sangat bantu ga bingung kalo mau berpergiann terimakasihhh jayaa selaluuu,positive
enak banget pakenya rekomendasi,positive
maknyos,positive
gps bagi g,positive
driver banyak pilah pilih banyak alas minta cancel kalaupun ga dicancel driver diam cust chat telp,negative
ga da kembali dana sya kasih tip sama gojek d batalin pas sya ambil mknan jd uang sya raib rb memang ga besar tp lumayan buat jjn bakso,neutral
sangat baik layan nya,positive
mantab percaya,positive
aplikasi yg bener sangat bantu sekali,positive
terlalu banyak biaya ga jelas ongkos edit biaya jasa aplikasi gak cocok buat mahasiswa,negative
kesel banget karna ga adain buat ngechat resto nya resto chat duluan mulu bingung kalo mau sampein,negative
baguslahhh,positive
gila mau gocar jarak deket aja an gilir tinggal sebentar terus cari harga naik rb udh gitu vouchernya pelit bgt kalo kaya gin gmn coba mau mana praktis apa,negative
sangat ramah supirnya ugal ugalan tidak ngebut pokok bagus sekali,positive
bisa verifikasi wajah,negative
udah pake booking prioritas tetep aja lama,negative
god job gojek,positive
cepat layan,positive
maps gojek ga sesuai sama lokasi asli pesan couvee malah jarak beda m,neutral
bagus ada beberapa oknum gojek tidak mau ambil pesan minta untuk mencancel,positive
oke saat butuh,positive
payah ah masa ga bs telpon driver ga tampil nomernya kalo kendala kayak sekarang binggung suruh nongkrongin chat sampe tuh driver sadar kita butuh bantu ga mudah banget sih ribet apa susah nomer telp driver ditongolin aja ga kayak kompetitor belah,negative
sangat mudah kalau mau jalan k mana bantu terimakasih ojol,positive
pilih resto banyak antar cepat,positive
sangat manfaat moga layan makin baik depan,positive
hp maria kena retas banyak tetangga rumah extra jahat mantan narapidana maria ada kebayoran baru jakarta selatan order transaksi akun gojek deteksi dasar riwayat perangkat di banyak lokasi jakarta barat jakarta timur jakarta pusat maria tidak pernah aktif fasilitas gopay paylater pinjam tabung jika ada tagih gopay pinjam arti tanggung jawab retas extra jahat,positive
terimakasih antar,positive
banyak manfaat nya,positive
neng terus setia pakai aplikasi milik negeri,positive
layan cepat drivernya ramah,positive
bagus layan nya,positive
okedeh,positive
puas moga depan terus makin baik,positive
gajelas bgt orang mah dmn mana nyari driver deket malah kas jauh mikir dong kasi udh mepet malah kasih driver jauh hdh,negative
kalo promo hemat gak buat cari driver mending jgn ksh promonya kk,negative
baik profesional,positive
kecewa akun gojek tiba tiba biaya jalan nya jadi naik padahal hari selalu setia guna gojek jalan tuju lokasi yg tuju biasa biaya nya cuma sekarang jadi perna kasih voucher potong harga mala biaya tarif jalan naik kan padahal tau teman sering voucher biaya jalan kadang yg tidak bayar sama sekali karna promoan tolong sama sama sportif tumpang jangan pilih kasih,negative
driver susah,negative
pernah naik gojek mobil nganter kakak rumah sakit pesan nyata sdh bayar sama anak pakai gopay tau sampai rumah sakit tanya sama pak supirnya berapa ongkos pak lalu pak supir jawab sesuai jumlah yg aplikasi tidak ngecek lalu karna buru buru mau ugd langsung bayar supir terima harus si supir bilang dong kalau sdh bayar lewat gopay saya sdh lapor tidak tanggap sama sekali,negative
mantao loh,positive
mantaaaaap,positive
mudah cari transportasi yg aman nyaman hemat,positive
mantap banget,positive
atas mas mukhamad giyono sumardi halo mas makasih iya udah anterin makan maaf malam ngambil jauh sen makan moga mas sehat selalu maaf iya mas kasih tip dikit moga manfaat hati jalan iya mas kalo bawa tumpang,positive
sampah,negative
mantapollll layan gojek,positive
mbantu pas tengah malam gk kluar,positive
mohon maaf bintang rendah setting lokasi aktif realtime pas mau sen gofood pas driver ambil restoran kadang titik lokasi betul sesuai tiba tiba mleset jauh titik lokasi pas driver mau antar lokasi terima gofood,negative
lama program layan gacor akun jarak pendek slot layan aplikasi gojek ga maksimal ada makin buruk,negative
ga usah ngeluh wahai custumer gojek wajar klo jemput jauh driver gojek karna dah pakai promo minta cepat driver pas sampai driver nunggu lama pas tueun nati tips nya yah pa aplikasi mpe lebaran kuda ga bakal masuk,negative
okeeeee,positive
bug ngelag di baik ganggu betul,negative
muas pokok,positive
banyak tingkah masalah mulu,negative
baik bagus sangat guna sangat bantu aktfitas hari hari,positive
so far so good,positive
driver nya ramah,positive
oke sangat bantu,positive
goodluck,positive
menyaygkan putus pihak kait hapus voucher promo akun brdsrkn konfirmasi cs tindak blokir laku sengaja perlu catat bhw tdk perna laku langgar apa thd syarat tentu yg laku tindak cabut hak konsumen dasar hukum transparansi yg jelas spt potensi langgar hak konsumen lindung undang undang atas dasar apa intervensi regulasi mana yg beri wewenang kpd pihak utk lak,negative
praktis saat kritis,positive
driver sangat hati bawa tumpang ugal an jadi ngerasa aman klo pakai goride terima kasih,positive
sangat bantu dlm jalan,positive
bintang aja dulu ruwet kek co nya gk jelas,negative
bagaimana dengan aplikasi apakah tahu bijak playstore notifikasi aplikasi banyak sekali notifikasi guna muncul bahkan buat ponsel jadi lot kurang notifikasi tidak jelas guna baik layan cari drivernya sering cancel driver,negative
gajelas banget posisi rumah di maps lokasi ini malah km lokasi diri jadi gak ubah lokasi jemput,negative
semua benar nyaman aja maaf kalo luar topik untuk sistem paylater mau tanya tenggat waktu spam telepon kalo saya sangat sayang sekali era sekarang serba waspada telepon kenal sangat ganggu depan mohon ikan info invoice lalu lain wa jelas jujur jika benar spam telepon sangat ganggu,positive
gojek layan nya lengkap,positive
aku bolak balik beku padahal ga ngapa ngapain jadi susah naik ojol,negative
walaupun sering eror layan nyaa baguss banget selalu jadi langgan gojek,positive
promo ae gedhe gawe driver e g pikir isi ne untung tok coeg,negative
baik smua,positive
aplikasi budak,negative
loginnya terlalu belit masa x otp pake nomor ok yang pake email ymail gk otp,negative
mantap aplikasi,positive
gojek baik poko,positive
bagus harga selalu k kalo naik gojek mobil usahain murah dikit min,positive
iklan paling caper wong udah download apk nya lama klik silang gabisa malah bikin ngelag hp mau apasih dah download gak gunain karna pertama kali nyoba sen gojek pake promo ga dapet drivernyaaaaa lamaaaa bolak balik buka gofood promonya ga padahal guna baru lho hihhh sebel,negative
banyak driver sangat ramah suka,positive
banyak diskoun nya yaa,positive
apl sangat bagus kecewa,positive
mantap gasssspol ngak kayak yg ini driver top laen yang layan dasar hati hingga penuh dedikasi terima kasih mas wintoro sukses tambah rejeki sehat selalu,positive
baikk aku sukaa,positive
jauh layan gojek gocar sangat bantu beri layan baik masyarakat mau gak perlu cari ojek taksi jauh rumah sekarang tinggal buka aplikasi gojek langsung pesan apa kita pilih,positive
good job awesome,positive
mayan,negative
sangat syukur ada aplikasi gojek semua simple keren semangat aktivitas mantap,positive
sangat kecewa cara gojek tagih telat hari gojek suruh debt collector teror akun gopay later pun lama nonaktif padahal lama saya bayar tepat waktu,negative
banyak banget denda ga da pemberitahuan sblm jatuh tempo nnt sdh lwt jatuh tempo kena bunga baru info niat mau cari promo dpt diskon bayar via paylater yg diskon cmn rb tp lupa bayar bung rb nyesal kejar promo pdhl saldo cukup aja apes betul,negative
sangat bantu byk voucer,positive
moga banyak promo promo spesial,positive
mantap aplikasi nya bagus tolong kalo jalur lebih singkat pilih lewat situ aja karna saya mes pulang rumah selalu lewat jalur jauh padahal ada jalur lebih singkat masa saya mesen selalu bilang lewat sini aja mas,positive
lebih cepat,positive
nyaman cepat dateng drivernya,positive
ramah baik,positive
gak order apa,negative
oke bagus,positive
aju ulang gopay pinjem tolak lunas gak jelas banget padahal yg pertama acc gilir lunasin lgsg blokir tau gitu gk usah di bayar aja,negative
dong ubah area yg jelas dong order susah banget kasi driver kerja malah ga orerann kasi keluarga yg tunggu rumah,positive
lebih mudah segala,positive
hari semua langgan kalau order susah driver sangat perhati jgn alih ojek jgn terlalu banyak diutak atik kalau malah sebab langgan kabur,positive
mau bikin akun malah nomor telpon udah dipake orang belum mau masuk gk mau hapus gk udah kirim email malah suruh lewat aplikasi niat mau chat kendala malah isi bot semua udah ikut instruksi tetap gak dan cuma muter muter doang instruksi lama lama bangkrut kalo kek gin kalian,negative
g ngotak utang rb telat hari doang denda rb d platform lain g segitunya noh gua lunasin abis gua hapus akun,negative
lebih baik,positive
mudah segala beli makan antar order antar tuju,positive
gojek sangat bantu untuk aktivitas hari dr antar jemput anak aktivitas nya tp entah knp akhir oder gojek jd susah di pagi hari sekali dapat itu dengen jarak gojek nya sangat jauh sekali,positive
makin kesini kok makin kayak begini aplikasi nya jek bnerin lah sistem nya orang sen malah datang kan jadi gk enak jek kalau kayak gin percaya tumpang makin ilang jek gimna mau kembang jek,negative
good,positive
selamat tiap mana pergi terimakasih gojek apk ter the best,positive
selalu telat ngantarin pesan,negative
bantu baik jangkau papua tinggal nabire tunggu krn byk kuliner enak tp blm gojek utk gofood,positive
guna baru nyaman profesional naik bintang bila pesan tepat uji sasar ribet fokus langgan,positive
kalo ikut pandu alhamdulillah atas masalah sama kendala yg makas min,positive
pernah leceh driver gojek gojek mau tanggap karena kurang bukti semenjak jadi saya trauma naik ojol,negative
saat mau login gojek selalu ga ya selalu henti verifikasi wajah sama kayak aku mau login gopay kata cahaya kurang padahal cahaya bagus aku lepas kacamata foto buram dong bantu saat aku ga masuk akun gojek gopay aku,positive
gocar daerah majalengka kadipaten banyak supir minta uang lebih km minta nya rb aplikasi padahal rb tertib min gak bener,negative
layan gosend utama gosend multifungsi potong nya terlalu ngeri hampir lebih kasi driver itu info saya,positive
banyak in promo yaa hehehe,positive
jauh baik trims,positive
akhir akhir gojek suka susah nemuin titik lokasi padahal nya gampang tambah drivernya susah chat baik,negative
nyaman,positive
layan bagus nyaman terkadang oknum narik rokok,positive
bagus bantu,positive
drivernya tau jalan padahal belum pernah alamat tempat tuju,positive
mamtap,positive
kadang pesan gofood gak kembali biasa driver mitra kalian siapin uang kecil buat kembali maaf kasih rating,negative
go food nya jelek bisa cancel padahal restoran nya tutup kalo driver cancel cari driver baru gitu aja malam sampe subuh,negative
so far mulai baik moga terus kayak gin depan,positive
gofood paksa mengunakan ekspres tetap telat,negative
utk gofood jgn rugi merchant donk masa customer komplain krn pesan kurang satu trus aju kembali dana lah masa dana yg bayar tarik semua bhkn lbh nominal bayar otomatis rugi besar donk jgn krn modus gitu justru yg rugi jelas layan sesuai pesan klo ada kurang kan hrs komplain hari tanggal yg sama komplain udh beda hari beda tanggal lalu aju kembali kok msh layan dana bayar tarik semua,negative
bagus praktis benar langsung sambung gopay sangat bantu yg kaum cashless kenapa wilayah tiap hujan susah driver even hujan henti sekalipun tetap susah driver jujur aja ini bikin ga nyaman,neutral
dah brapa puluh tau pake gojek pake gopay ga pernah masalah limit gede jg yg kasih bukan sy yg aju tiba banget blokir limit karna bilang score credit rendah ga pake bukti n notifikasi langsung main blokir aja kocak,negative
lah,positive
buruk banget driver udah nunggu lama malah makin jauh dri maps tiba tiba suruh cancel kurang ajar pdhal saya mau rumah sakit lah ajarin driver kalian lebihhh ngehargain org ga sekali kali dapet begini nyusahin bgt,negative
trimakasi sll dapet driver yg baik barang tuju dg aman,positive
meta perlu baik si,positive
aplikasi lengkap,positive
mau pesan makan tinggal dulu baru apknya izin login,negative
layan sangat baik,positive
inti saling untung,positive
jangan kasih kendor gopay nya dinkasih promo terus sangat bantu,positive
guna buat belik makan lewat online malas keluar juga guna transportasi tempat tuju,positive
layan oke,positive
ada notif gopay later tiba tiba denda k,negative
bayar kasih uang tip rapi drive balik minta bayar,positive
oke makasih,positive
paket hilang tidak selesai paket hilang temu nyari csnya susah minta ampun,negative
guna baru gofood cuma k sama ongkir k buat apa belah aja ongkir k pilih kirim hemat standar cepat,negative
lemoooooot abisss,negative
potong besar driver jarak pangkas customer maps tak baik terus uang potong lari kmana kata kembang aplikasi kok makin rugi driver sehat,negative
cepat banget ramah,positive
mantaapp,positive
lanjutken,positive
mantaap ramah,positive
sangat baik ramah cepat,positive
mapsnya benerin jauh banget rumah,neutral
bantu sekali,positive
karna gocat,positive
jalan cepat pakai gojek baik car nya go ride go foodnya,positive
mantaaf,positive
kurir nya kurang responsif,negative
aplikasi lengkap mudah erti mantap,positive
ajar gojek masuk murah buat transportasi mana aku sih gapapa nunggu lama gojek kadang gada ambil gojek sisa bagus tidak kendala,positive
pergi jadi lebih mudah,positive
sy gk pakai gopay utk pmbyran gojek,positive
y bgs lopyu,positive
bantu banget sih iniii,positive
kacau,positive
berapa bulan belakang sering lama driver kalo pesan gojek jam sore atas klo dapat drivernya jauh padahal liat aplikasi driver sekitar lokasi saya guna gojek udah tahun saya sering mes goride tokong dong baik sistem aplikasi,negative
kecewa beberapa kali jenis mobil tera aplikasi beda datang jemput hari kecewa alam buruk pesan gocar mobil besar aplikasi datang malah mobil kecil gitu minta bayar lebih yang tera aplikasi alas bawa barang box plastik kosong padahal cuma saya sendiri manusia yang naik kemudi ga bantu sama sekali bad service,positive
pokok e mantap guna aplikasi gojek,positive
banyakin promo pls wkwk uda bgus bgt,positive
lebih mudah temu alamat tuju harga oke,positive
jelek lambat proses nya,negative
sejaihnya lancar,positive
kpn program hemat di hapus,negative
moga bagus dana amanah,positive
promony mantap,positive
lumayan bantu tarif lebih murahin y,positive
bantu banget,positive
josjizzz,positive
moga jadi aplikasi bagus baik,positive
aplikasi lot parah,negative
knapa hari pesan gojek datang gojek tekan sekali atas nama saya semua saya harus bayar kompensasi salah satu tidak tanggap saya post medsos,negative
tibatiba diblg buat langgar malah blokir akun aju banding beberapa kali malah tolak wkwk alih grab ajadah kesel sumpah,negative
gojek yang baik,positive
gojek carnya lama bgt kalo udh dpt driver buat jemput lama gerak aplikasi kayak gk jalan car nya mkanya aku sering cancel mulu pdahal kalo kliatan jalan aja gk ku cancel trus car nya ngapa yg jauh si nyangkutnya atur nyangkutin yg dekat dulu aja kali kasih yg jauh menit driver jemput makin lama aja yg awal mnt jdi mnt atau mnt astaga gak cocok buat jalan cepat car nya kenapa gtu bukan gojek punya banyak driver car,negative
bagus cepat murah,positive
cepat praktis tinggal pencet datang deeeh,positive
salah alamat gk bs ganti gmn bijak gojek mohon perhati nya ucap terimakasih banyak suwun waalaikumsalam,negative
penjenputan cepat layan,positive
good ada kurang batal driver yg tdk gerak kami langgan potong biaya minggu belum pesan go car kemudi telp gak angkat chat tdk dibalash posisi kendara tdk gerak nunggu menit mana hujan,positive
perihal order arah akun sedang arah order arah masukk baik seperti mula di mana driver ts orderen arah aja yg masuk,positive
suka kalo banyak diskon,positive
gojek banyak dosa ceo nya penjara,negative
goooooood banget,positive
aplikasi aneh aku dah cancel kok tiba tiba muncul driver,negative
alhamdulillah trbantu bgt layan gojek,positive
mudah simple,positive
baik,positive
lumayan dapet coin,positive
drivernya ramah wakru jemput tepat waktu layan baik,positive
sip oke,positive
apk nya sangat bantu,positive
senang kalo driver nya hamble,positive
apa apa go pay biar upgrade go pay plus sangat susah udah foto ulang kali hasil hasil tolong baik atau bagaimana nggak capek nih ambil foto terus,negative
jauh ok sangat muas aplikasi gojek moga sehat terus juang gojek keluarga nya aamiin,positive
aplikasi lot buat mesen mau cek ja muter melulu padahal jaring gk kendala d baik,negative
pesan makan batal cepat apabila ada driver padahal mau pesan makanya tapi takut dobel gara gara stts gantung nunggu driver mana jam baru bisa dibatalin,negative
makin bagussss,positive
gocar banget baik sampe x x pesan driver tolak alas posisi jauh padahal sangat dekat cuma menit posisi mau karena gang padahal jalan cukup mobil posisi mau bawa ibu obat ganti ke grab baru bisa bawa ibu bner bkin sesak rasa order gocar satu jam pesan kalian tidak ada mau padahal saya hapus voucher argo tetap normal,neutral
aplikasi yg sangat membantuuuu,positive
baru mau nyoba,positive
ngebantu banget sumpa,positive
ada aplikasi semua jadi mudah,positive
kenyamanaan aman pilih aplikasi gojek kecewa kalau ngak percaya coba aja gojek rupa layan publik yg sangat sukaiii banyak mudah yg ikan,positive
alhamdulillah bantu,negative
tahula manfaat gimana,positive
jos jiss,positive
dong info saldo aplikasi gojek biar hide unhide jangan melotot mulu kadang gak enak kalo yg liat makasih belum,negative
hari senin kamis ga trip goride sistem gosend kalau ga aktifin layan gosend ga bakal dapat trip sama sekali ga ngasih gaji ko ngatur bawa trip apa kalau ga patuh sama sistem akun bikin anyep atau harus ikut program langgan gacor emang biadab banget sistem gojek,negative
bisa mes apa tolak,positive
bagus tp knp sdh tdk voucher goride gosend seperti dulu,neutral
pesan cepat antar sesuai pesan,positive
ramah cepat percaya,positive
kasi driver nya dpt komisi sedikit,negative
belagu banget drivernya nganter tangerang jakarta aja cancel di diemin gak jelas banget gak niat cari duit,negative
pun mudah gojek,positive
mantap moga lebih baik,positive
hapus program langgan goride hemat kasihan driver kena potong lebih di potong program hemat langgan,negative
nah lumayan nih sekarang bintang naikin,positive
udah coba ulang kali buat install aplikasi lagi simpan aman koneksi internet aman kenapa tetap gagal padahal udah langgan tahun lalu mohon arah,negative
aplikasi lot gojek ga jelas semua jemput lama,negative
gacoor,positive
baru download gakbisa daftar istirahat lama menit lah keburu laperr mau sen,negative
abang gojek ramah sopan,positive
terpercayaaa sekaliii,positive
gojek makin buruk banyak driver merespon bahkan order abai balas chat disiplin driver tidak merespon yang tidak gerak tidak gerak tidak bisa hubung,neutral
lama cari driver,negative
nic,positive
aplikasi aneh verifikasi wajah gak pdhl gua gak operasi muka nya,negative
sy baru naik gojek mobil lrt cibubur mau kotawista jalur aplikasi driver gak pilih lewat non toll maksud mau hemat gak keluarin biaya toll karena jalan arteri transyogi lancar makasih poster marpaung,positive
aplikasi maling bukti transaksi top up udah hasil bilang ga masuk,negative
driver nya gajelas semua kata kasar suruh ngecancel ada dilaporin gaada balesan,negative
semua yg pernah aku tumpang sopir ramah,positive
driver baik layan baik,positive
aman nyampe rumah,positive
kocak bikin ga enak aja udah selesai sampe tuju tiba tiba bikin book baru asli kasi driver nya,positive
murah tadi udh cancel mas aja daet driver bukan soal uang nya soal sistem layan masa udh cancel mas suruh bayar aneh baik tuh sistem nya,neutral
layan bantu,negative
tolong banget,positive
aplikasi baru dg biaya aplikasi rb rupiah transaksi go food terlalu besar kaya dong aplikatornya,positive
aplikasi kenapa sering lot sendiri padahal sinyal bagus hape masih baru aneh,negative
rispek lah kariawan nya udah nungu sampe ber menit menit tetel ga mao nyanperin mala manjauh,negative
mudah cepat muas,positive
bantu beli makan kurang menu sebut komplain lihat atur sebut makan sebut kurang yang kata pihak sebut data sebut sesuai mau perlu atur apa foto lengkap serta makan nya buka makan sebut sudah lengkap makan yg kurang sebut saya kasih bintang satu layan nya jelek udah jelas yg kurang saran liat nyata sesuai,negative
top markotop mah,positive
cepat antar,positive
biaya jasa aplikasi terlalu mahal sekarang biasa nyaman pakai gojek biaya aplikasi mahal terus gopaylater ada notifikasi bayar telat hari baru beritahu denda ribu,negative
sepp maknyosee,positive
biasa guna paylater paypinjam nyata baru tahu bunga cukup besar banding pinjam toko oren sip lanjut akan pakai fitur tsb tokped tokped untuk liat barang aja hehehehe,neutral
lawak bgt sengaja ngasih notifikasi tagih trus ngasih denda rb hahaha,negative
nyaman pakai gojek,positive
suka bangett,positive
cpt murah,positive
sangat bantu terima kasih,positive
isi saldo lewat ewallet kena potong yg di jelas rincian riwayat transaksi sangat sedih,negative
udah bagus banget sih jujur aku anak sma belum dibolehin naik motor sendiri jadi bantu bangett makasih gojek,positive
aplikasi jebak sedia laylateer untuk uras pake rb lupa hari denda rb ga masuk akal lintas darat kendara asal beda nomor plat lain,negative
aplikasi bagus driver responsif banyak cancel kecewa,negative
haduhh apk ga niat apa gmna orang buru buru malah lama banget nyari driver trus drivernya banyak kok lama kali mau jemput keburu telat sampe menit aku nunggu gak dateng dateng,negative
sangat bagus bantu,positive
senang jalan,positive
aplikasi ngeselin bayar gk pernah telat bom waktu jatuh tempo dah bayar full eh malah blokir gk jelas gopay gopay,positive
banyak promo gojek indonesia sukses selalu,positive
cari driver kurir makan nya terlalu lama kalau urgent lebih udh,positive
kecewa banget aku pake gopay leter pake rb lambat hari denda rb kocak bgt g ngotak si aku pdahal bukan g mau bayar memang lupa bgt tlp pas udah lewat jatuh tempo hari,negative
driver baik ramah terima kasih pak,positive
driver nya belagu pilih yg prioritas aja gak yg ngambil uninstall dah aplikasi nya,negative
sekarang harga go food mahal sekali kalah jauh di shopee food,negative
sangat muas pelayananya sukses terus gojek,positive
oke buka blokir,positive
jemput driver terlalu jauh,neutral
sangat bantu,positive
saya rating bintang karena sangat susah lapor driver goshop ambil pesan balas chat ia sengaja putar tidak jauh area sana tunggu saua cansel malaporkan selesai pesan ia tak mau ambil pesan,negative
sangat bantu saya yg gak punya kendara,positive
top gojek,positive
oke baik,positive
bagus banyak bantu,positive
susah bener cari driver,negative
jalan nyaman mantap,positive
apk aneh suka ngebug klo pake jadi nyusahin orang,negative
transaksi jalan jadi mudah ribet tunggu lama,positive
wilayah susah cari drivernya,neutral
baik dlm layan,positive
fotongan banyak rugi dirver gak jadi ftongan driver mlh cz aja,negative
lama bgt cari go food,negative
pesan gomart jam tapi waktu gojek datang toko malah tutup gmn sistem gojek haru toko tutup gomart harus tutup servernya kalau begini mulu nama php bisa jadi orang sudah tf hangus toko ny tutup,negative
bagus keren,positive
jos jos jos,positive
aplikasi yg paling gede jasa,negative
layan jelek ada masalah cs nya gak bantu malah repot,negative
daerah kota sukabumi kalau mau gofood malem suka susah cari driver nya kadang udah dapet driver nya malah cancel,negative
bagus banget aplikasi sangat bantu,positive
kalo mes makan sini harga nya lebih mahal banding shopee food,negative
pesan lengkap ada tindak lanjut dg alas photo lengkap,negative
diskon nyaa banyakk bgtt makasih yaaa,positive
makin tua malah makin mundur gojek bisa nya layan gofood nyari drivernya sampe jam buset jam org ken makan makan anget nyampe customer udh ambyar kecewa,negative
baik antar barang driver driver nya amanah,negative
bagus cepat driver ramah,positive
riwayat onetap susah sekali hapus,negative
kurang bintang dulu kesel bgt sen gofood alamat nya selalu ganti otomatis,neutral
duit sy sedot kalo pas top up,negative
buat mode malam yah kak,positive
lebih murah maxim huuuu,negative
keren sangat bantu,positive
lama dapet driver aku pesan makan nunggu menit dapat driver,negative
hadeh gue dapet diskon gede buat beli gaco malah kurir gak dapet udh nunggu jam biar di batalin malah kagak dapet,negative
joss gandos,positive
device hilang curi orang dberserta lupa gmail gk login sama sekali otp pdhl saya belum premium maksa login pakai gmail,negative
pada mau kerja ga si,negative
cocok buat keluyur,positive
kecewa bgt jujur kalo masalah gapernah ngasih solusi itikad baik,negative
rispek,positive
bagusmbatu,positive
aplikasi udh bagus tp kl bs lebih banyak promo diskon ny makasih,positive
pesan gofud selalu pilih antar prioritas tpi tetap selalu telat lama,neutral
mantap semua masalah selesai,positive
cuman mau bilng buat org yg mesen yg suka nipu abg gojek please mreka tuh lgi kerja lgi cri duit jangan asal nipu aj mreka udh cape cr duit ujung ny nemu custumer yg ga ngehargain please think more broadly and don t be an arbitrary person,positive
mudah urus,positive
perlu tambah fitur chat resto harus mulai resto,negative
well,positive
kecewa apk sen langsung cepet tidak pake nunggu lama,positive
moga gojek makin jaya aamiin rabbal alamiin,positive
maaf bintang udah sering banget susah ngebatalin order yg salah alamat apa khusus gofood yg saldo gopaynya gopay kosong gampang kali batalinnya parah,negative
bgus,positive
sangat mudah mobilitas good sangat bantu aplikasi gojek terimaksih banyak buat develover,positive
mudah butuh,positive
kyc gopay plus tolak terus,negative
gooddd,positive
bayar bagus aju malah tolak,negative
pesan lama jam malah cancel seller aplikasi makin ga mutu pindah oren aja gaes,negative
bantu proses jalan,positive
ganti hp mau login prosedur di laku tetap gak bisa aplikasi ribet,negative
ikan lele bentuk jelek i love u gojek,positive
sangat guna semua waktu saya,positive
mw login ulang nomor lama tiba banget akun ganti email orang balikin akun gmn cara,negative
tiap kali buat pin selalu notif salah pasang pin bantu uang ku nyangkut udah lama,negative
oke alam pertama pakai gojek sangat nyaman drivernya ramah terimakasih gojek,positive
moga depan promo lebih banyak,positive
murce banding apk ojol worth,positive
aplikasi yg sangat bantu,positive
cukup bantu masyarakat guna app gojek,positive
driver selalu s aplikasi jg mudah guna erti guna,positive
aplikasi gaje mesen gojek pencet sekali doang malah sen driver ngerjain ojol aja kasi tau ga dbenerin lah biaya jadi bayar kali kan udah berapa kali jadi kaya begini alamin sama,negative
halloo gmn gojek kok makin lama makin naik aja pdhl guna lama lo awal nya cmn rb naik ckrg naik lgi rb gk salah ta pdhl tuju sama gk bagus lm aplikasi,neutral
alam naik gojek saya sangat bagus sekali banyak faktor jadi alas saya pilih gojek masuk yang paling utama sekali karena gojek rupa hasil buah pikir karya anak bangsa indonesia bangun ekonomi indonesia sudah harus nya yang kata nkri harga mati bangga guna cinta produk hasil karya anak bangsa,positive
sengaja ngasih bintang biar ulas direspon nih malam aku mau batalin langgan gojek plus fitur isi alas muncul aku pindahin lah saldo simpan jago aku cek pagi saldo potong kyk paksa buat langgan terima walaupun nominal nggak berapa tetap aja rasa rugi,positive
gojek keri sama tipu tumpang klu aplikasi sesuai alamat kok titik beda jadi senang alami order tuju sesuai alamat alamat tsbt cmn di surabaya sidomulyo sidotopo jl kenjeran driver ikut map tuju arah beda tengah jalan saya suruh rubah alamat tuju ubah titik yg sesuai harus kena tarif saya bayar brengsek jangan ini lah aplikasi nipu customer,negative
nyaman fraktis,positive
buat driver nya bagus sama biaya murah jangkau lah buat anak sekolah uang nya pas an,positive
apk gak jelas,negative
cepat simpel mantab,positive
sangat muas aplikasi,positive
alhamdulillah selalu amanah cepat,positive
udah download gabisa dipake,negative
sekarang tarif nya mahal bgt udh gitu titik nya ngaco gampang bgt ubah banyak driver nyaa yg alesan lgi makan mlu ga lagi pake gojek kapokk,negative
lancar jaya,positive
aplikasi ter lelet pernah guna internet lancar buka apk lelet tenan cuk,negative
mantap dah,positive
gak pesan tiba driver yg antar krmh aplikasi malah pesan proses bug aplikasi nyusahin driver sama langgan,negative
mantapppppp,positive
sangat mudah orang tidak lik kendara,positive
driver ramah semua kadang yg cuek rapi okee,positive
moga lebih manfaat guna mitra nya,positive
alhamdulillah lama bantu gojek,positive
aplikasi jasa paling bantu hidup hari hari antar jemput beli makan antar barang masih banyak,positive
waktu tunggu cari driver gofood hampir jam bisa dibatalin padahal terang sebut dapur siap makan driver dapat waktu siap makan telat menit waktu antar bayang berapa lama customer tunggu jauh lebih baik aplikasi grab,negative
ya driver nya suka nutupin digit plat nomor suka laku tidak senang jalan percuma buat adu via email klo gak diaduin,negative
jangan mau mesan go food sini datang jam,negative
khusus makan jauh sama spfood lelet susah cari driver lebih pro si spfood,negative
kadang kadang gak dapet ocol,positive
banyak biaya aneh untung pihak aplikator driver resto bagai sapi perah,negative
info nih buat gocar godrive puncak cisarua kalau kaga niat kerja mending kaga usah kerja gua nunggu nunggu diam d tempat kendara nunyul,negative
aplikasi gojek ribet daftar dulu ga kaya aplikasi yg otomatis langsung masuk,negative
cepat layan aplikasi sangat guna saya,positive
go foward,positive
alhamdulillah puas layan gojek y,positive
tiap tiap sen makan goride dapet nya driver yg jauh mulu padahal banyak driver yg deket dapet yg jauh mulu yg estimasi nya menit,negative
kecewa tangan customer service gojek lapor transaksi tidak kenal justru arah urus sendiri pihak tanpa bantu arti guna saya harap gojek beri dukung lebih jelas bantu selesai masalah utama sangkut hilang saldo aman transaksi,negative
mudah terimakasih,positive
alhamdulillah aplikasi gojek izin guna kendara sangat bantu alhamdulillah hari ketemu orang baik juang rupiah yang paling penting sedekah tidak langsung anak happy sekolah sama gojek sedikit saran atribut gratisin aja bapak ibu driver lebih keren kalau pakai atribut yang bersih,positive
deh,positive
so far so good,positive
sangat praktis cepat,positive
mantaffff,positive
banyak driver gojek area yogyakarta pasang plat nomer motor nya alas platnya copot lah jatoh lah,negative
sering ga dapet driver buat gofood,negative
untuk gojek mohon sangat perhati area pantau banyak driver nunggu order kenapa order butuh waktu lama sekali posisi jauh sangat titik jemput,neutral
jujur baru sekarang kecewa sama driver gocar kali dpt driver malah gk jalan gara jauh jalan padahal aku gk sen yg hemat dong buat driver klo misal gk mau y jangan ambil bukan malah nawar harga yg ga masuk akal,positive
bantu para kelana kota orang makasih,positive
bagus sih di chatnya gak privasi soal aja chat sembarang,positive
cepat responsif,positive
saya pilih customer bisa cancel pilhan cerdas driver resto mengcancel kapan mau tambah ada resto tutup aplikasi buka driver enggan bisa cancel resto bisa kabar customer bisa pasrah tunggu menit bahkan lebih untuk bisa cancel kembali dana dan kecewa,negative
tetap karya,positive
layan nya cepat,positive
jangan karna ownernya masuk penjara jadi lot dah apk nya,negative
mantabs,positive
gofood sangat bantu sekali ada lapar mager gojek sangat bantu pergi mager bawa kendara sedang bawa kendara gosend sangat bantu ingin kirim tapi mager gocar go shop ok keren pokok sangat bantu saat butuh,positive
terimakasih atas tangan call center jam sangat cepat,positive
banyakkkk bgttt promonya g nanggung klo promo,positive
sangat sayang driver nya ada aja yg klo ga mau ambil order chat atau telpon ga direspon diem aja ga gerak ada perhati dr aplikasi driver yg ini gpp klo ga mau ambil order tinggal chat customer aja kok jangan diem aja sampe nunggu lama akhir jg cancel jd buang waktu aja jd nya,neutral
bantu dg gojek thank alot sukses buat smua,positive
aplikasi sampah sen makan ga dapet dapet driver pikir sen makan cuman buat nunggu kali buat makan lah,negative
sekarang kalau mau gofood estimasi waktu sampai lama sekali utama diskon murah padahal makan siap masuk ringan ringkas,negative
bagus mantap layan saran metode bayar gopay mudah masa tengah udh bayar lewat gopay bayar sisa nya cash,positive
mahal terus kalau hujan susah dapet driver,positive
warung bukak jadi tutup,positive
kerja cepat tanggung jawab,positive
cepat sekali,positive
bagus cepat,positive
senang baik drivernya,positive
cepat aman nyaman,positive
sangat bantu aplikasi untuk giat yg super sibuk,positive
i hate gojek mau hapus akun aja saldo nol dulu ribet banget malah jadi rugi banyak,negative
it s very good,positive
sopir enak ramah sabar,positive
keren gak banyak drama langsung sat set gak kayak aolikasi belah,positive
padu,positive
gk mutu pinjam gak pernah telat bayar pas lunas mau ajuin gak sesuai mood yah yg acc pinjam gojek,negative
kalo supir gocar mau nerima order bukan tolak ngasi tauu customer malah dibiarin gitu aja nyusahinn,negative
baik drivernya,positive
selalu apes sen gocar xl dapetny calya sigra,neutral
lebih detail dripada apk belah,positive
sekarang nyaman pake gojek terima kasih,positive
okkkkkkk,positive
enak nyaman cepet tarif murah terima kasih gojek,positive
bagi gopulsa apa maksud provider sedia baik yg benar jgn sulit,negative
moga bangkrut,negative
solusi driver kabur bawa order gofood dong,negative
dong bagi gofood nya chat pihak resto kalo cs lupa psg deskripsi mau komunikasi pihak resto kena detail makan spt bagi ayam paha dada tu nyusahin bgt mana resto tuh kasi rata dada yg gak suka mau minta tukar driver gak mau krna estimasi hrs tepat waktu,positive
laksana apa butuh di waktu pakai aplikasi,positive
drivernya ramah,positive
sangat guna buru,positive
aplikasi selalu masalah,negative
lebih cepat jemput,positive
sangat oke baik jalan sangat bantu saat perlu,positive
cepat ga ribet,positive
baik bagus servis nya,positive
tiap hari langgan go jek mana mana nyari driver nyah tengah mati go jek kurang driver apa gii mana,negative
aplikasi percaya guna cepat tanggap respon,positive
bagus bantu,positive
lamaaa kalo mesen gofood suka cancel driver mana ga dibatalin benahin dong sistem,negative
lama,negative
saldo gojek tbtb habis potong biaya gajelas kaya capcut rini ai padahal gak aplikasi gapernah pake sumpah kecewa bener niat mau nabung gojek malah potong biaya gak jelas najis,negative
sistem sering eror posisi driver gerak padahal drivernya jalan,neutral
ku kasih bintang drivernya susah wilayah sragen jalan kurang bantu,negative
jelek bgt sistem gofood nya ga bisaa cancel nunggu lama banget nyata proses apa pas cari diver lama ga langsung di cancel malah gunta ganti driver klo orang sekarat udh keburu mati,negative
cape jalan cikarang jakarta hujan deres gada yg mau ambil order motor sampe mobil cancel trs nunggu jam malam sampe jam malam gada,negative
jujur utk aplikasi transportasi aku selalu pakai gojek drivernya hampir semua ramah ramah ntah selalu rasa safety kalau naik promo lumayan pokok langgan aja kunci tp paling penting nyaman sih tetap pertahanin plisss,positive
udah paling nyaman dah gojek mah mantap,positive
sangat bantu lagi laper sen gofood,positive
gojek apa kok gojek saldo update baik,negative
makan selisih harga asli lagi tambah biaya nang kirim harga asli toko ofline aplikasi i tambah biaya nang kirim total ketemu lebih,negative
nyari driver susah,negative
mudah akses,positive
padahal cuma suruh batalin malah suruh bayar denda rb kecewa,negative
pesan jelek,negative
lumayan bagus,positive
banyak jadi lebih mudah ada gojek mau pergi mana pesan apa dari rumah jadi lebih praktis love buat gojek moga sukses selalu,positive
cukup bagus,positive
susah nyari driver padahal bayar ga gratis wkwk,negative
gojek kok mahal sekarang,positive
kirim cepat tepat waktu banyak diskon sukses selalu gojek mudah cari semua menu aplikasi,positive
dong datang daerah plosok aku beneran butuh gojek kalo beneran urgent sini susah banget,positive
hubung pusat bantu tidak buah hasil uang hilang juta,negative
berat hati kasih rating aplikasi driver gojek sudah booking gocar pukul pukul semua cancel tau bawa belanja baik dulu sistem,negative
aplikasi sangat kompleks usefull era teknologi,positive
drivernya cepat responnya kadang kadang apilakasinya ganggu,positive
makin kesini driver mageran ambil order sorry,negative
sekarang susah banget dah nyari drivernya udh bangkrut,negative
aplikasi nya sangat manfaat terima kasih mudah untuk giat hari hari,positive
ekonomis,positive
kompeten,negative
aku ga masalah sama apk nya aku gasuka banget sama driver nya kasar waktu yg ngomel panjang jalan bilang knp sen hemat ada opang blabla sakit telinga aku dengernya klo gamau cancel aja gausah nerima tp ngasih layan buruk,negative
puas dg layan gojek,positive
suka gojek semua dr aplikasi moga makin jaya gojek indonesia,positive
ga milik aplikasi nya ga iklan nya ga jual aplikasi nya problematik semua,negative
kata potong cuma driver gw dapet order rb potong mah udah lebih kalau ajah potong,positive
oke sangat bantu,positive
paling murah,positive
aplikasi bagus bangga buat indonesia,positive
pernah bayar kali kembali makasih bgt gojek amanah,positive
sangat puas naik gojek,positive
gojek emang nyaman aman,positive
manfaat bgtt,positive
gps lenceng tentu mau kirim barang gps lenceng,positive
mudah banyak promo,positive
udh nahan laper batalin tlol bngt ni aplikasi mending pake apl belah,negative
beli langgan plus biaya ongkir gofood sangat murah beli langgan plus ongkir jadi super mahal dapat gimik diskon promo,negative
mohon beri bina jenis oknum driver mobil aktif gps waktu mes slow respon balas chat kasi sen hampir tunggu menit akan tidak ada pasti kapan datang padahal jarak km titik jemput tidak mau ambil silah chat calon tumpang dicancel bisa nyari driver lain maaf paksa cancel ortu sedang sakit lama tunggu terimakasih,negative
ngebantu kalo lg mager,positive
aplikasi gabener masa gw booking gada yg ngambil,negative
susah driver padahal dibutuhin banget apa bayar x lipat dulu baru prioritas,negative
saat,positive
kecewa,negative
good job senang,positive
baik pokok,positive
siap,positive
lama install nya,negative
sekarang bukan aplikasi transportasi lebih pinjol bikin orang melarat,negative
oke sih sangat bantu,positive
tahu jalan cepat,positive
pajak sangat lah besar kasi driver yg pke motor sndiri biaya service sndiri,neutral
makan saya terima tp kata di antar complain cs ada hasil,negative
stop bikin bijak bentrokin costumer sama driver,negative
lama pakai aplikasi cara umum tak kecewa,positive
sukaakkkkk jujur apk bantu bgtt,positive
makin goblog emang tarif ga masuk akal,negative
enak cepat bapak ramah sopan,positive
mudah hemat waktu praktis memang cepat gantung situasi jalan,positive
sangggattt bantu mudah guna,positive
alhamdulillah baik puas dg layan,positive
daftar hemat goride malah jadi susah yang jauh bikin sistem rugi leuheung mun nu deukeut gacor mh ieu mh angger weh ngahuleung heula nya jauh ngajeumpuna ge tekor bensin ngajemput km kaluhur wae ongkos ngan rb terus isu teh saldo potong rb alloh meni kieu kieu teuing gojek ka driver,neutral
mantap pol,positive
top bgt deh teng qyu abang qu,positive
terlalu uras uang,neutral
driver nya selalu ramah tamah untuk laku booking go rednya selalu lama dpt driver nya,positive
mohon tingkat layan yg lbh baik,positive
sangat ramah familiar,positive
kasih bintang kemarin waktu hari kamis jam an awal mau mesen gocar lalu tau kalau daerah ini susah sekali driver jadi cancel saat aplikasi sedang cari driver tinggal hingga jam an tiba tiba dateng gocar atas nama posisi sudah di tempat akhir teman yang urus masalah sebut kata driver sebut kesal marah saya panjang urus saya mau bayardrivenyaperg,positive
drivernya ramah baik sopan terima kasih,positive
resto tutup order di cancel,negative
aplikasi bgnian aplikasi monyet gua pesan martabak kirim gua bingung neh nyari salah dmana driver ga bsa chat udah kabur resto ga di chat langsung monyet,negative
hapus gofood jarak dekat,negative
apk paling bantu tiap waktu,positive
sangat bantu,positive
sangat bantu kadang sering nge bug apk nya,positive
suka banget error waktu desak gajelas bngt,negative
lambat merespon lapor worst experience ever,negative
parah banget sih pesan udah jam gak sampai kata lambat menit tunggu jam jam gak coba ajuin complain jawab malah ai ckckck kapok beli makan sini gak deh,negative
good aplication,positive
good aplikator,positive
mungkin saran aja filter cari gofood baik tambah filter lokasi jarak kedai dekat jauh gak cuman filter rentang harga aja,positive
selalu dapat alam baik jalan baik,positive
kacau gak nlp,negative
sukakk bangettt gojek kyk selamat hidup,positive
driver ramah tepat waktu bersih,positive
mudah guna,positive
sukaa bangett soal lebih murah aman aplikasi aplikasi lainn,positive
klo sen goride padahal sekitar bnyk driver dapat malah yg jauh parah,neutral
knpa in aplikasi berat padahal ram hp gw loh main game aja ringan lah in aplikasi berat banget asa jaring ngk aneh,negative
murah hemat,positive
gak bantu sama sekali pesan food kali kubatalin karna responnya lambat,negative
mantap responship,positive
maaf banget driver ngeselin beda lokasi kata ngomong terus tadi aku mau ngash tips ribu kalo misal gak mau nganterin bilang aja censel aplikasi sen ulanga bayar k giriran bayar k kata apk asli kata k kalo misalkaan gak mau mending gak usah,negative
gojek partner baik,positive
sangat susah sekali nentuin titik payah,neutral
strses ni apk makin ngaco benerin dong gimanasih,negative
aplikasi cukup baik bantu urus kirim dokumen,positive
jadi ga cancel pesan tiba tiba cari driver ulang konfirmasi drivernya jalan ga cancel jadi pesan saya numpuk driver baik bugnya,negative
aplikasi bolak balik ulah tiba nggak mau buka aplikasi,neutral
bantu,negative
nyaman santun sopir,positive
mohon maaf aplikasi nya baik paling gak banyakin fitur baru misal promo,positive
terimakasih mudah jalan,positive
drivernya asik asik,positive
banyak promonya,positive
untul gofood kirim sering kali lambat krna driver dpt double order makan dingin nungu hampir jam lebih x sperti saran saya mending pake grab baik gofood gocar ny layan ny lebih baik,negative
suka bangett pke apk dn gojekk nii selamat kuu,positive
daftar suruh tunggu menit apa,negative
oke sip mantap,positive
adain fitur cancel order selalu suka pencet,neutral
paling suka pakai aplikasi lokal,positive
biaya tangan mahal,negative
gojek coba chat ny bikin lebih fast respon soal ny driver gojek ngechat telepon suka delay minimal dlu deh baik terus tiap milih lokasi jemput kok aneh skrg gak milih titik jemput nya soal ny klo saya bilang resto b belah ny resto a malah yg tunjuk resto a trs yg resto b gak di pilih anehhhhhh,negative
sering bug sama error,positive
aplikasi buruk hapus aja aplikasi top up saldo tgl mei sekarang masuk ya respon layan cs gopay sangat sangat buruk responn sama sekali responnya lamaaa tidak profesional lelet komplain customer tidak tanggap,negative
mantappppppp,positive
mantapp dehh,positive
knp bintang ny knp gk,positive
the best,positive
aplikasi asu,negative
saat pesan makan lokasi driver pantau tidak bisa lihat lokasi yg pasang guna,positive
jos,positive
susah dapat driver sekali y dapet driver y posisi jauh baik biar mudah driver yg dekat bukan yg jauh di maps y bnyak driver yg dekat sekali dapet driver yg jauh,neutral
anjenggg ongkir gofood mahal bgt kntol anjeng pepek,negative
mantaf,positive
sangat rekomendasi,positive
bagus aman keren nyaman,positive
jemput cepat driver ramah,positive
plikasi lot pol,negative
layan cepat aman bagus,positive
mangkin lama mangkin ngeselin ni apk drivernya jauh jauh posisi bukan malah cepat malah telat cancel kasi ambil lama sampenya jek gojek,negative
mesen gojek yg comfort dptnya ibu dh tua maaf bau motor listrik jg bkan unit baru mau yg bawa tp gamau krn klo ibu yg belakang batre boros krn berat jalan jg deg an krn yaa bawa motor gitulah yg prmasalahin uda msen comfort dptnya kayak gtu apa beda sma goride biasa mesen comfort jg krn buru tau diri badan tinggi gede jd biar dpt unit yg enak nya kayak gitu msuk kategori comfort cba jelasin beda dri opsi yg di gojek thx,negative
moga selalu sejahtera mitra mitra,negative
menu layan kendara nyaman aman,positive
mudah gak ribet,positive
rating ulas resto gofood cuma lihat customer aja dari driver lihat kan ken tau bagaimana resto laku driver bagaimana,neutral
biaya aplikasi di beban kan langgan terlalu besar jarak tempuh km sudah bayar kemudi terima tambah sudah langgan bulan jangan kan diskon ada paket langgan cuma setor uang gojek langgan beri benefit,negative
terlalu banyak pilih jadi bingung aku,positive
bagus poll mudah jalan kmn plis kalau hujan susah dapet driver,positive
rata abang gojek ramah baik hati tidak sombong,positive
bantu sekali,positive
moda transportasi nyaman baik,positive
bagus mudah jalan,positive
makin kesini makin kecewa udh mahal males an drivernya utama kondisi gerimis agak malam ada apk bukan utk mudah sikon itu inimah bukan mudah bikin emosi,negative
tolong lah kadang loading lama banget ampe ga buka buka orang laper siksa sama aplikasi lot gin btw sinyal aman emang nih aplikasi aja lot nya kurang ajar,neutral
sistem aneh udh cancel sama driver karna toko tutup malah mesen bukan off in sistem kocak,negative
beri reting bintang lima,positive
ff game burik,negative
alamat nya akurat,negative
ngellag mulu mau sen makan aja loading terus tolol tolol,negative
mau daftar gojek driver daera manado bisah,positive
aplikasi sangat bantu butuh hari hari driver drivernya ramah profesional bintang dulu moga depan makin banyak promo tarik,positive
paling males pake gojek km ribu njir lah greb km k mana promo go jek mahal,negative
iiii loooveeee gojeekkk soo muchh pria wanita green flag antar aku punn iii loveee uuu soo much gojeekkk,positive
terimakasih atas bantu,positive
ongkir apa bunga,negative
selalu beri yg trbaik baik go red atw go food,positive
lot,negative
enjoy,positive
sy senang pakai aplikasi terima kasih,positive
moga beneran bayar,positive
aplikasi nya mudah,positive
cari kemudi dapat jauh yg driver ga mau jemput ga sat set nih aplikasi,negative
susah cari driver udh tp ga respon malah nunggu lama ga karuan,negative
dapet driver yg seru,positive
dateng nya lama jam,negative
enak kalo pepet beli makan pergi an,positive
mantapp,positive
kasih bintang karna tdk tambah alamat fitur alamat favorit tdk entah di hapus emang gak ngk tau,negative
akun suami tiba tiba blokir jelas suami chat livechat malah tutup chatnya parah banget sekarang gopay malah ada uang dalam akun gk ada tanggung jawab gopay layan buruk banget pantesan aja goto sekarang saham sampe turun udh mau liquid,negative
sorry ta kasih bintang soal banyak driver bayar d bayar org bwt buntutin gw padahal gw costumer gojeg awal aplikasi ada padahal aplikasi sangat bantu dr zaman sblm covid ampe skrg mana pake atribut tolong d benah sop nya sangsi driver yg menyalahgunakan aplikasi atribut jaket gojeg kasi bgt gojek yg jd ta mikirnya bawa jelek semua driver sama pdhl engga,neutral
ribet bgt klo ga update ga buka maksa bgt update udh di update aplikasi ga bsa buka suruh nunggu menit gila pdhl udh keburu perlu gojek brengsek bgt,negative
pihak gojek kembali akun ke regular contoh sopie gocen regular ganti suka hati driver,positive
driver sopan ramah,positive
dc nya sadis guys buat yg mau pake loan nya mikir deh,neutral
suka pkoknya endyull,positive
add fitur ganti payment aku tiap hari ga pernah recheck jadi pake tunai terus,positive
aplikasi sangat bantu transportasi pesan makan butuh hari fitur lengkap ekosistem luas kadang harga naik turun konsisten beberapa layan bisa asa mahal jam tentu user experience oke bisa lebih stabil transparan,neutral
rasa puas ada aplikasi gojek saya harap depan aplikasi gojek makin eks maju saya turut prihatin pak nadiem anwar makarim ini sedang jalan proses hukum,positive
lebih mudah prak tis layan yg bagus,positive
guna,positive
tulang punggung keluarga,positive
wkwk udah mah jarang gw pake gojek sekali pake gojek dapetin drivernya luamaaa polll mending grab aja lah drpd gojek nyari driver udah kaya nyari jodoh gojek udah lama nungguin makan ujung nya dibatalin jg buang waktu udah laper emosi mending grab mana wkwk,negative
gw si yes,positive
tapi kasihan driver nya,positive
jauh masih muas layan,positive
susah dapet driver majalengka gak kaya ijo belah drivernya banyak jadi cepet,neutral
iklan mulu,negative
gojek driver nya gada respon kalo ambil makan customer udh nunggu lama tiba batal terus terus ganti drivernya cancel semua kalo memang gak niat ambil makan nya batalin aja awal udh nunggu lama malah cancel drivernya alas apa masalah nya bukan x cancel bbrapa kali untung pak isharyanto yg mau ambil order buat nganterin makan nya moga sehat selalu pak,positive
bguuuuus bangat,positive
apik,positive
harga udh gk masuk akal,negative
gojek sampah bisa bayar pake qris,negative
gojeg sngat mmbntu sekali,positive
udah paling mantep lah buat anter jemput sama beli makan,positive
sekarang masalahnyaa kalau scrool go food yaa restonya gak banyak trus muncul lagi lagi,positive
driver ga pernah bawa uang kembali kalo beli mau pake metode bayar tunai ga selalu uang pas driver ga mau ngasih kembali ditawarin transfer gamau jadi telat masuk kantor gara driver gamau tf ga kembali harus kalo gamau tf ain kembali,negative
klasifikasi jelas mobil confort mobil yg gk confort avanza all new avanza jelas beda dengan calya harga comfort kasih mobil yg gk confort rugi lah,negative
aman sat set,positive
bagus pakai gojek amanah drevernya,positive
aku suka apk gojek butuh sangat cepat aku percaya semua mas atau mbak drevernya sll di percaya baik moga sukses,positive
layan cepat gampang,positive
kasih fitur buat costumers buat accept driver beberapa driver yg maen accept aja sampai tuju lokasi jemput annoying banget jadi ga batal boking cancle,negative
sangat memmuaskan,positive
mantap,positive
murah senang kantong transportasi rakyat,positive
serba mahal ongkir makan lapor cs jawab ga muas ga solusi,negative
aplikasi yg sangat bantu utama gosend terimakasih,positive
aplikasi nya bagus perlu tingkat bagi maps nya soal daerah rumah masuk komplek belah jadi kadang kali kali driver masuk komplek belah bukan komplek saya,positive
ngisi data selalu sini ga pernah masuk buang buang uang doang jadi,negative
kalau mau bayar otomatis sama dompet digital minimal suruh masukin pin woy gua rugiiiii bayar dobel itu driver tagih saya bayar dobel,negative
alam sama gojek kerja lebih mudah tidak lambat pokok go jek is the best,positive
mana nih cari prioritas cuma fitur gk fungsi sama sekali jam sampe jam kurang gkada tuh dapet drivernya jadi cuma buang waktu doang,negative
sangat kecewa tiba tiba aplikasi buka sendiri lalu order gofood sendiri ada yg menghack kelas aplikasi gojek banyak notifikasi ganggu salah klik sedikit langsung rugi banyak layak uninstall,negative
mo order taxi bluebird gocar goride ada aplikasi gampang guna tinggal klik lalu pilih sesuai ingin mau gofood gomart ada pokok mantul gak ribet ribet deh,positive
jalan jadi lebih aman nyaman,positive
gojek sangat user friendly lg sekarang terlalu banyak fitur banner iklan beban performa,negative
sangat bantu cuman kalau butuh gocar suka susah kadang beberapa kali dibatalin,positive
mantap perut lapar cuaca dingin mas gojek sangat ramah,positive
aplikasi gopay gak jelas top up uang nya gak masuk udah hari,negative
woi gojek punya order nihh resto udah tutup gabisa cancel order nya gopay potong pihak gojek ada bisa saya telpon selesai masalah nya drivernya cancel order pindah driver lagi akhir ulang terus bantu profesional dong sama mitra resto nya kalo sudah closed jangan terima order,negative
banyak driver nya kasar sama males udah berapa naik gojek yang driver kasar terus jadi mau sen gojek males,negative
sen gofood nunggu jam alas driver ada terus akhir cancel gajadi makan ga work it bangett,negative
gojek f drivernya susah bnget cari pas malam sangat sangat rekomendasi kesel gw sama aplikasi gw mau buru ehhhh dapetin driver susah udah pakai prioritas malah tetap aja susah jelek pokok,negative
aplikasi mantap,positive
hargany mahal ongkir mahal driver dapet mulu kalo gak bayr mahal ngebantu samsek,negative
pesan makan jam pagi jam di kirim padahal jarak kirim km dan pas pesan grab lama sekali datang saya telat sekolah,negative
moga lancar gojek,positive
bagus fitur limpah beli makan minta antar barang antar jemput pokok aplikasi guna banget,positive
makin kesini makin sulit cari driver gofood baik,negative
aplikasi tolol susah banget cari driver buat ambil gofood,negative
banyak diskon sukaakkkk,positive
cari drivernya lama padahal udah aktifin fitur cari cepat tambah biaya gak padahal lihat banyak driver udah sekitar menit nungguin gak yang nerima semua drivernya juga driver mesti sy kasih tip tambah meski gak banyak,negative
makan sampai mes,negative
oon bgtt datengnya luama bgtt soal ga dapet drivernya juga gabisa dibatalinn udah gitu restonya baru nyiapin makan kalo uda dapet driver aneehh,negative
bener bantu kalau ga sempet makan sen d hp makan langsung dtg,positive
kasih sanksi tegas driver nama fradifa stiawan kendara scoppy plat bk ail masalah turun custumers tengah jalan tempat tuju alas order kata tidak pantas genit suruh custumers peluk saat kendara driver otak mesum negatif,negative
susah driver pakai prioritas sama benah,neutral
ongkir terlalu mahal,negative
susah driver tetangga dapat driver pesan x dapat driver ga adil,negative
semua buat mudah,positive
good,positive
aplikasi bagus minimal diperbaikin min kayak misal beli makan pas udah bayar beli makan terus makan proses belum sama sekali driver sampe menit mending langsung dibatalin min jangan tunggu jam lebih keburu mati lapar,neutral
buat bc customer gojek mohon henti cancal canceln byk korban driver akun susah dpt order ulah kalian jlo mau pesan pikir dulu x kali klo positif baru pesan jgn udah pesan masuk driver malah cancel mohon henti ulah kalian,positive
ga pake go food sini sistem jelek parah gak bis cancel karna lama ga nemu driver sampe tengah jam ga dah kapok,negative
biasa banget sen go food driver nya double order sen cream soap nyampe jadi nya air lo gojek jangan ksih double order klo pesan nya yg sekira nya siap saji mau makan anget jdi anyep ber air,negative
sigap,positive
bagus amanah,positive
guna lama gojek beberapa kali tolak gopay later gak papa kok byk aplikasi yg bantu mulai hari akun sy tutup sangat kecewa,negative
aplikasi tipu masa biaya sampai dobel dobel banyak driver nakal gocar,negative
guddd,positive
mudah banget buat mageran,positive
poko paling praktis paling oke gojek selalu hati,positive
siigap,positive
jooooossssssss,positive
ngebantu bgt terus banyak diskin lop lop deh,positive
selalu jadi pertama buka lengkap cuma rada mahal sekarang moga makin langgeng serta jalan warga aktivitas,positive
cepat bersih aman tanks pak gojek,positive
cuma chat drivernya kalo gak buka gatau kalau di balas,positive
gojek bnyak bantu,positive
kurang bae driver nya,negative
gojek diskon makan lumayan banyak,positive
luar biasa bantu,positive
cuman gojek henti waktu terang menit sampe udah menit ngga sampe sampe main kata tolol,negative
jangan pakai gojek customer service kerja baik ada kendala rugi tidak bantu langsung tutup lapor nya customer service malas,negative
astars,positive
driver ramah aplikasi eror customer kena marah itu rating customer dapat lihat driver jadi adil customer driver lihat jelas siapa apa isi ratingnya customer bisa,negative
banyakin promo min,positive
makan gw ga sampe gofood kok dobel order sekaligus info terlalu,negative
pantau akurat,positive
aplikasi nya lama bikin sebel udh aktif fitur gofood exspress malah datang nya telat trs udh kali kali kek gin bikin males driver nya nolak mulu kalo gk nolak terima gk jalan tambah bikin males hadee mohon dibenerin dong gojek,neutral
org nya ramah,positive
tetep aja kalo ujan ga driver yg mau ambil order,neutral
pesan gofood satu tengah jam gak driver kata pihak gojek suruh batalin lahh mau lo sendiri aja cong,negative
terkadang mitra malas baca terang customer malah marah marah titik jemput pick up bisa pas di tidik benar sering minta biaya parkir tunjuk karcis parkir,negative
good pokok,positive
resto buka tutup dadak gopay tulis refund hanya interface mau pesan gopay tetap tulis cs lama gimana,negative
oke,positive
gojek sekarang jarak deket rumah mahal udah mahal lama terus makan nya ga jelas bersih nya please jgn asal aja donk ni gojek daeran bandung parah aku beli bubur pagi bubur nya tutung bau sangit sambel nya udah basi ampun deh bikin kapok udah laku malah ongkir naik ga jelas yg jual nya dimasukin aja,positive
gojek kamu sih kok error baru kemaren loh padahal bikin kasih bintang lah urusin sistem bisa makan udah telat terus dibatalim otomatis,negative
bantu customer,positive
banyakin diskon nya yaa,positive
mudah segala macam transportasi gojek gocar gosend sangat bantu,positive
bagus nyaman,positive
udah minggu padahal transaksi batal saldo potong mana gede tiba nmasalah selesai uang masuk peser,negative
sangat rekomendasi,positive
kasih bintang dulu bagai mana cara masuk akun gopay yg lama thn lebih pakai karna kartu hangus jadi bisa terima otp salah isi saldo nomor yg hangus yg hilang mohon bantu,positive
sngat kcwa pesan prioritas smpai nunggu hmpir jam tpi ad yg acc ad yg acc tpi cancel driver dgn alas jarak jmput jauh pdhal cma km jarak,negative
mantap,positive
terima kasih gojek sangat bantu azqa printing,positive
salah satu aplikasi favorit ku bisa bantu mudah segala butuh urgent sehat selalu driver sukses gojek,positive
opsi kirim gambar ga jadi gak kasih jalur alternatif kalo gg jalan portal utama malam hari kasihan kurir muter,neutral
sekarang kalo salah sen baru sen gk di cancel rubah pesan atau alamat,negative
sorry bintang soal alamat suka nyasar,positive
jauh nyaman tarif,positive
rekomendasi banget buat emang kasih kendara pribadi itung itung jadi ladang rezeki buat driver nya alhamdulillah jauh selalu ketemu driver baik baik,positive
good bantu banget dlm ada laper dadak males keluar,positive
mantap,positive
mantap,positive
solusi banget,positive
apk gajelas nunggu lama malah dicancel mana susah cari drivernya,negative
jadi ojol atas ojol yg laen,positive
kasih bintang aja mesan go ride gak yg nerima jelek banget,negative
sukses selalu buat gojek abg driver yg baik sopan,positive
jangan didownload gak drivernya,negative
baik mantep,positive
gojek benerin lah fitur buat login nya masa udah beberapa kali mau login akun sendiri gabisa harus nunggu jam jam perbaikiii,negative
susah driver,negative
aplikasi bobbrok,negative
tiap sen gofood lama sering batal drivernya mau batal pesan suruh tunggu jam,negative
apa sen gofood udh jam blm dapet driver suru batalin yudh ku batalin trs sen tetep ga dpt alhasil nunggu jam an lgi kgk dapet apa kira org ga laper apa kli siapin dulu drivernya baru siapin makan,neutral
bayar aplikasi driver hasil bersih yg kata potong harus driver dapet lah yg kasi drivernya parah sih udah bayar mahal d cekik parah sih aplikator satu,negative
manfaat pergi ribet,positive
susah cari driver kali ga yang ambil,negative
kadang bnyak dibatalin kecewa kadang bagus kadang bgitu,neutral
aplikasi bagaimana driver ojek jarak tempuh jemput hampir lebih km kata fitur cari dekat jarak jauh apakah dekat tambah untuk gofood nya masuk di tulis ongkir rib nyata tetap ribu hal saya sudah langgan gojek plus tetap saja tidak diskon dasar aplikasi butut aplikasi kikir,negative
apaansi hujan dikit aja gamau ambil order,negative
lama banget buset udah beberapa kali gonta ganti driver bikin buang buang waktu aja,negative
susah cari driver lama sekali dong kalo pake hemat terima,negative
tidak explore makan yg tampil itu saya rasa di beri radius beberapa km,negative
baguss fitur go transit,positive
driver lu banyak tingkah mau cancel go food susah bener sering nolak nolak pesan driver kalian tu,negative
pd hari snin sktr jam stngah enam ancm mw mtikn sama gojek siantr tngn knk btuu di lmpr ny mw bwat laporann tindak tegass krta ny suprah,negative
makin lama makin aneh aplikasi sen gofood gak pernah driver,negative
gaada mau acc sial,negative
sistem navigasi kurang bagus sekian banyak gojek saat pesan dapat trs jobnya yang gofood beda jobnya gojek kan kalo sama gojek arti bisa dong saling bantu karna tip kurang banyak inti ini hanya mau bilang kalo navigasi tingkat terimakasih,neutral
ampas,negative
sistem baik karna hujan ongkos sama x lipat padahal mobil kalo motor pantas,positive
pesan opsi driver yg gak ribet tp yg mlah driver yg jauh ujung dunia sana tadi mau cepat mlah jadi lama nunggu nya gak jelas ni apalikasi,negative
tangan cs buruk banget nomer telepon bajak guna daftar akun gojek orang kenal minta bantu cs tanggap malah minta tidak bisa di proses,negative
terima kasih mudah aktifitas hari dulu ulas seperti atas sekarang tgl mei mau bilang harga gofood mahal driver yg nganternya jadi jutek cepet marah pdhal sdh minta maaf telat respon menit ga menit juteknya minta ampun mau kasih bintang sedikit kasi takut kerja hanya gojek fikirkan solusi,positive
aplikasi jelek,negative
ga mau nerima uang kecil,positive
developer baik aplikasi nya padahal sinyal ku sangat baagus entah aplikasi nya malah loading ganggu sekali,negative
sangat bantu jalan ku pulang pergi,positive
promonya mantan dn cepat,positive
aplikasi transportasi umum cepat nyaman aman l di daerah jaring pluit kurang banyak gojek,positive
makin kesini aplikasi makin sering error tolong update dong,negative
layan sangat baik,positive
di hapus aceng argo goceng driver sengsara,negative
diskon kurang banyak,positive
pokok top markotop,positive
aplikasi bagus buka lapang kerja justice for nadiem,positive
moga untung hari,positive
maksimal optimal,positive
kasi ongkos drivernya kecil,positive
hemat cepat,positive
adain fitur ambil barang lebih satu tempat sering kali aku batalin driver grgr ga ambil tempat,positive
tiba harga goride reguler naik k biasa k loh kok tiba k rute ngawur maps nya,negative
sekarang susah dapat driver,negative
sat set nyaman amanah nuhun pis kang,positive
gojek pinjam pinjam pertama bayar lancar pinjam di tolak hadehh kecewa slalu stia go jek,negative
alhamdulillah bantu mobilitas sekarang lebih baik layan,positive
super,positive
good job driver,positive
sangat bantu pergi jadi lebih mufah,positive
mantaaaap banyakin promonya dong biar makin betah pakai gojek,positive
mudah enak cepat,positive
fair kalo customer kasih rating,negative
mantapppp polll,positive
apk bagus baik,positive
pulsa sangat mahaaaaaallll masa pulsa harga mending pake ovo shopepay aja,negative
okegass,positive
mantapseu,positive
susah cari driver ampas,negative
harga jangkau alamat tepat,positive
sopir sdm rendah larang gabung aplikasi gojek,positive
harga lebih magak apps sistem buruk,negative
sumpah driver songong banget kaya udh ambil order ga jalan jalan udah nunggu mnt minta cancel kren sekarang driver gojek ga dulu driver ramah ontime sekarang bintang aja songong ga tangung jawab,negative
emang paling,positive
aplikasi error ga guna driver gak gerak dapet driver jauh jauh,negative
gofood sekarang apa yg cari gk prnh ketemu krn batas jarak pihak gojeg yg biasa gw bebas order pizza skrng cari gk ketemu alas jarak gw gk mslh gw gk rasa rugi cukup gw alih aj jdi guna shopeefood shopee instan semua semua gw dapetin yg rugi kalian pihak gojeg tiap yg ganti atur ujung ujung hilang guna krn bijak kalian yg buruk,negative
biasa pakai gojeg alamat tuju sama hari tarif naikntinggi banget rb jadi rb ada naik tarif koq gak info naik tarif,neutral
pesan gojek bbrp x d cancel mulu sama driver nya pdhal kan bayar,neutral
apk gk jelas posisi drivernya suka diem terus tiba tiba jalan kenceng banget terus tiba tiba jauh posisi drivernya malah kadang muncul arah yg lawan udh lewat paling kesel pas udh kayak gitu udh tunggu lama lama drivernya enteng ngebatalin kira orang yg sen gk kejar waktu kali udh gitu harga suka tiba tiba dinaikin gk tau saya yg awal paket hemat k sekarang jadi k ngeselin banget serius,negative
lebih mudah praktis mau dan mau apa d sini,positive
terima kasih,positive
nadim makarim cipta juta lapang kerja,positive
sekarang drivernya banyak songong gak mau pickup alesan jauh lah apa lah aja lebih parah chat gak balas diemin mikir dikit kadang buru kejar waktu kalau umpama gak mau pickup alesan atas langsung bilang aja by hubung telfon set dah driver kyk gitu kok gak suspend kena denda hadeh jatuh buang buang waktu maaf kalau sekira kata kurang kenan itu fakta lapang,negative
susah sekali cari driver padahal tengah kota,negative
moga depan bayar pakai qris,positive
x cancel alas jelas mungkin akun baru,negative
untuk bayar baik guna qriss apk transfer lain tambah ovo dana atauapapun tolong ongkirnya sesuai jangan mahal makasih,positive
wey susah dapet driver prioritas gak dapet dapet gimana gojek driver ga mau ambil order,positive
moga smua driver gojek bagi waktu ada smoga buat pt gojek sia kelola gojek sekarang mikir berat jangan banyak program gak jelas tp nyusahin pakai pikiranya karna ada driver gojek kembang pesat bisa besar driver utama juga customer inti driver lebih di utama dari makmur buat driver dmana ada tetap semangat selalu jaga sehat pikir positif ting ting slalu ingat kluarga slalu positif,positive
susah dapet order aplikasi jelek,negative
mantap di percaya,positive
gojek memeq udh jauh jauh kira citer,negative
sauang baik,positive
mahal ongkos kirim go food bagai macam biaya driver muter minimal untk jarak gofood km aja dgn resto yg cepat pnajian nunggu jam lebih krna driver ambl order skligus byr mahal biaya ongkir admin biaya siap apa itu jgn salah sepi enak waktu gojek d semua pihak dlu hadehhh,negative
driver susah buat temu utama saat lagi buru buru bener bener butuh go food ada aja halang buat nyari driver dekat selalu ketemu driver jauh titik lokasi resto yg pesan,negative
its work,positive
najis kali gojek gua pesan makan mau komplain via cs ga tadi resto pertama udh kali cancel driver sekarang ganti resto lama dapat drivernya bapuk mending tutup aja sekali goto payah chat cs ga bisa gila banget nih goto,negative
paraahhh driver sering ambil order sengaja biar tunggu lama batal order lalu naik harga,negative
nyesel donlodd lagi butuh butuh kendara malahh nolakk prioritaskann malahh kaga yang nyautt,negative
fiturnya makin banyak tarik gopaylaterku tak pakai padahal sangat guna benar ayo gojek aktif kan bisa saling support,neutral
bagussss bangat,positive
okok,positive
sekarang banyak driver minta cancel bayar manual mohon tindak lanjut i,negative
titik pnjemputan akurat,positive
aplikasi sial nyari driver stengah jam sen dapetnya posisi ngejar kereta lokal jam alhasil gajadi pulang rumah di baik ya sistem cari driver nya,negative
s,positive
mantep sihh,positive
aplikasi dongo,negative
mudah kan cari makan malam hari mau upun siang sore,positive
mudah aktipitas banyak pilih lengkap mau nyari apa ajah d aplikasi gojek,positive
hidup gojekk,positive
aplikasi paling maruk driver nya gw pake mode hemat gamau ambil cuma kalo pindah apk belah langsung maruk bgt woilah,neutral
susah guna gaada drivernya,negative
suka banget jadi kalo males luar rumah tinggal mesen bantu banget buat kaum mageran kaya aku,positive
sangat bantu saat jam sibuk,positive
driver gojek banyak yg sulit titik akurat akhir nyusahin guna jasa belakang hampir semua driver gojek bisa telpon terima paket harus selalu minta kirim yg telpon repot buat apa isi info no hp terima kalau driver bisa telp baik app nya sengaja tulis kapital semua complain di lirik kembang app ya,negative
orang sopan jemput cepat cepat mobil nyaman,positive
kualitas chat telfon sangat lambat,neutral
abang gojek sabar ramah kirim barang cepat,positive
ya atas nama driver hari setiawan giri bk ana tdi mesan point coffe indomaret katamso pantai burung barang nya ada tangan padahal sudah bayar lewat go payy,negative
sesuai dg butuh yg gesa gesa,positive
respon cepat banyak untung nya,positive
mantap semangat kang ojek,positive
sering eror,negative
sangat bantu utama saat pulang sekolah ada bisa jemput sering deh pakek,positive
ini klo pesan rute kasi paling lama driver pada jauh,negative
enak b oiiiii,positive
murah aman tepat waktu,positive
drivernya selalu muter jauh jemput padahal map aja jalan yg singkat buang waktu,neutral
lama dapet driver nya,negative
barusan top up gopay shopeepay terang shopeepay transfer sukses saldo gopay masuk kenapa,neutral
cepat tepat,positive
sangat bantu pergi,positive
pesan go ride gak pake hemat biar cepat ribet bayar lebih mahal aplikasi estimasi driver tiba menit nyata driver tiba menit kemudian rugi banget pake gojek kalau kasih bintang driver gak berani alam netizen driver pecat tumpang intimidasi alas driver dompet tinggal bilang pas jemput kalau bilang awal ga masalah buat saya tunggu manusiawi kalau yg tinggal,negative
kalo mau rame hidup akun kena pm apalgi baru panggil kantor tiba tiba putus mitra kan kocak juga dijalanin,negative
promo blm pake pas mau guna gabisa tera promo di pakai mlu hadeh,negative
driver nya pilih uang nya lebih banyak,negative
jalan yg senang nyaman,positive
mudah dlm jalan,positive
kenapa mau masuk apps gak bisa,positive
aplikator dungu,negative
gatau suka bangetttt,positive
terima kasih jalan muas,positive
mantapsss,positive
sangat bantu mantap,positive
ga order gabisa login aneh,negative
parah banget nih aplikasi mau order gak trs,negative
aman banget jalan nyaman ramah saefty pokok,positive
lot banget aplikasi,negative
titik jemput susah banget edit bikin driver sering salah alamat kesasar,negative
udah nunggu lama lama sekali dapet malah cancel sama abang gojek nya padahal ken berangkat sekolah jadi sekolah kecewa sekali kerja gojek sekolah smpn jakarta selatan sangat kecewa sudah kali kaya begini dapetnya mohon min lanjut lebih perhati misal nambahin upah driver bantu banget min driver jadi lebih semangat kalau dapet order juga gak bakal telat jadi nya,negative
sangat bantu mudah paham,positive
kmrin mei pkl lebih psn gocar dr mog jedong dpt driver pertama jarak mtr mnt jl sumbing driver gak gerak gak respon chat trtulis aplikasi macet klo d batal bs kena biaya rupiah nunggu menit ttp tdk brgerak tdk respon chat akhir batal pesan pesan lg gocar dapat lg dr jl sumbing jarak mtr lbh menit awal gerak tidak respon jg kemudian respon chat bilang mau cari makan dulu,positive
parah buat orang login otomatis daur orang masuk akin ikel saye,positive
mudah jangkau,positive
klu jarak jauh langsung dpt driver klu jarak yg deket susah dptnya gilir dpt suka d kensel klu pesan pas d mlm takbir,positive
gojek makin ngaco titik koordinat bln kalau sen gojek titik ga pernah bener driver nya manja manja ngga mau nyamperin kordinat yg chat mohon baik layan gojek utama drivernya jangan manja kalau ada ubah hapus aplikasi go jek saya sudah update versi baru nya kak,negative
guna rakyat tidak punya motor,positive
tidak punya pinjam gopay pinjam tpi teror ancam klo data disalahgunakan sebar akan tuntut balik,negative
terimakasih gojek indonesia,positive
selalu cepat layan,positive
gak tahu akhir susah banget driver altiflan prioritas padahal had biasa ada tulis rame aktif prioritas jadi sekarang gk minat pakai gojek,negative
semenjak update sekarang malah jelek nya driver dekat malah ngambil yg paling jauh sering tiba ngelag keluar sendiri malah sering ga driver karna aplikasi bilang dapat cari driver padahal bukan jam sibuk,negative
ganti reviewnya keluh tangan tdk profesional yg aju lapor ttg transfer gopay tdk kenal malah gopay yg blokir jadi gk pake gojek krn bukan guna cash sunggu nyita waktu buat bkin lapor sperti mana pagi subuh pas siap mau berangkat kerja kesel,neutral
pagi pagi order gojek senang driver sopan ramah hambel,positive
untuk layan comfort klw memang bayar lebih mahal apa asal bahaya hampir celaka ulah driver,positive
lebih mudah utk cari transportasi makan,positive
kalo ndak nyariin driver jangan sulit batal kalo emang warung tutup kasih tanda tutup jangan bikin nunggu lama gara gara dah nunggu lama akhir cancel kan astaghfirullah banget,negative
ulas ku tahun tahun lalu bintang sekarang jadi update turun bintang banyak nya pesan ku selalu dapet driver baik baru pertama kali minggu dapat driver kurang kenan baik intimidasi customer dari awal resto chat driver beda sendiri juga jalan titik antar udah banyak pesan baik kalau orang depresi masalah pribadi jangan bawa tempat kerja profesional kode etik harus driver paham,neutral
apk yg bantu bangat,positive
applikasi miskin rakyat indobesia,negative
tahun pakai aplikasi tapi layan sistem tetap jelek,negative
resto terlalu lama nyiapin makan ga dicancel payah,negative
bantu saat tidakanda kendara rumah entah buat keluar beli makan banyak diskon promo lain tarik,positive
pelayananya baik skali,positive
drivernya sangat sahabat,positive
drivernya rata rata gak amanah performa turun jauhhhhh kompain respon lambat,negative
sangat lambat,negative
makin lama makin mahal ga ngotak,negative
bagus layan main cepat,positive
drivernya gk amanah banyak bikin kecewa,negative
driver lu nda punya otak,negative
buat bgt,positive
bagi gofood banyak banget jelek nya susah dapet driver timer otomatis lambat real time chat cs balas nya ai meski bahasa nya kaku kita suruh pilih jawab tidak tulis sendiri sambung cs beri bebas chat apa nyata masih ai jawab beri informasi kait pesan bukan jawab tanya jujur gk tau bangga gk sisi ini apk negri sisi tidak muas,negative
aplikasi banyak peripikasi muka hari x paraaaaaaaaaah,negative
udah usaha jadi langgan yg baik masih banyak driver yg males an sepele order langgan kasih sosialisasi kalau terkadang pesan yg urgent,negative
driver lu gak niat kerja jam gua nunggu driver ongkir lu mahal gak jelas,negative
memang tarif murah cari drivernya lama sampai menit pun sudah pilih menu yg nambah tarif terimakasih,negative
drivernya gamau ambil order hemat,negative
sangat bantu cepat profesional,positive
korban tipu fitur gojek pinjam akun hack tadi nya ken benerin akun gofood ingin pindah alamat malah tipu oknum mengatasnamakan cs gojek fitur sesat celah buat tipu sesal instal aplikasi gojek harus nanggung saldo besar juta di beri gojek tidak rasa pakai uang trsbut kalaupun tolak bayar karena tidak makan uang perak tagih sendiri laku nipu,negative
mungkin gak semua banyak banget driver taksi online gojek suka minta batal pesan padahal lama tunggu ibu alas udah males dengan aplikasi gojek mes gocar,negative
thankyou,positive
udah x beli gofood dibatalin mana udah nunggu jam lebih makasih gojek,negative
kok sekarang pilih restonya gak banyak aplikasi berat banget,negative
mantap aman bagus,positive
mudah guna tdak langsung ganti yg,positive
terima kasih gojek teman setia,positive
sistem layan krg pada driver nya banyak pada jual mahal ambil order,negative
dpt cansel dpt lg dicansel lg tp cukup bantu,positive
enak simpel yaman,positive
masa mau batalin ga driver aja nunggu sampe menit mana perut dah lapar keburu emosi,negative
gojek aplikasi suka banget eror klo cuaca jelek dikit aja ampun deh mau gojek mau gocar aplikasi ginikan niat mudah langgan klo ujan klo gak kendara malah bikin marah orang klo gosend cuaca gerimis dikit aja udah tuh ampun an,negative
go food skrg gak jelas atur utk konsumen masa nunggu mpe jam buat cari driver,negative
kasih tau drivernya jangan pilih pilih order rezeki allah,negative
napa suka lot si gilir mau dipake sinyal sama wifi lancar padahal apk belah aja lancar lah lag sendiri,negative
gofood buruk,negative
revisi aku dulu kasih bintang gojek udah benah ga lot bahkan hp model lama sekalipun buat bayar qris driver datengnya cepet jarang cancel driver baik motor oke helm ada pokok gojek mantappp ga kalah app ojol lainn salut bangettt,positive
kalo keluar kota gojek ga buat pesan makan jln,neutral
batalin makan lama banget padahal udah menit ga dapet driver harus maksimal menit klo g dapet driver cancel gin orang udah laper menit baru cancel kan aneh banget udah dapet driver baru ga cancel sistem ny di baik,negative
aplikasi tolol gagal terus mau masuk verifikasi wajah,negative
siap sedia di butuh kan,positive
terpecaya,positive
bagus banget buat pesan ojek pesan makan,positive
dh,positive
sangat cepat,positive
masa sen gocar titik nya suruh edit kata ga ter akses padahal tengah kota makin ancur mah mana klo sen gofood lma bnget driver nya,negative
semua transaksi mudah,positive
layan buruk makin susah cari driver sama dapet driver jauh lokasi payah,negative
driver lembu customer raja,negative
selamat pagi berkah dalem gust gojek muncul menu terima kasih i,positive
ssangat bantu efisien waktu,positive
selalu cepat gojek nunggu lama,positive
aku sen makan gofood sering kali gaada ngambil drivernya mana padahal tadi lho beberapa driver ambil kenapa enak cancel coba mentang mentang paket reguler gitu gasuka deh aku udah nunggu jam lebih bahkan sumpah bisa mikir gak sih klo aku mesen makan lapar sini,negative
overall,positive
mapsnya kadang ga jalan ga sesuai kyk tiba ilang mapsnya cencel padahal nyata drivernya mas jalan gitu kan kesi jadi sen kali waktu,neutral
gimanasih sy udh order tp gd yg mau ambil pdhl cuaca lg bagus,negative
awal naik ojek motor murah hemat beli pulsa token eh makin kesini jadi serba mihil x lipat tambah lg stngah lipat kacau pindah ah belah wkwk,negative
sangat bagus drivernya ramah baik banget mabok mobil kasih permen jemput cepat ajak ngobrol drivernya murah percaya gak nyasar,positive
langsung gercep,positive
makin kesini fitur nya makin jelek makin mahal ga promo padahal udah lama pake apk,negative
gojek paylater kerja sama pinjol findaya kerja bagi data kerjasama harus pinjol findaya beri ancam tagih lewat applikasi gojek customer harap jadi perhati usaha ride healling besar gojek lolos pinjol kacam lalu applikasi gojek paylater ancam nya beri sms lalu app gojek ancam cedera keluarga dekat sungguh terlalu,negative
tingkat kan terus jangan kecewa,positive
apk dari awal tahun ganggu mulu gak log in,negative
wah alhamdulillah cepat tepat plus promo promo nya bikin kantong gak bolong terimakasih go jek memo ku penuh,positive
zps akurat,positive
sedih banget driver gojek susah dapat bahkan ga saat konvoi persib padahal pagi rame bgt driver sekitar banyak loh cuman ga yg mau ambil akhir ga kerja hari krna ga driver tarif udah tinggi cuma tetap aja ga yg ambil yaudah sekian makasih,negative
ramah baik sikap,positive
mahal kali harga apk toko langsung masa iya beda rb banyak untung gofood yg jual kyknya mana ongkirnya rb parah sekarang matok harga,negative
sngt mmbntu sekali,positive
praktis ekonomis sudah bukti,positive
manttaab,positive
banyak gojek tpi tdk mau tumpang,negative
akhir akhir sering banget pesan dibatalin sistem gak tau mau order ulang harga malah ubah jauh kan jadi males ah kan kesel jadi lu,negative
apk gk jelas,negative
kecewa banget sama gojek tiap gofood udh dapet driver langsung ga ambil nunggu jam udah nunggu kadang dapet kadang engga ujung ujung harus batalin padahal dulu ga kyk gin kalaupun naik goride nya sama lama dapetnya jauh kadang yg gamau nerima karna lihat nominal kalau daerah rawan kyk zona merah oke paham kalau bukan zona merah ttp aja di tolak lama lama pindah apk,negative
sen makan lama nyampe nya udah gitu driver nya ribet kalo makan sampe tepat waktu harus potong harga dong jangan voucher kalo voucher mah pas belanjain kita nya telat lagihh voucher telat terus aja kayak gt sampe tua,negative
gak usah adain event game puzle lah klo game nya cacat ngabisin ruby ngabisin waktu hadehh capek,negative
kemaren main candi prambanan keluar candi order gocar sudah info tunggu sudah foto lokasi chat drivernya mana karna tdk tahu titik jemput sana tp driver tdk merespon sama sekali posisi hujan deras lalu lihat mobil yg pesan datang saya panggil driver tdk henti saya lari ngejar driver tp driver bilang kalau batal alas nunggunya ngga jelas tp knp ngga respon di chat jahat sekali,negative
oke banget baru pertama pakai,positive
sangat senang,negative
mantep cepat,positive
gampang ribet,positive
lumayan bantu meski rada lelet,positive
bagus aman kendara,positive
uang top up gopay gak masuk cs gak tindak,negative
sangat bagus,positive
biaya aplikasi besar mitra customer makin tindas,negative
susah banget nyari driper jadi tumpang biasa banyak driver ken orioritasin ongkos nya naik,negative
apk jelek driver susah bgt cari udh gtu drivenya doyan ngarett kdg dh terima order nunggu lama bgt eh tb chat suru batalin aja msi lama hrus nganter yg dlu klo ad bintang tengah jg gua rating,negative
fast and furious well done,positive
driver komunikatif tks,positive
free for nadiem,positive
driver gajelas,negative
mantap sukses terus buat gojek,positive
susah banget dapet driver order gofood apa driver nya makin tekan tidak sejahtera,negative
jarang driver dgn kondisi waktu dini hari gin semangat terus mas driver berkah tiap usaha,positive
puas banget pokok pake aplikasi,positive
aplikasi ter mantap,positive
apa gw beli mie gaco harga nya pas gw liat jadi aduh,negative
susah dapet driver goofod mls bgt lg laper malah gadapet,positive
diskon customer banyak karena guna setia gojek gofood gosend,positive
suka lama gojek nya dateng kalo sen makan makan udh siapa gojek nya yg gak dateng dateng,negative
driver nya malas,negative
ada jalan sempit,positive
apk bayar tunai cash gilir pake ada driver mau ambil order nya jadi buang buang waktu lama tunggu akhir suruh cancel,negative
gak ganti pake email,negative
kurir baik n tepat waktu,positive
lama banget et dah boking huh,negative
aplikasi yg kurang profesional,negative
terima kasih go ride aktivitas lancarmenggunakan aplikasi terima kasih,positive
banyakk promo nya sangat fast respon ada kendala,positive
regulasi sistem sistem banget rugi guna sama driver,negative
better grab gojek lama banget nyari nya udah mah jauh lebih mahal pret lah bakal dibagusin pas mau sen makan lama gabisa dibatalin kalo mau ngechat resto resto dluan chat,negative
akurat,positive
gasuka sama driver yg suka cancle apa order,negative
bukan apps nya masalah deivernya guna rutin beberapa nama driver orang beda di aku nama bilang kata ganti nariknya kok kata vermuk banyak sisi negatif kalo model kaya supir angkot d salahgunakan kasihan driver yang paling jm kerja sulit dpt order kata jelas dri beberapa driver mana akun driver nyalah jam emang gak pm itu nama gak adil tolong aplikator,negative
terima kasih respon cepat tanggap gojek transportasi bila sekali pergi jauh beli aplikasi sangat bantu,positive
padahal jaring oke app nya udah uddet cuma gitu ngelag gps driver nya heran,negative
ganggu bulan bulan,negative
sekarang banyak banget driver ngubah harga enak jidat aplikasi tera harga sesuai jarak jalan lalu si driver minta cancel mesan aplikasi minta cash harga nggak ngotak kalau kayak gin sama aja tipu harga udah pas minta maksa udah nggak jujur driver sekarang,negative
sen makan x udh nunggu jam gak dapet driver sampe kelaperan sen go mart x sama gak response parah sih gak,negative
mantap sangat cocok aman harga sahabat,positive
oke cm diskon voucher susah,positive
kok biaya layan biaya makan sangat mahal kata presiden pajak nya turunin,negative
terimakasih,positive
the best pokok,positive
dong fitur ganti pembayaranny dibenerin sy sen pake tunai dulu bru isi saldo krna buru ps mau ganti gbs ganti gopay,positive
kok suka error yaa aplikasi gojek padahal lg buru bgt mambentu sih lama aku pake gojek terimakasih gojek,positive
jam sampe jam gadapet driver bukan nya optimalin cari driver malah ngebolehin ambil uang benerin sistem yg ngga becus hargain customer yg ber jam jam nungguin makan aplikasi gajelas kalo gin trus doa in bangkrut ngga kembang,negative
makin ribet atur nya gara kredit skor mau belanja apa jadi susah padahal pernah telat bayar pun nunggak the real dark system eiittss kembang,positive
sangat cepat mudah,positive
resto dekat mahal,negative
aplikasi mudah operasi,positive
kok go cats link teman gak di klik skrg baik,neutral
antar tuju,positive
driver nya toxic ancam di intimidasi ga banget,negative
pertama kali sen gofood gokil cepet banget gak nyampe mnt udh nyampe driver gak banyak nanya lokasi jadi gak nyusahin beli xixi top lahbiar rating wakil,positive
lama semales drivernya mesennya lama bgt,negative
gokill,positive
susah dapet driver sekali dapet jauh bgt sampe menit maksud apa padahal driver dekat mapsnya,negative
aplikasi yg sangat manfaat kompit pokok,positive
luar biasa,positive
solusi kala ngak mau mana untung gojek semangattt buat kakak gojek,positive
ramah ramah jemput,positive
jos gandos,positive
trima pak,positive
trimaksih gojek krna sllu mudah jalan ku,positive
sejahtera driver tetap jaga,positive
bangkal mulai banyak drivernya tepat waktu tingkat layan,positive
alhamdulilah driver nya amanah,positive
sekarang gojek ketika cancel bayar aplikasi padahal minta cancel terkadang drivernya drivernya bales chat mohon ajar bijak sebut masak harus tunggu tidak,negative
minta setia gojek,positive
sering batal pesan gofood,negative
banyak notif gak penting mau dimatiin ntar malah gabisa mantau klo mesen serba salah dih,negative
ga terima customer gosend gofood gosend e commerce apa apa selalu multi padahal bayar full,negative
mantap,positive
bagus,positive
aplikasi gajelas bnyk iklan ny jdi kalah,negative
tarif jarang diskon,positive
murah cepat,positive
mantap gojek ku,positive
mantap sekali,positive
sabtu pagi mei jam naik gocar b eoy kemudi heru komarudin mobil bersih kemudi dg baik hati hati sehat pak heru semangat,positive
g update,negative
susah download lambat,negative
cari drivernya cepat,positive
mantap layan baik cepat,positive
gud apps,positive
jos lah,positive
okay murah cepat gercep kalah aplikasi belah erti butuh guna,positive
parah driver gocarnya sering sekali didiemin klo order udah nunggu lama chat ga bales,negative
sangat bagus bantu,positive
sngtembantu,positive
banyakin promonyaaaa dongs,positive
eee t,positive
susah cari driver banyak kendara driver ga layak ga sesuai apk,negative
proses gopay pinjam ribet lama suruh nunggu menit jam gak d proses klo sekira orang butuh pinjam buat lahir mgkin lahir pinjam juga cair mana admin gak yg di chat parah,negative
lama banget sen makan telat terus nyari driver nya lama banyak yg ga sopan lebih bagus apk belah,negative
aplikasi paok,negative
poko gojek pilih nomor tak pernah ganti dgn pilih yg lain,positive
sen gojek lama drivernya ga mau ngerespon,negative
mohon bantu nya ingin aju restukturisasi pinjam gopay pinjam hubungin cs lalu apk gojek menu yg sedia tidak jawab solusi terima mohon bantu bagaimana cara aju restukturisasi sebut ulas ini tanggap saya akan edit beri bintang terimakasih,negative
sering temu driver,negative
sangat cocok guna,positive
biasa,positive
aplikasi ikut dajjalll,positive
bagus yolong waktu apdet lebih cepitin yahh,positive
driver gojek keren keren banget ramah orang orang etika nya bagus pokok keren bangettt no promosi lebih tepat ini bicara apa ada saya rasa,positive
mantab mudah,positive
mudah murah,positive
aplikasi nya eror,negative
ada solusi kendala bisa chat adm,negative
gak gw pake gojek njir awal cuma coba alam pertama buruk driver kasih tau jangan terobos lampu merah malah ngeyel sering kebut kebut hampir bikin celaka,negative
banyak mobil listrik enak adem,positive
memudahkann mwngesankan memantapkannn,positive
ga bgt drivernya susah cari,negative
sekarang susah banget nyari driver pdhal udah nunggu lama tiket kereta udab hangus gara nyari driver mnt lebih ga dapet pdhal belum gapernah gin lokasi strategis,neutral
hapus sistem driver beri bintang beli sistem driver gojek pilih pilih ambil mana pesan,negative
sangat bantu,positive
driver lu males bandung,negative
aplikasi buruk user friendly batal pesan sengaja taruh tempat sulit lihat chat admin gojek bingung pesan dapat driver app cari driver akibat potong bayar x,negative
oke,positive
layan baguss bangett,positive
bgs,positive
halo baru ganti hp otomatis aplikasi tutup ingin buka aplikasi gojek minta verivikasi email email lama pakai tolong solusi jek sudah pakai nomor telepon yg aktif tetap bisa,positive
tutup aja punya driver belagu chat ga bales orgmh nungguin aja posisi malah makin jauh padahal apa susah sih bales klo ga mau ambil gw cancel ko,negative
system gosend buruk tlg d baik order baru masuk blm menit d cancel system,negative
sering dapet driver sengaja diem tempat sebenernya kalau gak mau ngambil sudah tinggal cancel apa susah gojek oknum kayak begini kasih paham,negative
orang nya ramah semua penuh tanggung jawab,positive
aplikasi rampok digital tipu customer lewat biaya promo layan pdahal smua bohong sudah bongkar pantes driver sering keluh karna sesuai tarif bahkan potong dari yg di bayar customer,negative
sekarang harga nya mulai normal,positive
sering cancel driver apa sore hari,positive
harga nya lebih sahabat beda lebih hemat terima kasih,positive
aneh gosend dlu ga smpe jam lebih nunggu driver doang jam nunggu driver blm ambil blm otw nya aneh ga jelas,negative
so far aman ga kendala,positive
lebih nyaman pakai gojek,positive
terima kasih hadir,positive
all the best,positive
sering kali pakai mau input alamat susah ketik benar aplikasi sok tau ganti sendiri nomer rumah bisa pakai copy paste dlm input no telp,neutral
aplikasi lawak padahal guna lama ngajuin gopay pinjam susah banget kek limit banyak aja kocak,negative
aplikasi customer service sama swkali gak bantu,negative
kecewa gocats error,neutral
mudah,positive
sen x bataljn trus gatau heran,positive
titik jemput lebih akurat,positive
udah sen x gk dapet driver,negative
mudah murah cepat aman,positive
gofood buat pandu resto cari makan dekat aja harga asli sama aplikasi xlipat order sekali trus kalo cocok masakanya minta nomer resto sen offlen lebih irit,positive
nice tpi mehong gpplah,positive
sangat bagus layan cepat,positive
layan percaya,positive
sangat ramah efisien cocok dozaman sekarang,positive
sangat bantu buat yg sibuk,positive
selamat siang pihak gopay mau sampai kecewa yg ketika isi pulsa nomor tlfn daftar saldo tetap kurang payah banget,negative
tuduh salah guna promo jadi ada promo sama sekali di gojek juga daftar goplus bisa tp di info penyalahgunaan dlm bentuk apa knp dak jelas cs tlp chat jawab tamplate semuaaaa,negative
aplikasi gojek sangat bantu,positive
apa jir udah edit alamat nya ttep ongkos ga ubah gua mau bekas bogor trs gua edit alamat jadi di daerah bekas ttep aja harga segitu jadi paksa gua bayar cuma buat beberapa kilo doang,negative
order grap carnya cpt g lma lnsg dtng,positive
sangat manfaat manfaat laku jalan,positive
sopir baik sopan senang canda good job,positive
sen gocar suka gaada respon lama bgt gabisa hubung drivernya nomer telfonnya jg ga liat semenjak ganti pimpin gojek jadi down grade,negative
hmm oke oke,positive
sering ganggu skrg mah,negative
sangat buruk ongkos nya sangat mahal,negative
butuh go jek,positive
tadi mau tf bank gabisa upgrade dulu gopay plus niat mau upgrade takut proses lama meski proses lama tetep cobain upgrade gopay plus tiba tiba proses upgrade nya cepet dong ga sampe menit mantep deh,positive
sangat cocok transportasi simple cepat good,positive
gaus banget,positive
layan makin buruk driver dekat malah kasih driver jauh,negative
stres dah hari dikerjain pas main bolak balok maksud kalo mau kasih balok jarak skor masalah balok gak berapa lama balok udah muncul aja gimana gak kesel ngotak lah bikin game gw udah buang banyak ruby dibercandain gitu gak lucu blok,negative
sangat bantu transportasi cepat,positive
keren baik abang nya terimakasih gojek,positive
gopaynya baik utk masalah baik yg misal no akun hilang kalo mudah jangan sulit guna nya yg aktif ato ganti nomernya terimakasih mohon berhatihati yg simpan uang saldo gopay utk baik lgsung lewat customernya pas telpon tetep lewat form diapk gopay udah gitu tanya nya sangat sulit guna nya nomer yg lama yg hilang tidak bisa ganti sekian trims,negative
saat tinggal gojek gofood gofoodnya mahal jauh beda pas datang tempat kasihan yg umkm cuma kaya developer gojek ya biar ga bakal lama aplikasi kek gin di ganti yang,negative
gojek makin kesini jadi mahall bangeet gilaa pas hujan udah gitu cari driver nya lamaaaaa bgt astaga bayangin jarak tempuh lokasi tuju menit lalu ongkos nya rb itu hampir rb lagi saat cuaca sedang hujan saya harga segitu sangat sangat affordable,negative
assalamualaikum,positive
good okee nicee ringin promo,positive
aplikasi ga jelas tolol,negative
mau bikin akun gojek udah ganti email bbrpa kali ttep gbisa hmm aneh bgt pdhl pake akun baru ttep gbisa,negative
fitur dlm aplikasi sdh bagus cm sering bgt posisi salah baca maps jd driver sulit lokasi yg benar mohon baik terima kasih,positive
untuk lokasi lebih akurat,positive
mantaap,positive
mantap aplikasi nya,positive
susah cari driver,negative
customer udah nunggu jam driver ga ngabarin kalo ga pick up nunggu customer duluan hubungin jadi kaya gin ga sekali kali sering bgt non aktifin aja mode hemat buang waktu orang,negative
pernah salah alamat pakai aplikasi,negative
bagus semua,positive
kalau pesan makan enggak kirim gambar galeri foto buat nunjukin driver,neutral
ngotak dikit lahh kalau ngasih biaya layan makan sma biaya layan mahal biaya layan,negative
aplikasi paling mantap karya anak bangsa,positive
bagus aplikasi nya,positive
lot status ga ubah ubah nge stuck,negative
kuli bangun,positive
okkkkk,positive
driver nya sdm rendah semua,negative
selalu senang,positive
instal sampai skrng ga buka spinjam aneh bgt padahal udh ratus transaksi mending gua uninstall lah pindah maxim lebih murah,negative
masa jarak yg dekat lewat jarak yg jauh gimn seh app gojek padahal liat di lewat jalan yg tdk kelok di benerkan sering pake gojek kok updateannya keok kasus lama kasus baru sen mkn kayak sen antri sembako yg kena php masa udh pilih alamat kasih alamat dekat tiap buka app tiba hang tutup app sendiri aneh kok gojek,negative
aku kasih bintang soal aku customer gojek udah tahun tahun pakai gojek gocar gofood gosend ketika aku aju gopaylatter gopinjam satu di tuju emang lu doang hey heyy gojek gua stop guna aplikasi elu ada aplikasi ijo belah lebih baik elo gojek,negative
moga titik jemput pas lokasi biar driver nya jadi ga muter nyari lokasi gw,positive
transportasi yg sangat baik sayayg mau pergi dekat maupun jauh,positive
game gocats bisa main seru seru utk coin lumayan buat bayar tagih,neutral
gojek makin sini makin ancur susah dapet driver gilir dapet malah jauh kalo sen gofood,positive
cepat respon drivernya sangat ramah harga jangkau,positive
efektif,positive
mantafff,positive
sangat mudah percaya,positive
mantap jaya,positive
gatau inti bagus,positive
mantap is the best,positive
bagus baik gobox bisa dishare tracking jalan gosend lebih aman klw input foto pickup bisa jalan tahap lanjut sama sama aman baik driver kirim terima,positive
mahal sekrg klo pesan gofood gojek biaya tangan mahal gila,negative
simpel,positive
gojek akhir akhir titik map lenceng titik lokasi jemput,positive
senang driver sdh alam tunggu lama cari driver,positive
drivernya sering banyak masalah sering meng akal sistem minta tumpang mes offline alas biar ada potong sekalipun sudah mes online driver paksa utk yang batal tetap naik sama cm lewat aplikasi drivernya jg sering pakai lengkap rapih alias jorok jaket bau krn ngk cuci ntah berapa lama,negative
sangat baik terimakasih,positive
sukaaa belanja scora skincare,positive
sukses terus,positive
ook sangat bantu jalan,positive
aplikasi bisa pakai mau scearh lokasi temu padahal sudah tambah lokasi sesuai sama tempat tinggal saya,negative
terimakasih pak atas layan kemudi nya maaf klo tadi uang tip cas nya gak berapa moga lancar rezeki nya jadi lah mitra gojek yg baik,positive
mntaap,positive
jauh hanya gojek bisa andal segala situasi promonya banyak bangettt makasihh gojek,positive
sangat bantu sangat muas langgan,positive
mantap baik,positive
bayar selalu batal gabisa,negative
gojek solusi jalan lama,positive
belakang driver lu susah banget banyak nyortir order kalo bisa nyortir order pihak pusat ga nyortir driver aja biar driver yg beneran niat kerja aja yg pilih yg banyak nyortir mah pm aja langsung dapet driver bukan dekat titik jemput malah jauh titik jemput ada komunikasi,negative
cepat datang cari lokasi cepat harga sahabat,positive
okee banget layan i like it this one,positive
aplikasi sangat bantu sekali sangat puas layan ramah,positive
go jek is the best,positive
pak nadiem semangat yaa,positive
aplikasi ojol yg doyan double order padahal order x dapetnya driver sering kek gin,negative
gimana nasib akun gofood jarak dekat driver bayar ribu rupiah order gofood padahal customer bayar bas ribu aplikasi serakah jajah modern,negative
harga mahal nyari driver susah pake prioritas baru dapet,negative
pesan gocar comfort tarif pas charge jadi ada approval perlu kaji cara beban biaya parkir tetap lalu tuju milik akun tidak langsung dr driver,neutral
lebih cepat lebih,positive
mantapp cpt tangan langsung tancap,positive
aplikator mau tanggung jawab makan hak anak yatim uang di kembali,negative
isi saldo kok kurang sendiri saldo gopaynya,positive
sangat responsif,positive
mantul,positive
six yg j apa b y gan yg,negative
mantan,positive
bosen nyender parah,positive
jangan muncul iklan game bae napa,negative
sangat muas layan,positive
wow bagus banget malah murah pokok nya bagus bnget dah,positive
makan lengkap biaya kirim terlalu mahal harap di turun,neutral
main balok kek nipu soal pas skor udah kata sktivitas wajar deteksi hadiah ga ambil wkwkwk,negative
apk aneh percuma ngasih voucher potong harga kalau drivernya gak mau ada yang marah malah jd buat apa sih kasih tu diskon,negative
sangat bantu harga jangkau,positive
good,positive
juga main bolak balok skor malah terang aktivitas wajar kepala kamu gak wajar ngasih uang receh rupiah aja sulit percuma update kayak gin gak becus baik main pakai otak sendiri gak pakai bot main game udah jujur sabotase terus,negative
lucu ngasih paylater limit besar gilir rajin pakai blokir wkwkwkkw aneh kalau takut gak usa kasih limit biar gak pakai,positive
aku yakin makin kesini customer mu loyal akan pindah aplikasi lu ngasih program yg sangat rugi driver customer cs order driver nya jauh akhir driver gak gerak jemput tarif dasar dri titik jemput tuju km logika klo posisi driver km titik jemput lalu antar km mereka dapat ribu tempuh jarak km jadi ribu bagi km rp km itu yang kata nya driver bayar program langcor,negative
map sering gak jalan jadi gak pantau pesan mana hemmmmmm,positive
aplikasi layan antar sangat bagus harga jangkau juga cepat jemput maupun antar aplikasi tanpa iklan ribet,positive
ramah tidak ugal ugalan,positive
busukapk nya cs nya busuk ga ngatasin masalah malah biarinlaporan tanggal sampe ini ga bales cs nya buruk,negative
gampang,positive
semua jenis layan baik driver blanja makan minum saat kota sdh sedia belanja super marketnya sangat muas tingkat terus inovasi,positive
very helpfull,positive
nyari driver lambat,negative
mudah sangat bantu,positive
gojek emang keren pas dompet mantul,positive
layan sangat baik lengkap,positive
luar biasa mantap,positive
sangat bagus butuh tidak direspon,negative
recomend,positive
sangat kecewa awal rasa senang pakai aplikasi gojek order makan hari alam tdk senang saya order makan bayar gopay alan driver tdk antar pesan makan sy sedangakna driver sdh menyelesiakan pesan sangat buruk hati yg order dgn bayar gopay jgn smpai alami pengalman sy,positive
bintang untuk masalah batal pesan go food jauh harap mau batal pesan driver sedia suruh nunggu menit dah hilang mut mau mkn nya,negative
gatau gojek daerah jember kota susah dapetnya ga dapet malah padahal dulu lancar aja terus aku ganti apk gr langsung dapet gasampe detik di baik waktu juga dapet driver ga pake helm jaket gojek juga layan kes cuek huaa akhir ku kasih bintang,negative
aplikasi tahan,positive
senang sangat bantu tempat tuju,positive
mantap,positive
ngadain diskon cari driver nya lama,negative
bagus bagus bangat,positive
sangat nyaman,positive
aplikasi yg sangat bantu sekali,positive
pernah ganti hp kalo isi gopay selalu minta verifikasi yg motong pulsa rupiah,positive
very cool,positive
jauh bagus ksel klo pesan gk ongkos sesuai,neutral
driver tepat waktu tuju,positive
dulu gak pakek promo,positive
baguss bngtt layan mantapp,positive
dong ikan sistem ngasih bintang driver nge cancel enak jidat masa driver doang yg nge rating klo cust yg nge cancel udh nunggu lama gilir udh tengah jalan si driver malah cancel enak,positive
perlu baik mau login pakai pindai wajah gagal terus,negative
lama saya pakai jasa antar jemput gojek baik motor mobil semua alhamdulillah sangat muas,positive
aplikasi oke lancar ada kendala sukses terus yaa go invest go pinjam gojek,positive
aplikasi gojek gopay pinjam kalou mau infoin gopay pinjam jangan smua hbungi pesan iya tlfon iya kalou udh tlfon yaudh udh jgn malah pesan skli cukup,negative
trimakasih lay,positive
banyak driver yg gamau ambil order gamau cancel sengaja ga bales chat sangat buang waktu pdhal fitur chat untuk komunikasi,negative
cepat tepat aman,positive
josgandos aman pokok e sip lagh trimakasih bapak godrive udah senantiasa antar jemput sehat hati lancar rejeki sarangeeeee,positive
kadang ketemu mobil bau kurang enak,positive
baik sopan,positive
aku suka aplikasi nya bagus,positive
lama pas cari driver gocar padahal dh prioritas,negative
senang,positive
oke lah,positive
drivernya dtg tepat waktu sangat hati bawa tumpang,positive
mantap sangat bantu,positive
tilok alamat bogor tiba geser ubah jadi tilok sekolah dijakarta,negative
mes go car estimasi nya pernah ubah supirnya balas chat saya tunggu lebih estimasi,negative
very good and profesional service,positive
okeeee kereeeeeeen,positive
buat apa ngasih limit gede gede gak dipake semua kan tolol,negative
sangat kecewa mau order tranportasi dapat yg jauh bgt selalu begtu padahal gojek sekitar saya banyak nganggur g dpt order nya uda sampe rumah tengah jam kadang lebih mlh cm ngabisin waktu nunggu gojek dunia dlu,negative
banyak diskon,positive
jam cuma buat nyari driver baik ga usah pun di cancelin bagus grab,negative
gojek good,positive
good excellent in service,positive
driver go foodnya gak mau ambil makan restonya nunggu lama pusat bantu ada pilih keluh yg gak cs nya robot,negative
aplikasi andal kalo daruratt mantepp pooll,positive
punya,positive
efisien,positive
oke tank yuo,positive
lancar aman slamet tuju,positive
baru nyoba investasi emas lewat gojek moga konsisten aman,positive
sebel bgt sm fitur gofood skrg stiap mau sen makan bisa pilih yg cepat ketimbang yg murah sengaja bgt bayar ongkir x lipat,negative
layan hati,positive
knpa loginnya susah bener sinyal bagus baik,negative
terimakasih a,positive
parah sih driver lu min kalo hujan habis ujan kompak bgt nonaktif aplikasi jadi st palmerah gw mesen lewat aplikasi mau aplikasi padahal aplikasi cuma k k doang getok harga offline k k anjjj pake aplikasi sampe jam ga dapet driver evaluasi dehhh tuuu gw ubah bintang klo udah bner,negative
layan transportasi efesien praktis,positive
murah mudah amanah,positive
mantap sukses terus dam jaya selalu gojek,positive
driver hebat makasih,positive
masa driver gerak ada respon telp mau chat kena potong batal klodriver nya diam tak gerak trus gmn apa bagai castamer ga mlkukan batal gtu donk dua kali bayar x batal gila ga tuh kasih solusi kita sbgai castamer,positive
muantaab apk yg keren banget sangat bantu bagai bidang kerja,positive
semua mudah sat set x,positive
jauh saya pakai gojek sangat baik drivernya baik n sopan terimakasih gojek,positive
paylater riba riba hukum haram,negative
percaya,positive
jelek banget sekarang layan nya pesan food bayar full kumpulin pesan dgn orang woi gw bukan bayar hemat,negative
server sering down genting mohon tunjuk pengunaan,positive
aplikasi sangat bagus bayar mudah,negative
sangat mudah gampang pokok nya oke lah buat apk gojek nya buat driver nya semangat yah,positive
baik bantu,positive
update doang order nya g paya apk bgini mah,positive
jaring lancar tiba tiba error app gak buka sering bngt ganggu go jek ni,negative
aplikasi bug mau batal gojek plus tombol batal sengaja hilang abu abu cari bagi bawah menu langgan malah ada tombol langgan warna abu abu tidak pencet mati panjang otomatis akun saya sekarang,negative
layan ramah good,positive
effektif effisien ga ribet cari parkir,positive
terus profesional,positive
sangat bantu pergi utama tidak milik kendara probadi,positive
buruk murah banget,negative
aplikasi juta ummat yg sangat manfaat,positive
banyak bantu mudah segala terima kasih,positive
sangat bagus jelas layan nya tingkat kan jadi lebih baik,positive
itu driver nama daniel santoso plat nomor b key honda beat beri sanksi paket gosend instant upa laptop tak dengan alas hubung cari ig lalu dm dengan nada tinggi tidak sopan lalu telpon malah marah caci maki lalu dia blokir konsumen tempat saya mes paket rasa rugi dlm uang waktu tenaga untuk drivernya lebih perhati,negative
aplikasi nya ngebug ga tanda kirim file jadi ga kirim nota kurir,negative
jauh masih bagus lah layan moga lebih tingkat,positive
sangatt besssss,positive
gausah suru kasih makan kucing lah notif kali ganggu aja kucing alam nyata udah banyak nambah beban aja,negative
top wes,positive
opsi sistem bayar dapat tambah qris lain yg blm sehingga mudah transaksi,positive
makasihhh,positive
lancar app,positive
aplikasi susah cari lokasi sendiri aplikasi kurang canggih,negative
senag naik gojek,positive
ajarin drivermu adab akhlak,negative
tadi msih ganggu sinyal meski bagus,positive
sangat baik harga jangkau buat mahasiswa,positive
nyaman tepat waktu,positive
gak sangsi kalau tiba driver cancel padahal udah tempat jemput,negative
bagus sangat manfaat,positive
oke,positive
mau sen gofood malah gabisa kata sinyal gaada padahal wifi bagus jangan install ges,negative
nyaman tepat waktu,positive
biaya admin maruk,negative
sen mudah cepat mudah pakai,positive
driver sini cepat respon baik jemput antar tuju,positive
banyak cancel anj padahal deket malah cancel,negative
nice and thank you,positive
mes gocar dapat driver driver jemput malah maps driver makin jauh lokasi jemput driver balas beri konfirmasi tidak mau jemput malah kena biaya batal rupiah bukan soal nominal tapi kok kocak tidak jemput tidak batal malah kena biaya batal atur sangat aneh rugi customer tunggu jam jam tidak di jemput,negative
gojek makin mudah aman,positive
kacau si kalo pesan go send gapernah mau jemput sesuai titik jemput,negative
saya aplikasi banget mudah untuk belanja apa mau belanja butuh dapur makan pergi mana pakai gojek tingkat layan promo biar banyak yg pakai,positive
drivernya sopan ramah,positive
terima kasih antar mana,positive
lama lama apk nya jadi apk buruk jelek apk ga,negative
aplikasi gojek kalo daftar mudah gilir mau hapus akun sulit,negative
aplikasi bagus kurang bagus tuh menu nya gofood banyak sekali masalah di resto makan jual utama makan ayam crispy basi tepung nya gosong ayam crispy kmaren goreng ulang,negative
aplikasi zalim bodoh dongo ongkir gofood lebih mahal drpd makan,negative
plis dapetin drive nya cepat dikit keburu ga mood makan,positive
aplikasi yg baik guna slalu andal,positive
bagus sikap ramah,positive
selalu bantu terima kasih gojek,positive
apk error mau batalin langgan baik mana ambon resto plus cuma dikit bisa hitung jari rugi banget,negative
sngat bantu drivernya sabar walaupun pagi on siang baru order kata semangat driver,positive
baik ramah sopan,positive
layan nya ramah,positive
terus tingkat,positive
sangat bantu terima kasih,positive
kalo sedekah tukang becak naik becak biaya lebih mahal kalo ken hemat naik go jek aja aplikasi sangat bantu thanks pak nadhim makarim,positive
luarbiasa,positive
no good,negative
bagus layan atas nama m resky hamdani,positive
bintang banyak bug nyusahin guna,negative
good luck,positive
layan jemput cepat,positive
mantab cepat,positive
kenapa akun tidak masuk ya kmren log out tiap buka buram kayak lag gitu mau coba daftar baru gabisa masuk udh minggu juga begini terus solusi,positive
ngapain kasih fitur batal kalo nyata klik batal nurunin performa driver aku kan gk ngerti kalo batalin nyata dampak akun driver habis maki aku sama drivernya,positive
jelek,positive
layan lama,negative
nomor tiap daftar gopayletter selalu tolak,positive
tarif terlalu tinggi,negative
verifikasi email link email tidak kirim aneh,negative
gojek makin hari makin mahal aja udah gak kayak dulu,positive
driver nya baik baik,positive
apk gk jls titik gk sesuai mending pake grab lokasi rumah sya bnr,negative
cukup bantu mudah q yg mageran,positive
makasih pa,positive
layan mantap tahan,positive
jangan download aolikasi bahaya,negative
aman nyaman no cancel cancel,positive
bantu sekali harus keluar masuk desa,positive
sesuai waktu,positive
jalan paling nyaman,positive
potong komisi driver layan goride reguler jadi hemat semua masuk driver sesuai fakta lapang cs bot susah driver langgan,negative
ongkirnya makin mahal sekali,neutral
nyaman murah cepat,positive
sangat bantu ada gojek,positive
bagus banget aku kasih lima bintang,positive
besstt sukses terus ttp jadi andal semua orang,positive
ngebantu bngt kalo sekolah,positive
mantab paten,positive
pokok keren dah aplikasi,positive
selalu andal,positive
mau aja jadi gampang terimakasih,positive
sangat butuh pingin jajan makan yg sangat enak,positive
lengkap dahh pokok driver baik banget pokok the best dahh,positive
selamat layan gojek semua baik muas,positive
murahh murahh,positive
banyak promo,positive
pihak gopay timbang kembali status akun dari yg awal reguler jadi basic karna tidak tahu,positive
plis tambah dana aku mau naik gojek gak bayar pake dana ovo gopay,positive
oke banget mantab,positive
jalan praktis,positive
baik karya anak bangsa,positive
bnyak promonya sekarang,positive
developer aplikasi go jek sistem baik jangan ira vocalizer virus kuda troya benar adalah mata kami tunanetra untuk dengar menu menu makan tolong baik ya terima kasih,positive
sangat bantu mudah,positive
baik,positive
puas bnget,positive
tetap yg baik asli produk negeri,positive
banyak notif sekali notif dimatiin notif antar makan ikut mati hadeh gin aja mesti kasih tw trus udah nunggu jam an malah gk dpt driver cancel otomatis di applikasi hadeh parah,negative
order go send driver nya afk kayak game online abis order batal asem memang driver kyk gin kalo ga kalian suspen lama aplikasi males saya pakai,negative
baik sopan,positive
aman tepat waktu,positive
upgrade plus malah ga guna voucher nya inti sesuai deskripsi,negative
terimakasih gojek sangat bantu sekali sukses selalu,positive
paling di andai kita lapar pergi,positive
bantu sering pakai gosend,positive
bagus cuma vouchernya suka ga klaim huhu,positive
ga niat banget ngasih promo gofood tulis diskon kalo bayar pakai paylater pas udah aktifin paylater promo nya ilang gimna sih gajelas banget,negative
bintang konsumen cek bukan supir,negative
thank you so much,positive
aplikasi ngga punya otak driver nunggu order jam jam ngga kasih order,negative
gila pantas suruh batalin tumpang bayar tol trus ongkos gk mau potong yg tadi nya jadi ini gmna ko bnyak driver nakal,negative
banyak bantu sy sampe skrng cmn bingung fitur ongkir express harga lebih gofood buat apa klo endingnya kirim telat sampe menit ngga dapet kompensasi klo udah status telat,negative
susah sekali driver biar henti hujan laparma gara tena driver mau ambil makan mana sakit ka,negative
oke semua,positive
moga banyak diskon banyak,positive
praktis mudah update selalu besar data informasi updatenya sampai dg gaya bahasa joke yg perlu hasil updatenya banyak signifikan,positive
sering kadih promo,positive
sangat bantu mudah,positive
mantap sat set,positive
uhmmm,positive
sangat bantu transportadinya,positive
keren mantap,positive
lama lancar aja dtg ny jg tepat waktu,positive
sangat membantyu,positive
sering pake gojek tp pernah dpt paylater gopaypinjam,negative
platform transportasi paling gak andal hujan ga pagi ga driver kalah sama platform platform,negative
makin murah,positive
muas waktu jemput,positive
menu list tagih gopay later n gopay pinjam loading tampil tagih muncul terus loading,neutral
tim gojek baik hati tidak sombong minggu tiap pesan go ride selalu lama drivernya padahal juga aktif cari prioritas baik terima kasih,positive
lebih nyaman lebih lancar,positive
gampang nyari gojek,positive
sangat bantu hari anak berangkat pulang sekolah pake gojek,positive
pakai hemat driver kagak yang mau percuma diskon zonk alih grab habisin saldo,negative
layan jadwal datang driver tepat waktu,positive
lebih murah yang,positive
selalu gojek dahulu kala,positive
cepat beri solusi,positive
kalau pesan grab motor sama mobil cepet kalau pesan makan lama sampe nunggu jam malah yang sampe nunggu tapinga jadi skrg aku sen sampe jam set malem adanyang ambil udh bayar karna toko udh klik pesan buat jd ga bs batal kalau malem mana aku lg hamil suka laper malem ku beli dapet driver toko jangan klik dulu pesan buat jd susah dibatalin,negative
sumpah ongkirnya gak ngotak sampe rb makan cuma rb an jdi rb lebih parah,negative
aplikasi sangat nyiksa mitra driver lewat layan hemat castamer diimingi bayar murah tp benar justru driver lah bayar murah castamer order layan hemat mitra driver kena potong kali caatamer sadar layan hemat cuma bikin pihak aplikator merugilan mitra driver hemat layan sponsor pihak asing dana habis seharuanya sistem hemat hapus tp pihak aplikator justru tahan beban biaya di jatuh mitra driver,negative
kpan fitur gopay coin dconvert jd uang saldo gopay yah msh tunggu fitur d realisasi anak rantau sangat mmbntu sekali klo lg ada mndesak jauh g ad kendala ttg appnya tp plis bikinin satu fitur pliss masa depan,positive
jemput tepat waktu,positive
asik asik semua njirr ojek nyaa seru,positive
jelek apa mesen makan istirahat kelas nyampenya sejamm selesai istirahat bru dtg pdhl mesen udh dri istirahat pas jam ajar mulai jelek bgt parah dulu aplikasi kalian aku sering pke krna cepet skrg nyusahin bgtt lama lama ga dar lama tpi lama bangettt pencet aja mesen sini pas mesen bru inget klo mesen mam sini lama dn ga di batalin jdi paksa nunggu jam lebih nyampenya,positive
joss gandoosss,positive
baik titik lokasi masa g pas kasi drivernya nyasar mulu,negative
aplikasi bagus sayang driver nya attitudenya buruk lebih baik kasih paham aja sih buat driver suka cancel sembarang,negative
saat masih keren moga depan nya aplikasi gojek tambah keren,positive
driver ramah kirim cepat,positive
gojek lot banget ya aplg pas buka gofood,neutral
sen gofood jam gantung order gara ganti driver kaya nya gojek upgrade fitur biar ga suka hati driver gantung order jauh selalu pesan oren gapernah dapet kendala ini nyoba sen gojek malah gantung gin order pdhl saya beli bayar sedih laaa,negative
semogga lgi gojek hp gojeg bagus aman sya suka transportasi cepat aman,positive
ngga di cancel padahal gaada driver mau jemput buang buang waktu nungguinnya,negative
lebih lengkap jelas,positive
best of the best,positive
aplikasi lot sudah topup saldo pas baru aplikasi saldo kurang,negative
sangat bantu sangat manfaat,positive
jauh ok pun dulu pernah kena hack,positive
gojek selalu jalan,positive
sayang banget tiap ujan susah dapet driver padahal gak pake promo apa manja kah driver gojek,neutral
kalo malas masak gofood in aja,positive
aplikasi bagus bagus sangat bantu sekali,positive
i don t know what should i say pokok best sih aplikasiii,positive
cukup memnantu,neutral
dulu kdg sdh pakai bagus layan cepat,positive
dalam transportasi sedia chat langsung bukan chat dekat atas batal cancel di suruh driver akibat jalan alu jauh,positive
drivernya sering mau ambil order tidak mau meng cancel mau gak mau customer yg cancel ujung susah kendara kalau memang gak mau kerja jangan nyusahin orang,negative
mantap cepat dtngnya,positive
driver bontang susah bgt,neutral
sebenernya gojek tu drivernya yang buat gofood engga si gaperna kedapetan driver klo sen gofood,negative
fitur ga masalah sat set biasa cuma yah begitu banyak promo promo ganggu lewat notif belum filter lewat settingnya bakal sempurna kalau disetting tolong akhir akhir banyak sekali mitra driver ga baca peta catetan ga pernah baca mau praktis malah jadi sulit nyusulin driver kalau begini gojek hampir hilang fungsi utama,negative
mantap jalan ny,positive
apa sen makan jam sore sampe jam malam sampai emosi nunggu driver males jemput makan beli makan dikit telat ga cocok sih gw ngetes sabar aja nih apk ajg,negative
jelek mau login lama bgt ber tele tele minimal gausah lama proses deh,negative
suka banget ama aplikasi pada grenn flag lagih,positive
oklah,positive
drivernya sabar,positive
aplikasi tolol ngajuin ap j kg acc,negative
aplikasi sering loadingnya parah lebih lola aplikasi abal abal padahal aplikasi bahkan buka game lancar,negative
puwass mantap,positive
bagus baik,positive
harus walaupun hujan tetep usaha driver mau sih jangan suka ngecancel siapa tau sen butuh driver,negative
kurang puas kasing bintang dulu klo dah puas tambah kan bintang,positive
trims,positive
merchant baik resto toko wajib input kolom parkir memang masuk area parkir bayar,negative
sangat batu mg selalu jd yg baik,positive
telat mulu nganternya,negative
jalan yg nyaman,positive
sangat bantu rakyat jalan aja,positive
trima kasih ka sudah bantu,positive
sudah sering laku aju pulih akun aplikasi jawab yg beri ambigu anda orang ada sudah tuntut pihak gopay telah rugi bagai guna banyak guna gopay yg alami yg sama yg alami tdk ada inisiatif utk pulih akun arti pihak gopay anggap laku gelap dana guna beku akun gopay cara pihak telah langgar hukum asas praduga tak salah,negative
yunnipapua,positive
layan cepat praktis lancar driver ramah senang salam sukses selalu gojek,positive
selalu kasih mudah pake gojek the best lah pokok gojek,positive
aplikasi nya lot,neutral
masa buka gofood mau bab aku taro dulu tiba tiba abis bab udah sen sendiri harus konfirmasi pin sidik jari buat sen biar ga gampang sen sendiri pas pencet sentuh benda mana ga edit menu beli ongkir doang jatohnya masa k dapet satu makan doang kecewa banget sih padahal selalu sen makan pake gofood jadi ga mood mau makan nang in sen sendiri,negative
layan maksimal,positive
dapet diskon kalo pake gopay doang gilir ganti cash diskon nya tarik mending gw uninstall,negative
aku si suka iy pake gosend gojek tp jujur kecewa sama go car ny coba mentang pake hemat ngga yg terima mohon bangt dong baik biar kaya dulu skrng bnyak pilih tp ngga di guna sama aja boong lah masa driver ny chat jangn pake hemat sumpah kesel bngt sama kerja tp kok gitu bngt,neutral
bnyak diskon,positive
keren bgt,positive
aplikasi t i ngak daftar uninstal,negative
okee apk sesuai,positive
okeeeeeeeeeeeeee,positive
sangat bantu sekali kalau diskon banyak,positive
selalu senang,positive
alhamdulillah gosend sangat bantu kerja,positive
mudah hidup,positive
td mau gosend barang utk anak ponpes gak drivernya menit tunggu tetap gak,negative
hidup nadiem,positive
kadang lama nunggu,positive
gojek dulu,positive
cukup baik banyak mobil go car buruk,positive
baik good,positive
top banget,positive
baguss bgt sukak,positive
lega rasa hapus akun gojek uninstall hp menuh menuhin memory ram masih banyak cara untuk bisa pergi pakai ojek online beli makan minum online,negative
mohon maaf komen sini driver gojek aplikasi gojek driver ga direspon tidak jadi ubah guna menu bantu tidak ubah mohon baca dong segera baik sistem jadi error sistem driver order saling tunggu hanya prioritas beberapa driver order nungguin resto driver hanya jadi serep terkadang makan dingin resto nunggu driver di resto driver nunggu,positive
sangat bergunaa,positive
hari tanggal mei alami alam enak aplikasi tiba aplikasi go jek dapat sen turut itu bukan laku mesan sebu tiba aplikasi mes madu toko eskrim nominal lumayan banyak awal terima kondisi sebut karena driver bayar sebut lebih dulu saya bayar sebut saya tidak peduli nominal saya tidak suka di tipu,negative
mantap buat driver gojek,positive
mantabbb,positive
sedih banget sih mau jalan jalan pakek gojek pas mau jalan malah akun aku bekuin gra drever tolol buta map kosmatar jadi kena batu,negative
profesional,positive
sering tarif naik cari drifer yg gak ambil,positive
banyak promonya aku suka,positive
makin update makin gajelas aplikasi mau goofod in adek makan restonya g muncul padahal kuota banyak pake wifi sama jadi lambat kerja nganter beli makan dulu,negative
selalu bantu kita mana tetap rendah hati moga sukses selalu gojek,positive
maap pencet,positive
jangan mahal biaya layan kaya si oren yee,positive
lanjut,positive
ga ribet enak makeknya untuk driver usaha perhati kak sejahtera driver dampak percaya layan sukses terus gojek,positive
driver cepat aman sopan,positive
cari driver lama set jam ga dapet dapet,negative
sangat mudah guna,positive
sangat senang,positive
mobil nyaman,positive
selalu dpt driver yg ramah sopan anter alamat tepat waktu,positive
sip,positive
moga gojek jaya terus,positive
cari jam ada mau ngambil padhl udah pakai cari cepat kecewa,negative
kecewa order gofood batal pihak stelah tnggu jam lebih klo dak bisa klarifikasi dak mslahnya kali dlm hari yg uda buat tnggu lebih jam krn lapar,negative
nih aplikasi nunggu menit dlu baru batalin padahal resto bakal nyiapin makan kalau udah dpat kurir kalau gak dpat kurir gak disiapin alas gak batalin nunggu resto gak rugi rugi mana sih tuh restoran nyiapin kalau dpat kurir harus menit bisa batalin kalau gak dpat kurir orang nunggu lapar kalau dibatalin eh detik detik akhir dpat kurir eh udah lanjur beli makan gmna sumpah gak bantu nih aplikasi,negative
mantap moga gojek slalu hati,positive
good banget,positive
cepat respond lancar,positive
sangat aman nyaman dg gojek,positive
dulu mungkin sekarang banyak make jadi lola,neutral
mantabbbbb markontabbb,positive
makin kesini makin buruk,negative
sangat bantu saat sulit,positive
bgus mksi,positive
ga download bukan perkara storage totol,negative
banyak driver malesss njemput pesan nya,negative
pesan x driver ga jalan semua,negative
aplikasi pelit diskon banyakin diskon kek udh ongkir mahal makan jg lebih mahal beli toko nya langsung banyakin diskon sumpah,negative
driver nya ramah males banget kalo gin kan aku order mau mall posisi hujan aku sama kawan minta turun depan loby eh si deivernya nda mau bad modd da situ kok hujan lebat banget nda mau nurunkan didepam loby malah aku sama kawan turun depan samping jalan,negative
terima kasih atas layan terus tingkat,positive
bnykn gratis ongkir ny,positive
coba pakai opsi hemat emang gak buru buru estimasi ubah jadi telat jam lebih tunggu nyata batal sama gojek alas driver sibuk kalau memang gak mau sedia ongkir hemat jangan sedia fiturnya nunggu lama untuk pesan ulang gimana sih gojek padahal guna setia sejak tahun an kecewa,negative
order driver ojol cepat dateng gak bete tempat yg tuju jd cepet jg,positive
sering promo heheee,positive
selalu yg baik,positive
aplikasi apa bujang apa gak di antar mending buang aj apk kalian ngen,negative
ga pernah gratis ongkir,neutral
mudah pakai,positive
gilee sudh tahun tengah tambah armada gk panggil yg mau fokus gojek non kerja pabrik yg sambi kerja pabrik mlh gojek gile tahun tengah gk pangilan,negative
pada mud ugal ugalan area kuta bahkan sering lihat bonceng bawa turis mending kamu rata sedia kemudi biar numplek kuta ngetem pinggir jalan malah sering bikin macet aplikasi bukan ringan malah timbul masalah,negative
aplikasi bego ngambil langsung order mana muter muter,negative
good job to all the driver thank youu,positive
aplikasi andal buat transport kampus kwkwk,positive
siiip,positive
yuk jalan,positive
banyakin diskon pliss,positive
mantaf mohon tahan,positive
menu kurang aju komplain yg jawab ai aja kurang alhasil ga proses gitu aja terus driver toko nya ga sanksi rugi silah cek sy guna setia th yll masa ga catat buat driver toko sistem dibenerin,negative
cool,positive
keren aplikasi gojek banyak banget diskon nya,positive
jek jek orang sedia jasa transportasi anter barang makan kok batasin akses customer driver balik kalaupun mau lindung ga tutup total dong udah kasih nomor kirim alamat lengkap di tinggal kerja driver sulit temu kirim krn bisa kordinasi akses nomor telpon customer sedia jasa aplikasi aman sih urgent malah jadi lama kalo scam biar yg urus data sendiri banyak driver ngeluh kasihan,negative
heran gocar malah dapet jauh,negative
pakai gojek cpt sat set,positive
lebih baik,positive
kok sering bgtt aplikasi error gmn sihh sen go send menit drivernya ga jalan hubung ga bales,negative
mudah cepat,positive
baik turunin lg harga dgn promo,positive
aplikasi busuk nunggu menit baru kirim kode nya,negative
malas skarang pakai gojek apa nya lambat betul pesan driver lambat pesan gofood lambat mending pakai apk belah aja lebih sat set,neutral
bagus banget sangat bantu,positive
layan mantap,positive
bagus mudah bayak update jadi kesel kalo butuh suruh update,positive
game gocats nya sekarang jadi gak di mainin pada yg paling suka aplikasi gojek,negative
oke layan nya,positive
mau buat akun baru nunggu jam tbtb bnget apk nya jelek gin,negative
oke oke,positive
sangat manfaat yg punya motor mobil,positive
aplikasi jelek semenjak update buka gofood selalu aplikasi berat pilih makan ingin bayar selalu keluar aplikasi sendiri selalu notifikasi aplikasi merespon padahal hp punya ram gb jadi selalu gagal pesan gofood itu selalu gajadi akhir,negative
puas sangat bantu sekali mudah segala bidang,positive
kecewa banyak diskon,positive
bagus bgt,positive
gojek parah banget sampe tinggal kereta gara gara buka go transit nya lama ampun deh,neutral
transportasi aman nyaman,positive
udah x sen go food gada mau ambil masih drivernya enggak sih asa dulu ga kayak gin tiba tiba habis update aplikasi jadi gada mau ambil batal pesan jam cukup lama kalo batal bisa laku kurang jam kalo buat jam harus kompensasi padan juga lah aplikasi bener bener buat bijak baru belum tuju driver akibat gin gada mau ambil persen gofood,negative
susah dpt driver,negative
sangat bantu jalan ku,positive
senang pakai gofood n gocar sangat bantu sukses terus,positive
bangga sekali kalian cuan operasional tidak wajar,negative
yaa aku jadi nya kalau mau beli apa apa tinggal mesen aja gojek gak perlu nge repotin ortu,positive
lancar aman,positive
joszzzz,positive
praktis hemat,positive
guna banget,positive
penguna gojek gopay later cukup lama kecewa banget sama bagi tagih sikap kurang ajar banget padahal baru telat satu hari itu saya bayar denda sikap arogan kurang sopan,negative
setia guna gojek berapa tarif knapa gojek setia bahkan susah drivernya sendiri dgn beri bonus bayar kecil sejahtera partner baru naik ratingnya,positive
sistem gojek sekarang ngak masuk akal udah pesan gofood masih tunggu di cari driver menit waoww gojek gojek,negative
belakang susah bgt nyari driver ampuunn udah milih prioritas tetep gadapet tingkat ya layan,negative
sangt good,positive
enak dh,positive
aplikasi jijik pesan uda sesuai aplikasi pas d antar g sesuai,negative
aplikasi ter kicauuu,positive
posisi driver seringkali gerak,neutral
mudah saling manfaat,positive
praktis cepet,positive
sangat bantu masyarakat hal penuh transportasi,positive
fitur gojek plus langgan lebih mudah pakek go pay ketimbang grab ribet banget pakek grab unlimited via ovo,positive
bgusss,positive
respon muas pihak gopay top up tanggal tanggal saldo tidak ada masuk alas yg gak jelas,negative
sangat bantu bagi jika lagi satu tempat di sana ada angkot pun ojek motor bisa guna gojek,positive
jadi mudah mau mana mantap lah,positive
go,positive
hari saya mes layan go ride normal bukan hemat datang driver guna motor tahun yang kondisi layak jok tipis besi kam belakang tidak ada mesin brebet panjang jalan sangat jauh kata nyaman bahaya masuk lebih selektif dalam sistem tugas driver memang kondisi kendara tidak layak alih layan go food sehingga tetap layan langgan terima kasih mohon direspon,negative
gaji lah drivernya layak biar ga minta ongkos double triple sm komsumen apalg daerah puncak sering bgt minta ongkos double mana ngeluh mulu jarak jauh macet lah hadeeuuhhh,negative
drivernya kaya kayak gak mau ambilin order,negative
hati buat bayar aplikasi pihak lewat gojek aplikasi vidio setting bayar otomatis dri gojek nya berani laku tagih bayar tuju sehingga saldo saya di gojek potong otomatis tambah ngawur aplikasi,negative
kan pertama sen mobil drivernya gabales bales lalu tiba tiba sen,negative
semua orang naik gocar lewat tol lama jalan harus gerutu kalo anda driver mau jadi jujur lama hampir selalu driver seperti sangat jengkel pasti tidak ambil driver bintang bawah mohon maaf terima kasih,negative
sangat manfaat sekali,positive
di baru kok tambah eror min kecewa,negative
siiipp mantappp,positive
banyak disko,positive
driver nya judes aih pas ambil pick up order toko jarang banget denger makasih apake udah mah ga sabar ken duluin mulu,positive
lebih murah cepat aman tuju,positive
aplikasi keren sangat bantu kita butuh bantu darurat,positive
biaya tangan mahal sekali skrg rb jirrr,negative
sipp tepat waktu,positive
sangat puas dg selamat terimakasih,positive
aplikasi peras bangsa,negative
jauh selalu,positive
aplikasi yg sangat bagus sangat bantu terima kasih gojek,positive
mantpp,positive
ramah drivernya,positive
udah lama pakai tapi baru kasi bintang,positive
sangat muas,positive
aplikasi sangat bantu,positive
ga ngerti sama gojek niiii customer gofood mesti telat terus makan anter eits bentar juga jual di gofood merchant sebeeellll order udah siap on time lagi drivernya luuaamaaaaa jemput gatau emang drivernya selalu lelet apa gimana sih bener ga ngerti sama sistem gojek kalian adu domba customer seller cust nunggu lama seller jg nunggu lama ga sih drivernya sat set kayak belah heran,negative
bagus deh kalau mager luar rmh,positive
aneh paylater tapi bisa guna,neutral
driver nya kenapa sih biasa banget bom jalan udah banyak nanya berapa orang lah lah segala macem kadang pas udah sampe titik jemput malah cancel sendiri gajelas bgt kadang chat kaga bales jemput kaga jalan mau nya apa sih gilir sering cancel gara driver gak gerak malah kena ingat kan bgst minimal aplikator deteksi lah gera driver sejak order masuk suspend aja yang pada biasa gak mau ambil juga gak mau cancel,negative
mei pukul mes goride hanya laku satu kali order saat jalan langsung driver telepon kata beliau dapat order sama tiba lokasi jemput ini sangat ganggu jelas rupa salah sistem jadi ini sudah beberapa kali alami mohon pihak gojek segera baik sistem tidak jadi double order yang rugi driver maupun langgan,negative
salah satu aplikasi yg mudah segala urus hampir semua,positive
dulu sampe sekarang gojek poko nya ga lawan dah,positive
fast respon,positive
tepat waktu jemput para driver nya ramah,positive
enak banget pake gojek mana jadi murah,positive
baik,positive
selalu neng pake gojek bantu aku pulang kerja jadi lebih cepet kalau promo hemat makin neng,positive
amanah ramah,positive
mantappp brooo,positive
pesan selalu lama kadang tunggu hampir jam tau batalin,negative
halo kak lupa pin nomer aktif hilang coba grapari tidak cetak ulang nomer yg daftar akun ingin aju mohon baru ganti nomer baru saran guna lupa pin nomer sudah tidak aktif cukup tambah fitur scan ktp muka guna tidak sulit ada terima kasih,negative
driver napa suka batalin sihhh gedeg banget jadi telat kannnnnnnnnnnnn,neutral
aplikasi keren,positive
bagus jadi beli makan minum ga keluar rumah mantap,positive
fitur chat driver kan mau kasih foto lokasi kok gak gak oenting,negative
apa sen gosend dr jam pagi terang paket makan jemput waktu jam udah jam gada progres chat cs jam siang baru cari driver nya terang paket makan baru jemput jam sore lhah jam dong jadi parah banget layan kek gin pantes viral aplikasi ojol sangat minus begini sistem nya,negative
layan nya baik ramah hemat,positive
semua bagus,positive
ga selalu cepat gojek nya males kali,neutral
sangat recommended,positive
sekarang jadi tambah ruwet apk gopay plus tambah susah,negative
aplikasi lokal kualitas bintang,positive
sangat bantu jalan lebih efisien cepat tuju moga selalu amanah,positive
aplikasi ojek online yg gak punya driver nunggu pesan gofood jam gak driver hapus aja aplikasi gak,negative
lot sih,neutral
saldo gopay potong otomatis buat langgan gojek plus day padahal nggak sama sekali klik langgan,negative
manfaat gojek oke,positive
gojek tranfortasi mudah jln smpe tuju,positive
sangat bantu,positive
oke semua,positive
sangat mudah nertransaksi khusus pesan makan driver,positive
aplikasi buruk,negative
padahal makan nya udh aku cancel pencet malah tetep dianterin gimana si,negative
joossss,positive
sangat bantu manfaat,positive
duit tahan gak di pake upgrade susah ngeselin banget kapok sumpah pake gopay,negative
ga ribet,positive
aplikasi gojek udah bagus tampil nya bagus enggak bosenin keren lah kasih bintang,positive
jauh selalu dapat driver amanah,positive
terima kasih gojek alhamdulillah sll dpt driver yg peduli sopan,positive
gojek hapus bijak privacy number susah para driver apa bila alamat kurang jelas titik sesuai memang customer punya aplikasi gojek kita chat via apk gojek customer banyak belum paham hapus bijak tolol kalian bijak tolol jangan,negative
bonus gopay poin pelit,negative
hapus akun laku bersih alias data simpan rekam database,negative
kasih saldo limit playlater pakai belanja medekati limit di tolak sama di bloker maksud apa niat ngasih pinjam enggak ragu ragu gitu padahal bayar lancar hadeh fungsi saldo limit apa woi,negative
mudah aplikasi,positive
bagus apk nya suka,positive
lot banget to,negative
mudah dlm perjlanan capai tuju,positive
makin baik banyak promo pakai plus,positive
parah slma gk penh yg nmanya telat byr jstru sblm jtoh tempo slalu byr mlh tk lunasin tp knpa pinjam sya tolak,negative
tepat waktu drivernya ramah,positive
gampang terang sasi,positive
gojek makin kembang pesat,positive
bisa setel gelap terus bug,positive
tepat waktu muas,positive
banyak bgt promonya sukaaaaa,positive
guna aplikasi beli barang pesan kendara sdh baik tiba tiba potong dr aplikasi catcut besar padahal langgan catcut saya cek potong bulan maret lalu aplikasi gojek mohon guna yg untuk lebih hati hati,positive
lebih murah,positive
lama banget nyari driver gw uninstall lu lama lama gojek,positive
ya pihak gojek jaga aman guna aplikasi soal driver nakal sengaja g trima order trus daftar order sya plus sma jumblah uang screenshot buat penting pribadi tau nakal dibaned aja driver bikin orang kesal ss daftar order orang trus dijadiin bahan lapor pihak kluarga mes kan ga etis sma skli ya klo driver blom trima order plis jumblah order sma uang sembunyi baru liat sen,negative
aplikasi kacau top up gopay dr bca ga update saldo gopaynya pdhl lg urgent buat goride ga jelas mahal doang bagus kaga,neutral
makin sering pakai makin lot ngelag dapat driver gk jujur bikin trauma kalau misal jalan kalian driver alami ban bocor celaka bilang aja jujur jujur mau kok nunggu kalau kalian blak an bayangin bilang tambah duit buat bayar parkir padahal beliau nyampe resto kita hubung pihak resto drivernya blum dan posisi resto tutup jadi pungli parkir kalau misal ada kendala jalan nyampe resto bilang aja,negative
susah pasang aplikasi ny,positive
baik masalah jaring,negative
suka cepat lg klu naik gojek,positive
kali pesan gocar biasa diskon app chat balas telpon angkat mobil tambah jauh gerak sama sekali kalau tidak mau ambil bilang biar cancel lalu cari driver posisi malam hari hujan bawa anak batre hape low komunikasi enak lah,positive
drivenya g jls smua msn buat plng rmh sllu g ad yg ambil pdhl dr aplikasi udh ad yg nyangkut driver tp rta smw driver malah sengaja ga jmpt g mau cancle g tau apa gue nungguin lama trnyt g mw ambil sngja g dicancle biar cust yg cancle akun driver bgus aj g ad rwyt sring cancle sdngkn akun cust buat susah nyari driver gara sering cancle pihak yg dimnta driver sendiri dong evaluasi driver lu gojek kalo udh kaya ga mau ambil order ga ush aktifin apk hdeh,negative
dah,positive
berat aplikasi nya dongo,negative
kasi pak nadiem,positive
go car nya ready tiba dapat driver driver nya gak gerak batalin malah awak yg nak sangsi agak baik ni go car orang buru malah kendala nunggu lama,negative
mudahhh gak ribet gampang pahamm oke deh,positive
sumpah kacaw banget skarang gojek susah banget buat nyari driver tolak mulu udah nunggu menit malah batalin juga kalau mesen makan ga yg mau nganterin coba baik dong layan padahal dulu aku selalu lebih milih sen gojek banding belah sekarang jadi males mesen mesen gojek kecewa berat,neutral
cepat nyaman,positive
banget rating tumpang liat tiba driver bilang kalau rating aku kata bakal susah nyari driver padahal aku gak ngapa in payment selalu pake gopay gojek mau gofood gak pernah bikin driver nunggu udah usaha jadi tumpang yg baik buat semua drivernya aku terima kasih sama udah mau ambil order aku bahkan waktu sampai effort nyebrang jauh drivernya gamau jemput driver mau rating ke ngasih jelek salah aku apa,negative
lelet sok buat harga murah kendara ga yang terima,neutral
sangat bantu waktu sulit,positive
tepat waktu ongkos jangkau,positive
gojek mantap,positive
sangat manfaat rumah jauh kota jadi selalu pesan gojek selalu tepat waktu tepat lokasi nya,positive
sekarang malah hari update kocak banget sih,negative
fast response,positive
kirim cepat,positive
aplikasi yg sangat bantu cepat sesuai pesan bisa kirim sangat bantu thx keep developing,positive
alhamdulillah,positive
cepat respon jemput pasien rs terima kasih,positive
argonya pass didriver,positive
kembang terus,positive
top gojek,positive
gak di daftar hrs verifikasi wajah,negative
amplikasi bagus,positive
jalan senang,positive
bagus lapang kerja buat orang orang biar lebih kembang maju,positive
ngga usah banyak update klo performa ngga pernah ubah,positive
tambah fitur bayar pake aplikasi dana dong mimi,positive
manntab,positive
aplikasi kebangaan anak bangsa sukses selalu gojek,positive
gak papa sih kasih bintang,positive
ga perlu repot buat keluar rumah kalau jajan,positive
min repot account driver atas nama iyan sofiyan had plat b esx ajuin komplain beliau engga responnya sama sekali metode pay lalu bank jago beliau salah angkut tumpang jadi bayar double dua driver sekaligus please report baru kali kecewa sama driver,negative
mahal banget sekarang biasa tarif rb sekarang jadi rb lebih hampir lipat,negative
tingkat,positive
sangat bantu,positive
singkat bagus,positive
pihak gojek mohon perhati helm beri driver tumpang sering kali kotor mohon sekali perhati,positive
ramah dn tepat waktu,positive
guna banget buat kaum mageran kayak aku,positive
oke gesit antar pesan nya,positive
baik n ramah,positive
gojek keren,positive
apa buat mau hemat masak sendiri pakai gofood harga mahal sekali juga untung kalo enak,positive
tepat waktu driver amanah,positive
brifing untuk drivernya utama driver gofood knp order gofood gak pernah bawa kembali pernah order gofood kembali minta di balikin gopay dan sdh beri nomer gopay saya tapi malah gak itekad baik drivernya heran saya tiap order gofood naik goride gak pernah kembali dgn alas baru keluar lah baru isi bensin lah kl sekali dua kali tdk apa ud terlalu sering,negative
lumayan bagus,positive
semua urus jadi beres,positive
mantap,positive
aplikasi baik,positive
bagus sih trbantu ssat ga da yg dmntain anter,positive
diskon nya banyak tarik,positive
mudah n senang,positive
sukaa,positive
allah mau update gojek plus terus ganti no udah saldo nya tiba tiba ilang gimana,negative
di aktif aplikasi sangat bantu pergi,positive
aku suka pake aplikasi praktis mudah paham,positive
masyaallah,positive
gojek sekarang makin parah,negative
mau buka aplikasi gojek grab,positive
banyak diskon bonus nya selalu jadi prioritas gua kalo malem laper pasti pesan gofood,positive
kicau mania,positive
layan sangat bagus ramah,positive
fitur nya ngekang konsumen kalo mau pesan go food lama banget driver sekali nya mau cancel nunggu waktu estimasi kan aneh estimasi yg maksud driver buka estimasi pesan kirim,negative
biar baca sama ownernya kasih bintang mau liat akun selalu ganggu teknis da coba mau upgrade selalu loading padah kuota giga dan wifi sedang on kapasitas mbps payah nih gojek udh mah bangkrut kali,positive
ongkir go food mahal,negative
gojek mudah hidup,positive
terimakasih gojek layan makin baik,positive
aplikasi bobrok kama kali driver nya padahal pakai yg biasa apalg pakai yg hemat mungkin tahun baru driver padahal liat d aplikasi jg bnyak driver d yg lg on mending pakai maxim udah murah cepat lg cari driver nya meski rata rata driver nya kurang bersih ku,negative
cepet kadang kadang eror,positive
oke aman nyaman,positive
kembali sistem gojek yg dulu,negative
kurang tarik,negative
gud,positive
sangat puasa,positive
chat driver gofood tidak kirim foto rumah jadi stand by driver datang padahal dulu kirim foto jadi driver gak perlu banyak nanya pesan ditaroh pintu,positive
driver jarak terlalu jauh jemput customer padahal bukan hemat kadang suka mau info kalo jadi pickup chat balas jadi tunggu terlalu lama,neutral
driver nya lebih galak customer padahal di bayar kerja,negative
gojek sihh tadi nunggu pas cek cari driver katanyaa gojek sekarang ga lihai kayak dulu biasa langsung muncul drivernya sekarang kenapa lambat gin sihh prosesnyaa lama tau ga gua nunggu ga worth it nihh apk,negative
kecewa selalu masalah guna pesan satu antar x mes terkadang pesan masuk aplikasi baru kami siap pesan sdh auto pesan sering salah paham sama drever nya,negative
aneh gojek hemat gabisa ganti bayar cash gopay sangat repot kalau lg ga bawa cash moga baik trims,negative
cepat akrab,positive
apk ga jelas layan makin parah,negative
promo kok jd hilang telah update aplikasi,positive
cepat dan drivernya nyaman,positive
mantap bangett,positive
gak jadi bintang gw pakai voucher diskon gak driver habis nunggu nya jam driver hargain orang orang kecil kayak gua gua tau harga diskon cuman jangan gitu sama apl gojek kalo udah lebih menit gak driver kasih tombol batal la gw ketik sambil tunggu pesan gw jadi gw nunggu jam sekarang jam belum driver gw gak puas,negative
aplikasi gofood jelek karna customer chat merchant makan yg beli yg sesuai pas aju gojek bilang moga depan jadi sebut tidak tinjut apk belah bisa nyelesain masalah waktu kurang jam,negative
kadang kadang yang nyetirnya ga bener bawa motor nya gajelas udah kasih tau arah nya malah ngotot terus malah komplain,negative
nomer ada akun ada awal jadi sinkron aplikasi seperti mytelkomsel bisa muat akun gopay sudah hubung gojek driver gopay,negative
udah make booking prioritas tetap lama malah makin lama,positive
harga iklan gofood mati,negative
aplikasi gak guna di butuh beri notifikasi gak pernah telat aplikasi payah,negative
antar nya cepat orang nya ramah,positive
layan lambat,negative
pernah driver yg nakal tdk jujur tdk memberitahu tumpang bhw sdh dibyr pake gopay terima bayar kali cash gopay sy lapor gojek alhamdulillah gojek langsung merespon kembali gopay makasih gojeekk,positive
beberapa kali order driver tdk merespon telpon di chat tidak jawab direspon seleksi driver yg spt susah orang,neutral
honestly suka udh langgan lama aplikasi gojek terkadang gojek suka lag chat komunikasi driver buka terkadang jadi booking lebih satu padahal tidak laku booking lebih satu bisa bilang seperti lag tapi lebih ada kurang terima kasih,positive
gojek sekarang layan dulu hari saya pesan gofood beli item kirim item sudah komplain serta bukti nya sama sekali tidak ada selesai baik chat bot nya diam himbauan masyarakat tidak paksa lebih baik langsung beli disellernya langsung lebih aman transaksi dulu,negative
cukup muas,positive
top bgt,positive
terima kasih sangat bantu,positive
terimakasih banyak udah kasih refund gak kayak tj wkwkwk tara steam refund nya mudah,positive
lama aku rasa gojek salah satu mitra yg percaya u jemput anak,positive
makin hari makin makin kecewa aja driver gosend batal terus walaupun jarak km udah nunggu lama ga konfirmasi driver aplikasi stuck,negative
makin sini makin gedeg gocar nya pilih gocar xl kita lima dewasa anak balita tunggu menit driver semua cancel jarak cuma km gak hujan semua gak ngambil order d chat gak d bales klw gak mau narik jgn ngidupin aplikasi drivernya,neutral
over all oke,positive
mantappppp joss,positive
selalu yang jauh jadi cepat lambat,negative
banyak diskon,positive
nyaman sekali,positive
goplus hilang ngebug,negative
cepat tp kalo ongkirnya jgn mahal sekali,positive
saat in gojek cukup baik buat guna saya yg sering pergi mana dgn guna goride good job gojek,positive
brp kost jaya stasiun gambir,positive
murah cepat,positive
gojeg sangat bantu perjalana,positive
map update lah nentuin titik lokasi rmh ga di map mental lokasi label usaha dekat,negative
lebih murah lebih praktis,positive
bantu cari transportasi cepat segala makan,positive
banyakin promo nya plisss,positive
mudah pelangagn,positive
pilih expres biaya tambah tetap telat,negative
cepat tepat,positive
aplikasi nyh jelek suka loding mau pesan gojek susah ngeleg,negative
bisa pesan gosend lokasi dengan titik antar beda padahal gps aktif jaring bagus beda sampai km,negative
bagus cepat dapat,positive
on time aku suka sama gopay,positive
jadi mudah dapat transportasi,positive
bagusss banget,positive
order cepat tanggap driver alam,positive
praktis murah,positive
aplikasi gojek bisa muncul layar utama di download,positive
bantu banget kalo pulsek ngga yg jemput gojek serasa pacar soal nya anter jemput tiap hari walaupun boncos wkwkkw,positive
lama bwanget sih bosan nunggu,positive
pagi harus kali order baru stlh pilih prioritas,positive
lagi naik goride masa pesan makan tiba masa pencet makan aneh sistem mu aneh gojek,negative
gila dapet driver yg jemput jarak km sehat,negative
manjay aman jaya,positive
lot aplikasi loading trus,positive
skr banyak driver yg ga kasih kabar mnta yg cancel pagi udh driver dpt bgitu telat kerja gara gata gitu,neutral
driver mu aneh pernah pesan gojek bukan makin deket malah makin jauh gojek udh nunggu lama malah tetep makin jauh,negative
verifikasi wajah ulang kali gagal lebih bagus pakai maxim grab aja,negative
bantu pergi,positive
percuma pake cari cepat tengah jam lebih bom dapet apa drivernya so kaya apa gimana segala banget batalin order lebih kali dibatalin,negative
gojek sangat bantu,positive
di kasih qris dong metode bayar,positive
ga jelas top up saldo gopay ga masuk,negative
bagus sih yaa oke lah,positive
mantap bantu sekali,positive
oke joss,positive
verifikasi gocar lama banget,positive
bagus,positive
bantu genting,positive
order makin rata,negative
jamin bangett,positive
sumpah enk bgt pke aplikasi driver nya cekat,positive
sangat bantu urgen,positive
limit transaksi tambah dong masak bulan cuma jt bikin kek jt,positive
mantap sesuai titik,positive
bagus syekali,positive
luvv bgt,positive
kasih bintang karna gara kalian marah driver gak pesan gocar tau pesan di hp,negative
satset pol,positive
sangat manfaat,positive
halo tim gojek indonesia moga depan tambah metode bayar lalu qris guna bayar layan gojek lebih mudah harus guna gopay selain mohon untuk banyak promo diskon makin tarik guna tidak kalah saing aplikasi belah rupa sekarang banyak guna timbang promo pilih aplikasi transportasi online terima kasih,positive
padahal udah sen orang malah tb tb cancel terus ganti orang padahal udah naik driver tolong gimana mau dilaporin untung udah cancel,negative
bagus,positive
senenf msu kmana mna gampng klo gojeg,positive
sip pokokna mah,positive
seeeppp,positive
mantulllllll,positive
sangat bantu bnget saat kontrol nenek rs tp gak puny mobil driver ramah sngt bantu pngen jajan tpi jauh males antre,positive
aku benci bgt andal aplikasi ga buat cepet cepettt,negative
a multi app for everyone needs,positive
sangat bantu,positive
udah lama pakai aplikasi tidak pernah kecewa,positive
gercep,positive
simple sangat bantu aktifitas,positive
sering banget nunggu lebih menit driver ga gerak gilir telpon drivernya bilang kata gaada notif order anehhh gilir cancel yang rating jelek sama driver,negative
wes alhamdulillah pokok e,positive
aplikasi bagus muas ada salah satu driver tadi yg kurang ramah bentak,positive
karya anak bangsa,positive
cepat tepat murah,positive
sumpah lu app apa dahhh masa ongkir gofoodnya rb harga makan cmn rb jarak resto rumsh gw dekat ongkir apa rb,negative
mantap keren sangat bantu,positive
sangat sangat sangat batu sekali,positive
gojek bantu banyak anggur,positive
suka sama apk gojek yg bikin kesel gopay blokir,positive
dah lah mahal jelek saya ga ganti alamat mana ntah dmn alamat,negative
bagus senang layan gojek nya poko mantep deh keren sesuai bintang lima aja deh best trimakasih gojek,positive
kirim cepat driver ramah atribut lengkap aman terimakasih,positive
buat driver motor kasih tahu buat baca maps jangan sok tahu jalan jadi telat terus kalau kendara jangan pakai earphone,negative
untuk bantu hubung customer service via chat mudah customer bisa etik sendiri apa mau ditanyain bukan pesan cepat aja kan tentu mau tanya sedia pesan cepat kalian buat driver gocar gak lagi sen pake gocar songong banget,positive
selalu aman pakai gojek,positive
mudah drivernya ramah,positive
baik ramah mud,positive
santai nyaman,positive
mantap trskan,positive
harus susah main go cats,positive
upil,positive
guna dn bagus walo prnh dpt driver yg nolak ank sy gendut,positive
ijin hari bener kecewa banget mau pergi pagi krn perlu yg urgent sen gojek dr sen gojek x ambil tp tdk yang gerak sama sekali gojek malah muter arah makin jauh pdhal sy sdh chat brp x mau ambil tdk sy cancel sy chat mrk dgn kata maaf smp sy sc chat sy buat jaga takut satronin marah in driver sprt yg banyak jadi alhamdulilah di ambil driver hijau dan mrk welcome kl sprt apakah costumer salah,neutral
garcep ramah,positive
pokok nyamann dah,positive
mohon maaf langgan sekarang hapus aplikasi krena verifikasi satu banyak dc dc masuk chat tagih ancam tidak sopan aplikasi tidak chat gojek laku bantu apa aplikasi gojek klo masuk chat arti aplikasi tidak aman hapus saldo ga bisa ditf,negative
terima kasih,positive
gojek ribet sekarang pakai kode,negative
bantu banget,positive
sih jauh,positive
tiap kali order goride hemat sekarang ga pernah yg mau ambil padahal dulu selalu dapet biarpun pake hemat trs skr susah buat apa bikin tarif hemat tp ga dipake,positive
baik untuk mesan gofood resto buka kok apps tutup,positive
sangat perlu karyawan perlu cepat,positive
pernah kecewa gojek,positive
ya segera baik sistem bug bayar gojek laku transaksi apa ingin laku klaim dana riwayat transaksi malah tidak cantum hanya cantum dalam riwayat aplikasi mohon segera baik ini ganggu adakan sistem bayar harus minta verifikasi milik kalo klik notifikasi langsung arah menu bayar langgan dapat pilih lanjut bayar hapus langgan,negative
bagus terima kasih atas layan,positive
terimakasih go jek atas layan jasa lama pakai pernah jadi hal tidak dingin belum terimakasih sekali,positive
terimakasih layan nya,positive
terimakasih driver gojek layan gojek bantu malas keluar untk makan,positive
tgl mei hari senin sayamenggunakan transportasi gojekindonesia jam sore memang sedikit masalah dgn driver turun dr gojek akun tdk buka trima kasih,negative
kalau ga mepet sama tawar yg giur g bkl masuk lubang pinjol gin bahkan apk resmi kyk gojek aja sebar data pihak malah nomor gopay pindah nomor umum mlh bnyk spam gara telat byr gopay hari udh lah yg nagih kyk dc pinjol benar g aman bgt data sini ckck g amanah selesai semua delet akun lebih mending apk kuning,negative
mungkin tingkat bagi restoran kadang aplikasi buka pas sen ojolnya nyampe nyata tutup kasihan ojolnya,positive
lagi arah lebih tinggi,positive
update mulu fitur gitu aja,negative
goks,positive
gojek selalu hati,positive
lebih bnyak promonya,positive
sangat memmbantu saat urgent,positive
langgan bayar driver dapet masuk kantong aplikator klo bukan dzolim apa an,negative
pelayannan antar sat set,positive
ada gratis satu,positive
semua jadi mudah,positive
selalu baik ga masalah driver oke semua,positive
kalau mau kirim barang lebih baik pake apk ojol jangan sini nomor bagai terima samar pakai whatsapp buat masukin popbox lebih baik pindah lain nomor telpon nya samar kirim paket kendala customer tidak bisa hubung,negative
recommanded,positive
banyak iklan gojek jutek di pukul,negative
ke lokasi tangerang sedia,negative
kapan ada metode bayar pakai dana shopee pay,positive
terbaiq,positive
mudah beli apa aja,positive
guud sangat,positive
mudah segala urus butuh,positive
slalu siap bantu emak yg malas keluar,positive
sangat nyaman,positive
bagus cepat kirimanya,positive
terima kasih atas bantu,positive
driver gocar nya pda ga sopan udah x order cancel ingin drivernya lebih parah rute main awal cuma menit malah jadi menit drivernya sengaja bikin lama,negative
mekanisme batal otomatis sebal sya pesan gofood x batal otomatis mulu perhati tidak terus ada aplikasi pesan selesai hindar ini sebal karna ada aplikasi lama jam padahal notifikasi kalauoun perlu chat,negative
siplach poko e,positive
order buat jemput udah malah cari lagi order baru order baru udah naik selesai tapi order yg pertama tahan inti masalah system nya nge bug yg awal tumpang kemudi malah tumpang kemudi,neutral
kirim sangat cepat luar biasa bagus,positive
driver gocar kalo ujan ting yg main cancel nungguin lama yang nerima gak direspon gofood ongkir makin mahal makin kesini makin gak bagus gojek,negative
sangat mudah jalan dn tepat waktu,positive
mud biasa ramah,positive
puas dng sikap layan nya rute yg d pilih nya,positive
sekarang voucher ny pelit bgt ga kayak dulu ud mls pake app ny,negative
terimakasih sangat bantu,positive
layan lot nunggu driver lama ga kaya aplikasi belah satset padahal harga mahal gojek,negative
driver nya aneh aneh semua banyak jutek emosi padahal bonceng customer hampir semua sen gojek selalu,negative
sangat keren baik,positive
pokok jadi lebih mudah,positive
lebih mudah lebih murah transportasi yg,positive
aplikasi yg sangat bantu kami yg ada kendara pribadi mau pergi perlu kawatir tinggal order aku jadi tepat tuju sat set hemat drivernya ramah pilih rute ok terimakasih,positive
baguuusss,positive
gojeg gak buka,neutral
cepet banget,positive
sangat bantu ada gojek,positive
aplikasi sangat bantu usaha harga tetap sahabat rakyat,positive
lebih sat set pada grab mantap,positive
anak pulang sekolah selalu pakai gojek alhamdulillah amanah layan terima kasih driver gojek,positive
susah banget cari driver driver gamau jemput karna kejauhaan ngapaiin ambil ujung ujung cancel,negative
tetap kasih walopun skrg gofood nya telat melulu pdhl order prioritas percuma donk,positive
supir ramah moga semua supir ramah tumpang sopan,positive
aplikasi kalian baik aplikasi muncul estimasi menit tepat waktu tunggu lebih menit gak sampe estimasi tidak ubah tetap menit aplikasi anehhh estimasi waktu pesan menit nyata jam baru sampe grabfood tetap lebih baik,negative
banyak abang ibu baik,positive
kereennn,positive
sdh pernah promo lg,negative
sip mantap,positive
oke mantap betul,positive
gerai gofood cuma muter area aja y padahal biasa sampe jauh mungkin sekarang kok area cuma aja,negative
sangat bantu sbnarnya cuma saat libur armada kota sy kadang kurang shga susah cari armada utk armada gocarnya,positive
sangat puas jalan nyaman,positive
sangat bantu sat set,positive
siap berangkat tuju gak pakai ribet gak pakai lama biaya aman kantong,positive
ngeselin,negative
aplikasi mudah guna lancar,positive
urgent gak trx pake linkaja plus kena rate limiting huftt kalo gak trx jangan kasih rate limit gitu plus banyak banget driver ngakalin kaya matiin paket data kita nge cancel duluan tadi beberapa waktu lalu nungguin cukup lama lho mungkin tembusin product management nya makasih,negative
bantu kalo,positive
aneh nyarinya lama kali udh telat untuk ngampus batalin malah gojek datang saya udh naik mitra,negative
terimakasi gojek drivernya sukses sehat semua drivernya sangat mudah dalam kirim tanam langgan,positive
layan hebat,positive
mantappppp,positive
sy langgan gojeg sdh lbh thn pernah jd prioritas lebih suka kalau banyak discount go food transportasi tahan tingkat,positive
kren,positive
woke,positive
hari lebih murah belah tahan,positive
sigap cepat gak ribet,positive
gojek aman n percaya banyak promo discount a good job gojek,positive
sangat bantu,positive
fitur gocatsnya bisa klaim hadiah benar asa cuma gimmick baik,negative
driver nyh klo suruh mandi pake parfum pakai rapi klo pihak aplikasi kasih notifikasi di aplikasi nyh jam waktu,positive
trimakasih banyak gojek pagi kalo ngak sempet nganter sekolah pke gojek aja simple aman no drama drama club,positive
hasil pesan gocar atur jadwal kereeen,positive
satu kata kecewa,negative
no coment kalau driver nya sejahtera,positive
lambat bisa andal,negative
keren,positive
hidup aplikator pungli,negative
adain antar cabang bungin dong jarang sana sih tpi klo sana mke gojek dulu knp sekarang enggak,positive
sangat manfaat sekali saya,positive
bagus cepat,positive
susah gojek bila malam,negative
nyari driver lama gabisa dicancel,negative
si selalu susah cari driver bikin orang kesel aja orang udah laper jadi makin undur karna susah cari driver,negative
andal kecewa,positive
lama kali bujang aku mesan makan driver ada yg ngambil lokasi bontang,negative
best banget,positive
ga ngasih pasti klo pesan ga ambil driver costumer digantungin suruh nunggu sampe kiamat,negative
best jarang potong harga sekarang gofood,positive
sip manntulll trimakasih go food,positive
kalau lewat jam pagi drivernya dapetnya jauh jauh bagus susah set lokasi jemput lewat map,neutral
kpan dan pun order buat keluarga jauh kita,positive
bagus sangat mudah guna banyak promonya moga depan gojek gofood jd partner lebih baik syukron,positive
dong perbaikin gpsnya bener dikit kek tuh appsnya,negative
kapan bayar qris,positive
mantap gojek,positive
gak ngotak banget ongkir sama biaya tangan gofood mending sih shopeefood lebih free ongkir banyak promonya real ga cuma dar jargon doang,negative
driver lu jelek ga driver nunggu jam dulu baru ngancel otak punya aplikasi jam tentu apa keburu tutup toko,negative
aplikasi nya bagus gampang nyari menu nya ada diskon besar besar,positive
kalau emang driver nya kaga mau ngomong chat saya udh nunggu lama drivernya gk jalan jalan malah batalin sama drivernya,negative
aplikasi yg sangat bantu transportasi kuliner banyak discount,positive
murah layan sangat baik,positive
kecewa sekali dgn apk buka gopay sdh tuju tinggal tanda tangan digital eh susah minta ampun gk bs buka cpk jg hrs coba trs mohon baik systemnya,negative
semua nya baik,neutral
drivernya gamau anter gofood pake voucher,negative
kfc buka tutup menit promo hilang buka jika pesan dapat driver,negative
mantap say,positive
baik baik kok,positive
jauh oke apk,positive
sangat bantu andal,positive
bagus sekali apk nya,positive
driver yg nganter makan sering banget udh kasih tip tiba ngga jadi yg nganter parahh baik sikap nya,neutral
top transaksi on line,positive
aplikasi nya sangat mudah,positive
layan bagus,positive
aplikasi cukup bagus guna,positive
kecewa parah,negative
knpa skrg susah bgt dpt driver sih males,positive
sopir sangat layan,positive
mempermudaah segalanyaa,positive
punya masalah susah sekali telfon cs nya hubung lewat sosial media guna minim respon ada masalah sangat tidak di rekomendasi guna cari aplikasi saja bisa lebih bantu,negative
terimakasih mantab yo,positive
ga sekali kali udah kali kali php in go food pesan makan udh nunggu lama g dpt driver ga yg jemput makan,negative
cepet baik ramah,positive
makin kesini makin ga jelas aplikasi nyediain fitur ongkir muraah jam jam ga dapet driver jadi udh bkn sekali duakali komplen cs ga solusi lu gausah nyediain fitur kek gin kalo ga maksimalin layan lu bikin orang nunggu nunggu lama,negative
layan cepat no ribet,positive
gojek emang thebessss,positive
cpt kl ngirim yg sy order makasih,positive
td nya harap gojek makin maju eh buka maju eh tambah sengsara driver gojek potong aplikasi gede driver ojol cuma dapet cape nya aja,negative
aplikaisnya oke,positive
sangat oke,positive
selalu tepat waktu good job,positive
mantap layan prima,positive
mau liat resto pake filter dekat listnya ulang ulang terus jadi gak eksplor restonya gak semua dekat sih kadang pakai aneka nasi listnya ulang ulang,negative
layan aman cepat,positive
makin mahal ongkir gofood nya,negative
mudah kan urus makan,positive
aplikasi kapitalis pilih yg murah emang lama bgt dpt driver,negative
gabisa masik akun udh minggu karna stak foto muka padahal apk lain ada saldo yg ngendap sini soal,negative
its,positive
sangat buruk pesan gofood jadi resto tidak driver ambil terus santai nya pihak gojek cancel aplikasi bobrok,negative
sering error nggak bagus karna sering dpt double order sangat profesional sistem jelek very bad,negative
neng banyak discon voucher,positive
beberapa driver mu gak profesional noh dh taro depan gerbang sesuai titik nanya udah gak jalan jalan buat orang telat aja anj,negative
senang sekali sangat bantu transportasi,positive
siomay akang kitchen singgahrasa bandoeng manyarsakti kawasan unri,positive
lah bang kasih fitur kalau suka bayar tempat trus dicancel biar ojolnya ga rugi dong kasus nih tiktok soal,positive
keren fast,positive
banget,positive
guna tahun tahun baru kali kecewa berat pesan gocar mobil malah jauh chat bls nunggu sampe tengah jam pesan x jadi sama mana potong biaya batal gilak sihh mahh nama peras,negative
sumua fasilitas layan bagus,positive
soal potong buat gojek nya besar jadi bintang aja,neutral
untuk driver sering curang kasih sanksi apa kek gitu jgn diem aja ga mau pake apk,negative
jauh untuk aplikasi aman aja cuma beberapa kali temu driver layan kurang banget gamau henti kanan lah gamau pindahin rute lah padahal jarak tempuh tuju sama rute pindah kemudian panjang jalan kemudi nyerocos aja komplen begini si kalo sini kayak kurang enak saya mau lapor sih beberapa kali lho spesifikasi gocar saya jadi ga nyaman pake gocar karna,neutral
driver udah dapet udh nungguin mau berangkat kerja malah tiba kensel drivernya gojek gimana tuh driver mu malas kerja kalo gamau kerja jangan jadi ojek online mending pake aplikasi kuning drivernya ramah,negative
aman tp tarif cepat ubah,positive
rekomendasi transportasi,positive
garcep,positive
aplikasi bantu buat jika motor di pakai orang rumahh,positive
moga makin lebih baik,positive
mudah armada banyak langsung pantau jalan,positive
jln nya bagus ngebut rahmah mudah ajak komonokasi,positive
cepat tepat,positive
mantab jiwa,positive
sesuai estimasi,negative
x terimakasih,positive
driver nama wisnoe wardhani honda vario plat t gak sopan sok kenal padahal cuma dapat driver yg sama kali gausah sok rasa akrab kalo transaksi selesai selesai lah jangan driver hubungin langgan nya kontak nomor langgan buat gak lihat aja sekali juga soal privasi jadi buat driver kalo transaksi selesai gausah sok ya kalian gak segan ngasih bintang,negative
aman nyaman,positive
main bolak balok hadiah cuman bohong punya ruby banyak apa tetap ngak menang ruby habis ngak menang menang hadiah ngak bakal kasi aktivitas curiga hadiah di ikan,negative
nyari driver susah nunggu lamaa banget ujung ujung dibatalin ga dapet driver buang buang waktu,negative
driver nya klo malam hari ga di andal,negative
ini gomart skrg kayak gin mau pesan makan alfamart koq ga muncul semua item mau pesan sari roti aja koq ketik ga muncul ga kayak dulu ah auto uninstall,negative
no ribet,positive
mau buat akun malah ga suruh nunggu jam,negative
sering error udah apdet error terus busuk,negative
banyak promo tarik,positive
sangat bagus kurang mesan kompleks,positive
ngeri dc nya telat hari pake paylter dah ancam ajah rbu denda mulai hari gw unisntall gojek najis dc nya,negative
pliss gojek yaa skrg malah makin susah nyari driver padahal udah pusat kota kaya drivernya banyak milih kalau pakai yg nama hemat bisa menit dpt driver gt yaa beda sama apk belah gerceuppp ga kaya dulu org nya konsisten ga banyak milih hmmm hujan badai angin ribut rabas emg ga semua tapi makin lama makin banyak kecewa berat,negative
update teruss orang perlu urgent jadi susah apk ga jelas,negative
gara terima double order gofood otomatis betul apes customer tidak sabar tunggu padahal jelas status order kondisi customer kecewa timpa salah driver,positive
makin lama driver gojek makin ga loyal jam aku nunggu pesan makan gak sampai apa coba maksud,negative
di paham,positive
makin kesini makin sana nyari driver lama padahal dulu gak bgini adapun dapet di cancel terus,negative
ajib pokok,positive
gaada kirim same day gosend yahhh nya aman selalu kirim same day,negative
halo kak tidak masuk ponsel x,positive
gojek baik dulu ni aplikasi slalu hati love banget gojek,positive
sangat bantu,positive
aplikasi cacat jebak stasiun gabisa keluar,negative
aplikasi gak jelas gak driver mau antar,negative
mau keluh sama admin gojek knpa mau masuk event kucing hadiah nggk di karena maaalah jaring padahal jaring hp ku bagus di baik cepat,negative
beberapa kali susah buat dapet driver gofoodnya harus nunggu lama bisa batalin sampe udah laper banget akhir dapet aplikasi belah,positive
sistem order gofood jelek bgt kalo sulit driver nunggu maks jam buat batal pesan lagi nunggu driver resto resto buat makan baru anter customer terlalu banyak makan waktu harus kalo sulit driver maks menit batal pesan biar customer cari alternatif,negative
bagus apk nya,positive
amanah cepat kirim,positive
selalu aman kendara,positive
kecewa sama gopay adu tetang salah transfer sampe skarang ada jelas kecewa hati lah transfer gaopay kalian ga bakal bantu sama pihak gopay,negative
maaf gojek rasa akhir akhir driver nya susah jadi kalo misal guna pakai kupon diskon pakai hemat susah dapat sering tolak padahal kan kupon diskon hak guna mau pakai atau ngga serah kadang heran sama driver tiba pas dateng mau harga normal non diskon tu padahal juga guna mau ekonomis,negative
sekarang gojek fitur gi food bener aneh lama giat mau scroll tempat makan apa aja gak karena nge bug beberapa resto ulang kali muncul yg bawah nya kayak setting iklan jadi yg muncul itu aja padahal yg buka kalau gin bosen banget mau liat resti baru gak juga pake grab shopee aja kalau kayak gin cara mai payah banget,negative
baru mau mengunakan nomer untuk daftar gojek perlu digarisbawahi nomer baru pas mau daftar harus nunggu email email sama sekali bukan punya sangat kecewa sekali kapok,negative
sangat bantu tingkat pelayananya trimaksih,positive
maaf kasih bintang kurang bantu,positive
sangat bantu pergi kmn,positive
bagus bantu hari hari,positive
apk percaya yaaaa walaupunnn driver nya ngeselin buangetttttt okeyylahhh kan ga semua yang ngeselinnn,positive
bagus banget banyak pilih cocok pergi,positive
susaaah cari drivernya go send sulit dapat,neutral
aman percaya tuju,positive
bagus cepat drivernya ramah,positive
bagus aja,positive
bagus buat orang mageran kya aku,positive
pertama kali pakai not bad,positive
aplikasi aneh nyari drever g dpt gilir dpt drivernya g yg ramah,negative
tingkatktan terus mutu pelayananya bagus,positive
mudah erti,positive
driver sopan sabar,positive
gokil,positive
knp go send sering kendala kayak jadwal padat kalo error padahal di butuh,neutral
lancar manfaat,positive
driver datang tepat waktu antar tumpang selamat layan ramah bawa kendara hati hati muas terima kasih,positive
kecewa banget pesan gocar ibu driver mau titik jemput malah nyuruh tumpang jalan driver pas bilang ibu sudah tua bisa arah driver malah batal pihak apa perlu share nopol mobil,positive
lumayan kemarin sabtu aku sen goride alamat malah balik jemput malah alamat tuju padahal tulis benar lo,neutral
lovvv bangettt harga jangkau cocok banget kalo mau pergi ga kendara ga yg antar kalo mau makan males pergi jauh jauh best banget pokok sayang ga banyak resto toko yg pakai,positive
orang resto selalu aja kayak gin kalo makan siap gak driver jemput gilir siap malah ngeluh lama banget bikin sen nya banyak driver gojek suka marah marah kalo sen belum jadi gilir udah jadi gaka ngambil entah karna ongkos nya murah gimana ini udah sering kayak gin yang kerja resto selalu nombok kalo makananya cancel kesel banget saya,negative
mudah layan muas,positive
jaman pertama kali gojek aku udah pakai bahkan dagang tiap hari pakai gosend alhamdulillah laris manis banyak driver ngetem deket rumah terimakasih go jek sukses selalu,positive
lumayqn sihh,neutral
pihak developer beri batas untuk para driver nya sering nge cancel order beri batas x hari x minggu tidak tunggu terlalu lama saat order gosend gofood,neutral
bagus bgt bwt para pelas buat sen makn lah buat jalan keluar lah paling suka apk gojek tuh punya banyak promo besar besar kalian coba sih,positive
sangatsangat mudah jalan meski kota baru pertamakali datang thanks,positive
sampah,negative
selalu gercep ada pesan,positive
susah nyari driver,negative
bagus tp klo gofudnya mahal males,positive
lah kl pas pesan driver nya dekat resto biar ramai order kadang kl order ramai ngambil driver nya yg jauh mohon sistem nya baik makasih,positive
good thank you,positive
top markotop,positive
semangat yg juang rupiah,positive
i love you buat buat,positive
turunin potong fee driver jangan gede,positive
aman percaya,positive
praktis,positive
gojek,positive
sangaaat puas se x,positive
driver nya ramah sangat senang,positive
gojek memang paling top,positive
lebih murah lebih cepat,positive
sangat bantu,positive
selalu okeeee,positive
aplikasi lot,negative
sangat bantu utk bagai giat,positive
makin susah driver utama order food,negative
driver ramah jalan malam layan baik,positive
sering telat gak dapet vocer gk mau rugi banget,negative
mendownload pas mau ratus ulang jadinnol,negative
jelek ngasih titik gak pernah akurat,negative
kalau aplikasi cinta langgan segera hapus aplikasi hemat tdk satu driver yg tarik ambil orderanya lagi langgan sulit utk cari driver saat hujan langgan pilih maxim grab pasti sulit cari drivernya jujur gojek sekarang sudah makin parah layananya,negative
kalau nagih agak maksa suruh cepat bayar blm jatuh tempo tagih kali surh buru bayar,negative
terima kasih,positive
aplikasi kocak,negative
sangat nyaman orang,positive
mudah nyaman,positive
jalan cpt lancar dn nyaman guna aplikasi gojek,positive
pantes saham nya anjlok baru aja mau pakai daftar aja susah minta ampun bnyk kali lag nya,negative
aplikasi sangat bantu,positive
banget,positive
makin keren harus jadi transporter profesional,positive
mudah aman cepat,positive
puas pake hojek,positive
apk busuk,negative
gg go jek good,positive
aman nyaman lengkap atribut layan banget,positive
selalu jadi andal,positive
apa udh intsal malah stak logo,negative
cepet sampe,positive
sukses selalu gojek indonesia,positive
kerja bagus,neutral
kecewa ama gopay gojek masak main game udah selesai misi nya gak klaim hadiah nya padahal sudah lapor masalah,negative
respon customer service buruk,negative
langgan gacor gojek budak eksploitasi manusia kemudi moga gojek cepat bangkrutttt shame on you,negative
nyaman saat,positive
moga gojek selalu beri baik konsumen,positive
all good,positive
ada gojek sangat batu on time mks gojek,positive
fitur beli listrik s elalu ganggu heran deh,negative
mkch gojek sangat bantu sekali smg sllu sukses,positive
aplikasi sangat buruk service buruk,negative
kalo harga n promo ntah lebih wow sini banding belah,positive
moga lebih baik,positive
gojek jadi jelek banget masa gara gara pake gopaylater kena kali transaksi pake logika masa pesan mobil satu waktu sama mau nipu saya langgan selalu tepat bayar paylater malah kecewa,negative
kerenn bagus sekali,positive
selalu buat lebih baik,positive
senang pesan golek cepat tangkas,positive
diskon nya banyak drivernya banyak pokok ga nyesel pake gojek,positive
kicau,positive
lumayan kalau promo lebih lumayan,positive
makin tingkat skill driver kendara nya sukses terus,positive
selalu minta update aplikasi saat update memori penuh haduh mending usah pakai sudah,negative
sangat bantu sekali bila ada tdk bs keluar sy bs pesan gofood gojek thanks bpk mas mba udah anterin walaupun hujan deras sklipun,positive
apk sangat muda kita cpt smpe tuju buat klian yg blom download tunggu ap lgi buru,positive
wow gojek luar biasa dlm layan,positive
terima kasih sdh jemput antar cepat aman,positive
dear kembang gojek jujur ada layan sibuk langgan jam gacor buat bagi driver susah dapat order di jam tentu layan go ride bisa tombol layan disable go ride hemat masuk driver yg langgan gacor imbas driver yg langgan blm penuh syarat susah dapat order,negative
tunggu lama driver langsung tiba,positive
aplikasi buruk suka banget naikin ongkir akan mes makan padahal ada hujan tiba tiba naik ke bukan sekali kali sering lebih bagus aplikasi grab maxim aplikasi rupa lain aplikasi kapitalis peras user seller,negative
sekrng titik nya g sesuai,neutral
ga ninggalin pesan buat drivier pas lg nganter barang harusny bsa,negative
bantu ada gojek,positive
anter sen susah nya lacak lokasi maaf ta pindah,positive
di hapus goraid hemat nya ngerugiin driver,negative
terbanti banget ada gojeg moga driver makin sejatera sehat selalu aamiin,positive
mantap jauh,positive
suka aplikasi nya bagus murah,positive
layan,positive
tambah malas gopay leter udah gak gofood ongkir y skrng mahal banget mending pake shopee food gofood jelek terlalu mahal,negative
banyakin promonya,positive
langgan pakai gojek sangat bagus,positive
sesuai ekspektasi,positive
solusi dong driver suka minta naik harga kalau udah lintas kota minta harga pp harga jadi kali lipat,negative
alhamdulillah semenjak langgan gacor driver lebih sering nahan perut lapar,negative
sumpah aneh banget gausa ngasih pilih ongkir murah kalo nyata pilih gak dapet driver nunggu jam tengah baru bs batal maagh sampe kambuh gilaaaa banget,negative
sedikit kecewa nunggu lama bngt pdhl driver bukan yg hemat,negative
buka aplikasi akhir akhir gbsa truss,negative
mau beri rating resto muncul sendiri bintang tidak ubah padahal mau beri bintang jadi kasi restonya untuk di perhati,neutral
okehhh,positive
sangat bantu transportasi makan belanja terimakasih gojek,positive
terkadang susah nyari driver,positive
muantap,positive
harga g mahal,positive
antar aesuai tepat waktu,positive
supir nya banyak komplen customer masalah tarif nya udh gitu gk pernah chat klo emang gk mau ambil order udh lama nunggu tau map nya ubah jauh,negative
parah si udah beberapa hari sen gofood slalu lama karna sulit dapat driver dong pihak gojek nya jangan ambil untung terlalu besar kasi driver imbas kita customer jadi susah dapat driver karna drivernya males malesan kerja karna gak untung,neutral
temu driver msh bawa tumpang tp notifikasi jemput sdh masuk hp driver,positive
drivernya males balas chat,negative
gojek makin lama makin susah mau kirim barang pda gk mau ambil hadehh pilih pilih oderan apa gmn padahal sya kasi akses cod sya yg jalan,negative
is the best,positive
parah jalan suruh edit ulang sama supirnya nyata jadi lebih mahal mana supirnya bilang mbayarin bos kalau cara begini ngajak antem supir sama tumpang aplikasi,negative
makin ribet login pakai face id padahal cuma mau login ribet banget akan mau pinjam uang,negative
layan bagus harga gak mahal banyak promo jadi hemat,positive
selalu mudah kendara dg gocar,positive
aplikasi yg pas utk yg mager,positive
mkeren,positive
sering ngbug sama salah titik koordinat,negative
benah bagi metode bayar mau ganti non tunai gopay utk bayar gojek motor malah gabisa trs jadi susah akhir,negative
baik bagus keren,positive
map sering eror jadi titip jemput suka gak pas mending kalo deket jauh bgt soal,negative
karya baik bangsa very helpfull map pesan sejahtera mitra inshaallah barokah makin sukses gojek,positive
banyak promonya,positive
driver cepat datang sampai tuju aman,positive
jangan pake apk kalau pesan paket bagai beli sangat sulit ada driver kirim paket nomor whatsapp samar tidak hubung tolong tindak apk gojek paket sering di retur gara gara gojek kali jangan pake sangat sulit baik beli driver antar pesan saya,negative
layan baik terimaksih,positive
aplikasi sangat mudah lancar guna sukses selalu,positive
tetap tahan driver beneran niat kerja baik rapi tampil diri ramah kendara bersih salam sehat buat semua driver gojek berkah lelah buat keluarga aamiin,positive
sangat bantu aplikasi iniii,positive
kacau pesan gaada yg terima sama sekali udah nunggu lama padahal sekali nya malah ga gerak di diemin doang,negative
gojek sangat bantu,positive
driver kalau nambah orang nembak nya harga gila xlipat,negative
seru jalan nya buat ku good mood hari respect buat ojol,positive
saran jangan terima order sekaligus lawan arah custumer jadi tunggu lama makan,negative
versi baru cara seluruh baik masuk tetap fitur call belum kisah aksesibel baca layar tunanetra screen reader mohon baik versi datang akar nyaman guna kami driver komunikasi perlu,neutral
saat aku butuh gojek selalu dan sedia,positive
moga lancar,positive
good the best,positive
aplikasi yg taiiii,negative
potong kemudi besar terlalu besar,positive
driver gojek skrng kurang apa gimana si udah mau jam nyari driver ga dapet dapet heran,negative
naik gojek gojek is the best,positive
coba baik sistem masa gomart alfa jarang n nunggu menit timbang dong cape nunggu mana ongkir mahal,negative
fast respon,positive
bijak jelas,negative
aplikasi saat lapar sangat bantu agen agen kurang selektif disiplin sanksi harus aplikasi jika banyak aplikasi lebih baik tks,negative
sopir sangat ramah tidak ngebut kendara makasih gojek,positive
jempol,positive
skrg sen gofood minimal jam gila,negative
depan utk mudah butuh wsrga,positive
layan ramah,positive
bintang buat driver nya tepat waktu cepat ramah act of service,positive
udh kali kali verif gagal mulu,negative
drive bagus,positive
gerangan apa susah dapat driver utama area pontianak,neutral
sangat mudah batu aktivitas,positive
bagus tarik banget,positive
titik almat bsa ubah sendiri pesan pdhal sblum pesan alamat sdah benar,negative
tepat waktu,positive
jaring lambat pilih driver terlalu jauh titik jemput,neutral
barang gw tinggal barang jirrr gw konfirmasi jam satu malam ampe sekarang jam sore iyahnya doang gw kasih nomor kontak gak laku kelas gojek lohh luar biasa konoha konahaaaa,negative
makin mantap,positive
drivernya baik krn macet lewat gang eh tau smp tuju,positive
sopir ramah,positive
bagus banget nih aplikasi jadi bantu banget,positive
aplikasi yg mudah mana gak bawa kendara sendiri,positive
simple penggunaanya,positive
wadadidaauuu gojek memang mantul,positive
server hari penuh saya bisa masuk aplikasi,negative
sen goojek lama bngt kg dapet jm smpe jm dpt,neutral
sumpah gojek ga benah sama sekali kalau telat driver oke lah kali kali bahkan hampir jam mana suruh nunggu tengah jam lebih baru batal bayangin kalau orang lapar,negative
drivernya evaluasi,negative
diskon makan makin dikit harga makan makin mahal,neutral
sya ga mau naik gojek aju pinjam gagal terus pdh udh lunas ga pernah telat bayar,negative
gojek huh pesan transportasi terlalu lama sering dicancel driver alas,negative
baik peta nya driver selalu salah jalan laku jemput selalu arah jalan lebih jauh susah lewat makan waktu lebih lama jemput,negative
info email data pribadi sudah proses tunggu undang goride w lalu wa,positive
sangat bantu makasih,positive
enggk nunggu lama,positive
plis banget benerin sistem masa ngebatalin driver buat nyari driver malah jadi sen driver x loh alami kaya gin mohon depan jangan bisa jadi ini karna kasi sama drivernya,negative
sekarang sering muter pdhal koneksi internet lancar aja aplikasi,negative
aplikasi tolol uang hilang tahun ulang terus terus,negative
vc rp nyata sesuai,negative
sangat senang,positive
sangat bantu praktis,positive
nyqman aman,positive
semua baik,positive
cara henti langgan gojek plus gimana mohon informasi nya terimakasih,negative
nunggunya tak pake lama guys keren pokok,positive
alhamdulillah lancar,positive
fast respon n ontime,positive
halo admin gojek guna blm tahun akhir harga pulang lebih mahal x lipat dr harga pergi biasa nya harga pp sama tp akhir hanya harga pulang nya x nya padahal jarak nya sama saat pergi mohon tinjau lg kendala nya terima kasih,neutral
susah sangat buat lapor bantu jawab ai mulu cs kalian mana sih,negative
paylater gak driver irit,negative
if you in indonesia dont use car service from gojek many driver accept your order and asking you to cancel if they didnt want,negative
driver nya lambat,negative
teman jalan hari hari anak ku,positive
aplikasiiinya sering eror malesin banget jelek aplikasi medit punya driver ga yang mau ambil,negative
bagus cepat,positive
aplikasi sangat buruk sekali,negative
driver gocar disiplin daerah jakarta pesan kali kali cancel kali kali di chat gak dibales di tindak tegas perihal disiplin,negative
kecewa ngorder hemat jauh jauh ngorder biasa terus muter ga driver aneh tlat mau mana kecewa,neutral
main cencel enak jidat driver padahal ongkir gede udah tau dapetin susah gofood sekarang sen jam sendiri gara gara driver gak yang mau ambil gua pernah sampe jam cari resto batalin terus gara gara ga dapet driver driver belagu ongkir gede ga yang mau ambil,negative
halo ingin lapor kenapa suka dapat driver waktu yg sama bahkan aplikasi pending customer batal temen saya juga alami rupa benar sistem agar jadi dapat driver waktu yg sama ulang itu benar benar enak jelek sekali sistem mesan kok kaya gitu padahal belum udah lama sekali pakai gojek ga pernah jadi seperti terima kasih,negative
woy gojek ini ganggu mulu gw mau bayar cicil jadi gak glliran lewat tanggal gw bebanin bunga bener aje urus dong punya aplikasi,positive
knp sih driver gojek skrng gak jelas kali dapet driver tp sama sekali gak gerak bahkan jauh jemput lokasi gilir tanya mau ambil apa enggak cuma diem aja bisa kalo emg gak mau ambil tuh bilang kan orang jd nunggu lama tambah itu sakit ken cepet pulang buat istirahat malah dighosting sm driver kalo awal nolak krn gak cocok kan bilang awal biar cancel malah diem aja bisu kali,negative
update masa restoran tutup di aplikasi buka jadi susah mau di batal,positive
gocar hemat harga lebih mahal yang biasa,positive
jelek banget mahal mahal banget ongkirnya,neutral
apk lumayan sangat sayang temu beberapa driver sepele tanggungjawab nya banyak sekali costumer masuk sudah tunggu menit bahkan lebih jemput driver putar balik malah pulang rumah nya sendiri biar beberapa costumer tunggu pasti jelas makan waktu penting orang utama orang milik waktu penting berangkat kerja maupun kuliah seleksi nya di perhati,neutral
jelek banget ga bsa baca map titik lokasi pnjemputan pdahal udh sesuai peta titikin tp geser geser tiap naik hrus debad dlu,negative
tepat wkt dtg nya ramah kemudi nya bnyk promo,positive
moga gojek selalu ngasih baik buat langgan setia,positive
gojek oke,positive
aplikasi gojek klo top up alfamart indomaret gratis fakta isi rb jd saldo rb admin rb kasih info yg bener dong,neutral
joss mantap,positive
banyak diskon gess banyakin plis,positive
cepat sangat baik,positive
kicau mania keren,positive
akhir akhir tiap top up gopay sini selalu delay lama sekali akibat lambat laku mesan x jadi,negative
driver dpt rb ambil gofood nya jauh ribu anter jauh jmput jauh pulang nya kosong uda skarang akun aceng anyep gk jlas gojek,negative
oke oke aja bantu buat sen goofood cepet bgt dpt driver nya,positive
makasih pak,positive
apk yg sangat bagus,positive
jangan yang pake gojek unistall sekarang rame rame aplikasi banyak rugi driver pun customer system bodoh laksana unistall guys,negative
drivernya ramah sopan kendarannnya bersih,positive
nyari customer servis aplikasi isi cuma templat bot ga cs manusia,negative
cepat muas layan gojek gocar,positive
aplikasi sangat bantu sedia pilih bayar,positive
tarif nya diturunin diam bonus tidak harga butuh naik bagaimana driver sejahtera biaya jasa aplikasi tinggi customer bayar nya mahal driver nya bagi sedikit,negative
baik semua,positive
ada pemberitahuan queue,neutral
sangat suka pakai aplikasi awal go s pake semua gojek gopay,positive
sangat bantu mudah braktifitas,positive
aman nyaman,positive
bagus sih,positive
cukup baik lumayan alternatif shopee gk promo,positive
layan oke tingkat,positive
rekomendasi,positive
mudah transportasi,positive
mantapp perjalannyaa,positive
aplikasi sampah,negative
tambah event coin tambah game yg bisa dapat coin game gocatnya adain menu double coinnya please diupdate developer,negative
jalan lebih aman nyaman,positive
sopan ramah cepat tepat waktu,positive
bintang satu aja layan buruk guna mending gulung tikar aja ke laut,negative
apa coba udh sering bgt top up saldo selalu ga pernah masuk pdhl udh hasil top up nya,negative
layanam cs lenyap bisa ganti nomer hp chat bot,negative
suara notif nya ganggu banget suara notif dulu lebih enak,neutral
the best public transport wise driver and fine fare,positive
cepat layan suka amanah,positive
sangat kicau,positive
costumer servis go jek lambat aplikasi kadang error ga nge chat driver,negative
opsi klo mager,positive
mauliate,positive
manjay mantap jaya,positive
aplikasi busuk makin banyak atur makin ribet ngorder go send aja hampir menit status cari driver terus kaga pindah aplikasi aja udah,negative
aplikasi aneh pesan gocar x cancel sendiri padahal driver dekat sampai kena ingat pesan gofood malah order resto yg belum padahal klik order resto yg udah pilih menu voucher makin aneh scroll gofood muter muter doang pilih,negative
goooood,positive
cepat response,positive
moga voucher nya tambah terus hehe,positive
cepat dn aman,positive
mohon bantu perhati sejahtera drivernya,positive
puassssszzzzz,positive
ada customer service sendiri tangan masalah paket hilang barang tinggal kami suruh tunggu tanpa pasti berapa lama masalah selesai bobrok usaha liat cara nang masalah,negative
kalo ujan susah cari dirver mana onkosnya ubah naik naik terus dapet nya tetep susah,neutral
kepada pihak gojek hilang layan gopaylater akun telat hari rb apa an tidak sudi nya layan gopay later lgi akun,negative
sangat bantu mudah mes,positive
driver sok gamau ambil orang terminal yg bawa barang banyak,negative
go jek si bagus tpi sebel bngt buru buru trus ga sempet update suruh updat dlu lama bngt ga ntar aja apa updatenya,positive
makin kesini layan makin turun sulit driver padahal aplikasi banyak nampilin driver gada yg nyangkut malah suruh upgrade biaya pas udh upgrade sama ajaa tetep susah dpt drivernya,negative
sangat tepat waktu save drive,positive
layan driver go car nya ramah mobil nya bersih nyaman duduk kursi depan selalu ingat pakai sabuk kam banyak promo harga sangat jangkau puas banget pokok siip mau mana selalu ingat gojek jika pesan gojek responnya cepat meski jarak nya sangat dekat driver motor selalu tawar pakai helm lindung kepala terimakasih gojek,positive
aplikasi nya mudah sekali guna kenapa minggu sekali update terus jg gimana cara app nya baca user interface hp tiap mau buka gojek aplikasi buka nya playstore kan jdnya repot gak buru buru,positive
layan mantablah,positive
mudah praktis pantau gampang,positive
di kirim saldo akun gojek ku saldo nya masuk masuk pihak kirim kwitansi notifikasi sukses dan mau buat lapor dari aplikasi gojek kagak di menu bantu kagak ada opsi buat bikin lapor trus gimana bisa lapor pihak gojek kalo saldo masuk masuk,neutral
gilak mantep banget ni apk nya,positive
driver pilih order,negative
suka aplikasi,positive
better sekarang,positive
cari drivernya lama kali baru udah malah batalin terus kalau udah lama cari nya malah naikin ongkos nya ga bagus mah,negative
aku cuma mau mati bayar otomatis hasil ngak ketemu jadi aku kasih bintang,negative
susah banget driver,positive
drivernya suka cancel enak konfirm daerah jg bukan redzone pernah mau gosend makan banyak driver nerima ga lama cancel kalo gamau bantu antar yauda gausa ditake awal bikin orang susah aja kayak perlu diketatin kualifikasi terima kerja sama mitra,negative
verifikasi no wa minta verifikasi email padahal email aktif bikin ribet,negative
bakus,positive
driver go car minta di benerin masa mesen gocar lebih estimasi bagai costumer kecewa mama maraj marah saya karna oknum gocar tidak becus trmksh,negative
aplikasi jelek,negative
titik aplikasi alamat deskripsi sering beda titik hp driver di hp customer suka beda bikin ribut driver customer doang ni aplikasi kerja,negative
aplikasi aneh pesan dibatalin sendiri sama driver di alih driver masa langsung driver di kirim sama gojek order cuman aneh sistem ngerugiin driver sama cuatomer sistem,negative
lah kadang telat,positive
udh gk promo,positive
sangat bantu sekali bintang lima sangat mantab,positive
ini kasih bintang aja aplikasi sen gofood biaya tangan nya mahal bgt ada group order kalo mau murah ribet banget sih tinggal kasih diskon kayak dulu apa susah sih masa selisih ama belah rb an gile,negative
parah bgt apk saya selaku punya resto rasa rugi lama sekali driver padahal barang ready sekali driver posisi dekat tau ilang drivernya beda sama apk belah walaopun lama tetep driver mau ambil,negative
sdh sekian kali keluarga teman saya sangat kecewa driver gocar yg kes gercep ambil order minta batal karna alas jemput terlalu jauh mobil tidak gerak sangat kecewa,negative
terimaksih aplikasi sangat bantu,positive
keren banget driver nya motor nya bagus bagus,positive
apk makin enggak jelas aja apa mau bangkrut,negative
kecewa sekarang titik tuju ga pindah ganti,neutral
oke bagus driver gocar gojek,positive
cepet promo nya banyak,positive
good application,positive
nyari driver lama nya mintak ampun padahal lokasi tengah kota jam jam kerja sama sekali gk yg nerima order,negative
gooodddd,positive
bagus segi palayanan,positive
gooooooo,positive
b aja,positive
makin lama makin susah dapet driver gosen instant instant aja susah payah,neutral
fitur layan go pinjam pernah pakai aju kali bisa tunggu bulan ulang terus fiturnya sangat jelek,negative
susah dapet driver urgent nya fix uninstall,negative
orang ramah,positive
apk bagus lumayan buat mesen mesen makan pergi,positive
drivernya ramah ramah banyak paket hemat makas gojek,positive
pesan ada desak,positive
pinjam uang gopay pinjam langsung cair enak bisa pinjam kali kali meski tagih lama lunas terimakasih gojek gopay pinjam moga sukses selalu,positive
tiap sen selalu lama banget dapet drivernya,negative
gantung driver jauh aplikasi bagus,positive
ga driver mobil yg mau jemput rumah,negative
banyakin promonya,positive
mantapitozzzoramitozz aplikasi yg bagus mudah semua hidup mantap pokok,positive
kalau musim hujan malam hari susah cari driver aplikasi tidak rekomended malah chat tagih pinjol aplikasi gojek kalau mau buat pinjol beda,negative
cepat,positive
the best,positive
games nya gak buka semua aku pikir signal aku coba pake gofood nyata lancar kalo aplikasi gak kuat lebih baik gak usah isi games lah biar gak besar filenya,negative
antar cepat banyak diskon,positive
gojek aman percaya,positive
banyak promo nya jd lebih murah pas banget buat ibu yg suka promoan iniihh,positive
aplikasi nya bagus cumaa dong abang abng gojek nya ramah dikit gitu sbgian ga ramah ga punya attitude masa ngomel ngomel perkara gatau ruma pdhl kan bisa arahin sgtu smperin ga anter smpe tuju rumah mala yang nyamperin malesin sih sbnrnya gtu teh ga usaha nya banget abang driver nya yang buat risih tu telpon si kan jga bs abales chat sya fast respon ko klo ga chat nomor wa kan di cantumin,positive
mudah aplikasi guna,positive
layan bagus kirim tepat waktu estimasi,positive
okee banget sering banyak promo,positive
naik gocar suruh offline sama drivernya dgn alas potong argonya besar sdgkan bayar cash iyain karna rasa empati tumpang yg bawa adlh dua ortu yg sakit jadi ga pikir jernih dlm kondisi tsb dia minta uang isi tol k mama mama isiin stlh mama pinta harga x lipat argo rs primaya tgr rs tara jkt stlh share sosmed trnyata byk jadi sprti byk driver yg nakal untung,negative
tiada pilih kecuali gojek,positive
mudah aman cepat,positive
ntappss,positive
bagus bat anjiers hidup blm pernah nemu driver problematik sini wkwk mantull dah ni aplikasi,positive
beda menit aja udh beda ongkir kwkwk,negative
sangt bantu,positive
sumpah driver sekarang males jalan kenapaaa yaa padahal sayaa tambahin cari driver,negative
udah diupdated aja ms eror tiap mau order instant gak bs cm muncul angka,neutral
so far aman,positive
aplikasi bagus sangat bantu,positive
susah banget cari driver,negative
gojek baik,positive
plis ya gojek tegas jelas bagi parking fee nya udh lebih mahal dr aplikasi belah pakai charge parkir tambah driver nyesel beli lewat sini,neutral
sya ksih nilai gin benar alam sy sya pernah d fitnah driver d marah marah ish ish in dn klo bukan karna gda yg anter dn gda ojek sekitar rumah klo misal sy gamau pake gojek trauma berat tpi sy lakuin karna gaad lgi kendara,negative
mantaaap keren gak ribet,positive
saat butuh muantaff,positive
banyak kecewa aplikasi gojek tp ada baik,negative
banyak ojek pake jaket gojek gak aplikasi jaket sama helm nya jual di tokopedia jadi bingung,negative
kadang sulit kendara padahal kota rame gresik,neutral
sangat bantu hidup hari hari,positive
lambat dirver lama jangan donlod mending grab aja,negative
layan yg professional sangat muas terimakasih,positive
udah nunggu jam sekali pesan gofood di cancel emang makin bobrok ni aplikasi,negative
good job welldone thanks gojek,positive
layan darurat jawab pake bot mikirnya apa si sebenernya bayang kalo konsumen bawa kabur driver keburu jadi korban konsumen kalian baru kalian respon kecewa bangettt sama aplikasi aplikasi gak save brti buat tumpang utama yg order malam hari,negative
baru kali gw bentak driver gw blm ngmng apa main bentak aja kalau gk niat kerja jgn kerja tdr aja rumah saudara bkn asal bentak orang se enak jidat sndri,negative
terlalu mahal banding app belah sampe rb dibandingin yg belah driver banyak yg bikin emosi sering cancel enak pas jam rawan atau hujan konfirmasi,negative
aplikasi nyaman beri layan yg baik customer mitra kemudi,positive
susah cari driver di baik sistem nya min,negative
aman aman aja sekarang,positive
sengaja kasih bintang baca selalu ga dapet drivernya susah nyari nya dapet suka batal kirain taun kemarin udah di ubah nyata sama aja gin udah coba lebihh x tetep aja ga dapet udah nungguin lebih jam ga dapet dapet driver mana sedang buru buru tuju lokasi kata bantu bantu apa nya,positive
lama pake gopay kok gak playter nya malah suruh pinjam bpkb klo bpkb mending bank aja bantu dong aktipin playter nya,neutral
gasuka driver cancel order ga dri awal tau cancel dri awal biar cari driver ini udh nunggu menit baru cancel driver suka cancel beri himbauan,negative
gojek semenjak order gabung bikin lama makan jd ga fresh smpe customer,negative
lama banget nyariny order nya lambat,negative
susah dapet driver,negative
makin sini makin ga jelass kadang males malesan jemput tunggu ga jalan jalan kadang malah jalan mnjauh dri pnjmputan drivr yg minta cancell sudah tunggu dri mnit pdhl mnit sampai malah minta cancel males males san ga mau klo pilih hemat pdhl ada pilihanya skrng males malesan,negative
bijak lo sama harga makin thaiik bikin susah dapet driver,negative
smoga gojek makin sukses depan tiap bidang apa,positive
ongkir gofood mahal banget liat tuh kompetitor berapa biaya layan ongkirnya,negative
lebih praktis good,positive
konsumen gofood sadis ngasih bintang satu merchant pdhl solusi tinggal chat kurang kadang solusi sdh ketemu bintang satu gk di ubah konsumen raja tega,negative
pergi jadi gampang tidak ribet,positive
klo hujan sulit driver,negative
app go food kalian busuk banget order makan jam gegara ga dapet driver cuma minta batal ribetnya minta ampun kalian ajar app oren noh kasih tenggang waktu lama menit dapat driver batal otomatis harus itu,negative
dulu sekarang gak ragu pakai gojek profesional,positive
dong driver yg milih ditindakin anda usaha ngotak jg biar driver pd pilih pesan gw mesan x tolak kira gw ngemis apa,negative
senang guna aplikasi gojeg sangat bantu kalo pergi saja selalu guna gojeg trimakasih,positive
slowrespon skrg,positive
driver muas,negative
ramah cepat,positive
drivernya males liat doang jalan banyak jaket ijo tinggal kota tiap order muncul jauh lama lambat langgan anggap gak penting percuma kalo kerja cuma nampang doang yg lu cuma mohon maaf atas tidak nyaman dah kritik saran konsumen anggap angin lalu,negative
aplikasi bagus playanannya bagus syangnya oknum ada sih ada yg offline maksa yg ikut offline akhir x hujan susah langgan yg mau pulang kalo emng yg butuh duit biar lah narik gak ush dipksa buat ikut offline gedek bngt q sm orang orang bgini,negative
pesan ga sampe udah nunggu jam tb batalin,negative
mantap x bsa pesan ojek nya pas tempt waktu,positive
aplikasi aneh udah dua kali jadi topup saldo masuk jadi pertama gitu pas topup dua masuk pertama kaga jadi sama ah elah ngrepotin si help team gojek update baru pesanann cancel nunggu lama ampe sekarang ga dana,negative
tutup aja go food prcma ssah dpt driver trs mkn ksni gojek mkin lemah,negative
dan,positive
mantap jaya bantu tuas pepet,positive
aplikasi gak ngelag,positive
pesan grabcar lama,negative
stelah cancel parah nya driver datang k rumah anak kaget driver datang rumah anak sdh mnta maaf k driver jelas kan hp mati krn baterai habis anak tdk tau klo gojek nya proses betul akun gojek nya pantau hp jd cancel dari hp krn kasi pk gojek nya sdh lama nunggu driver hafidh taqiyuddin b tgi mohon maaf atas salah anak tp kecewa dgn tindak smpai datang rumah kasi anak jd kebinggungan,negative
aplikasi bagus sangat bantu tarif ongkirnya standar sukses terus gojek beri rating bagus sangat bantu,positive
gofood kalo gak antar ga driver nya jgn buka gofood nya customer nunggu doang ga solusi nya makannan ga antar sudh jam layan makin buruk,negative
supir ramah komunikatif,positive
kesi sekarang driver argo ribu gofood nya go ride hemat nya order ambil saldo nya ribu moga hapus program gojekindonesia kemnaker,negative
blok nyari driver gofood lama banget tol ujung nya batalin udah sekian kali ga kurir,negative
jelek bgt nyari driver lama gilir dapet gak gerak,negative
bagus layan nya cepat,positive
kalau ada gratis ongkir promo jangan ambil gojek plus barusan ambil gojek plus promo ongkir satu sama promo makan nya hapus otomatis jebak baru padahal belum nggk kayak gitu,negative
kalo jangan terlalu cepat update terimakasih,positive
makin gajelas aplikasi kirim gosend ga gerak gerak posisi driver sampe waktu nunggu habis posisi driver ga gerak,negative
bgus si,positive
sofar sangat bantu aman nggak ugal ugalan,positive
jos jis selalu promo,positive
banyak promo driver gofood nya suka banyak gak ngambil jadi pesan nya batal itu kurang muas udah nunggu lama eh tiba tiba di suruh batalin sering kaya gin soal jadi males kalo pake gofood tolong di atas masalah nya,neutral
awal pke nih apk emg bantu pas urgent driver gampang dpt nya kenapa pas makin sini malah makin susah dpt dirver pas hujan walaupun driver dkt lokasi tapi ga terima jdinya malah nyusahin baik depan,negative
mau order go food aja mental mulu aplikasi bilang voucher laku udh pencet tanda silang malah balik halaman awal terus error gk jelas gimana mau order udh voucher dikit konsumen sulit,negative
maf utk mas yg tdi cari driver ny lup sy mtiin,positive
sy puas dgn layan nya,positive
kesel bngt pass hujan udah reda gada yg ngambil order,negative
banyak ojol nya kurang ramah,neutral
lama nyari driver kalo sedang hujan,negative
kalau ongkir nya murah driver nya gak mau jalan gak sesuai arah nya alias jauh customer nya yg batalin kapan gak mau pakai aplikasi jahat banget jam lebih berapa bnyak driver yg tunggu,negative
pesan gosend banyak driver batalin pesan bantu blokir akun nya driver yg sering batalin pesan,negative
biasa bagus belakang mulai ngaco beberapa pesan makan nya gak sesuai yang pesan,positive
kalau drivernya nelpon selalu suara ga kedengeran sama driver terus habis kalau nelponnya pas pake tws telpon putus twsnya jadi ga suara harus direstart hpnya biar nyambung tws speaker,negative
pihak aplikator gojek kembali sistem dulu antar order gosend driver hubung nomor wa customer kalo jadi kendala lapang susah jadi nya,negative
sangat bantu,positive
bagus murah,positive
iklan lu nyebelin banget maksa,negative
aplikasi anak bangsa percaya unt hrs pertshankan akomodasi transportasi dpt di tingkat,positive
wagu,negative
layan bagus tepat waktu,positive
gosend kalo ngambil barang males malesan udah gitu ngomel ngomel gak jelas males nanya nanya padahal alamat pampang jelas paket,negative
gojek maupun gosend sangat bagus kwalitas layan mud baik sikap cara nyetirnya ber hati,positive
tidak downlod petangkat,negative
aplikasi gojek sekarang susah banget untuk dapet driver entah driver goride driver gofood nunggu lama banget sampe jam gk dapet sekali dapet cancel terus ulang padahal jabodetabek utama jakarta tuh driver gojek nyebar mana loh bahkan yg sampe mangkal dapet driver susah nya minta ampun dah ongkir gk yg hemat pake regurel itu ongkir nya mahal gk murah tp tetep gk yg ambil takut gk di kasih tip gmna,negative
langgan pake gojekkkk suka pokok,positive
drivernya jauh mulu massa nunggu mnt,negative
tingkat,positive
jelek banget karna sering gojek tolak mulu mau hujan mau gak mohon jangan dicancel sama gojek,negative
atribut garansi disiplin system cermin kwalitas apk jasa sangat percaya baik indonesia,positive
sering kasih diskon dong,positive
sangat bantu,positive
nunggu lama menit lebih padahal udah pakai yg prioritas,negative
geblek ini aplikasi baru diinstl masukin nomer hp malah loading muter doang gajelas,negative
banyak promo untuk pkai gopay lebih banyak promonya next masuk aja kalau pakai cash sama in donk promo nya sama pakai gopay,positive
sangat buruk sekarang sen gocar aja x cancel mulu pake prioritas sama aja,negative
bagus kualitas layan oke tingkat terus nyaman custumer makasih,positive
layan masyarakat saran ajan ongkos kecil biar lebih nyaman,positive
puas senang tq gojek,positive
sang at bantu,positive
sulit dapat driver mobil spd motor kalau hujan aplikasi heng,negative
sangat batu aktivitas saat trimakasih gojek,positive
aplikasi keren my life saver my trip my adventure,positive
oke baik josss,positive
aplikasi sangat lot susah buka aplikasi baik lg makas,negative
mudah krodit,positive
driver ramah sopan,positive
lebih murah lebih baik,positive
betul komplain,positive
susah cari driver kalau lokasi driver jauh tidak pakai sistem dekat,negative
dar informasi tgl maret kemaren sen gocar tp gk yg beneran jemput padahal gocar aja bukan gocar hemat jd kalau liat pantau map mobil muterin pas udah deket belok jauh dekat jauh pas chat gk balas akhir cancel nah order dua sama tp endingnya yg cancel yg tiga sama jadi alami tgl akhir saya pakai aplikasi belah kayak driver mu kompak deh buat ngerjain customer,positive
account gopay leter salah guna orang teman teman kalau punya payleter go jek segera hapus aplikasi tidak aman gopayleter pakai buat bayar tagih listrik skala industri atas nama raymon chandra candra wijaya herdi wijaya saya kmungkinan laku admin gopayleter tidak otp pemberitahuan,negative
aneh aplikasi masa kirim no tlp lewat chat ga tolong baik ga semua alamat sesuai sama maps kalo mau konfirmasi pake sharelock jd susah,neutral
aplikasi soax susah gunain nye hampir hampir anak gw g sekolah on com,negative
game gocats utk klaim hari tdk laku game bolak balok sy deteksi laku aktiftas curiga sy tdk mel kuk apa ternasuk pada game,negative
buat semua si oke tolong dong drivernya kadang yg tb tb cancel ngomong pas hectic bngt mungkin di evaluasi gitu mungkin soal dh beberap ngalamin,neutral
hood keep it up,positive
mantul dech,positive
sangat kecewa sama gopay later nyobain promo ongkir goride jd perak mereka ada notif wa kyk shopee pay klo jatuh tempo lagi orng jg lupa ad tlpon dr gojek nga ad suara nya kayak ai besok nya udah telat hari tlpn baru ad suara tp msh kyk ai pas cek tagih perak denda lambat nya hari satu notif aplikasi gojek kyk cht tlpn dr driver sering ngga muncul akhir mebuat slah paham user sm driver,negative
banget jam berapa selalu,positive
terimakasih atas konfirmasi vertipikasinya,positive
gojek selesai masalah masalah,positive
gojek selalu yg baik mksh gojek,positive
the best,positive
jangan mau mainin game gojek yg balok puzzle game haram ngabisin ruby doank ga niat ngasih hadiah game scam menang udah atur kalo ga niat ngasih hadiah kasih sulit banget,negative
jelek banget masa tiap buka apk mau sen selalu nge lag loading lama mana waktu sen hemat tb tb jadi protitas padahal mencetnya yg hemat wkwk nombok banyak,negative
siap guna,positive
mudah untuk cari makan malam jam jam butuh,positive
focer dah gk banyak kyk dulu kudu langgan baru dapet focer ongkir food delivery paling mahal kompetitor,negative
pake fitur gofood tpi gapernah dapet driver,negative
dapet driver susah biaya layan gede banget customer ngambil driver ngambil gila biaya ongkos tadi tiba tiba motong debit laaaaaahhhh begimana cerita aplikasi edan,negative
makasih promonya gojek,positive
sangat bantu segala situasi,positive
yoo tiati,negative
server gps nya sesuai biasa awal dekat celah buruk,negative
kecewa cari driver kok lama lalu driver titik drivernya juaaauuh malah lama nunggu drivernya mikirlah gojek biar cepet jarak dekat malah driver jauh bayar bukan nunut mbok benah bintang buang waktu hanya nunggu yg buat gmn sih kalian jawan tingkat jumlah guna algoritmanya yg ga pas kok alas gitu,negative
gojek kasih fitur apabila pesan go food telat batal tunggu lama sekali batal tolong fitur chat resto guna ingin tanya kendala nya pesan makan jam tunggu ada konfirmasi apa ketika saya ingin batal tidak bisa alas driver kirim makan nya gajelas emg gojek,positive
alpikasi gak jelas banyak biaya admin mau top up transfer,negative
situ boong aplikasi nya kacaw bet gua kira dalam menit nyata dapet driver aduhh,negative
terimakasih banyak bantu,positive
good gojek top,positive
praktis mudah jalan,positive
hati hati guna gopay leter acount sering bajak orang,negative
aplikasi ga cari driver susah driver manja bubarin aja,negative
nunggu org ngantarnya lama bukn kali aja tiap beli hrs nunggu tengah jam,neutral
nyaman bagus manfaat,positive
banyak yg cancel order utama gocar kl ga jauh ga mau kl deket macet ga mau parah emang,neutral
bantu capai tuju dgn aman pilih rute yg tepat,positive
nunggu driver jam gabisa cancel udah lapar,negative
kecewa bgt nyari driver gaada pdhal map bnyk driver menit nunggu ga dapet,neutral
baik maps,positive
aduhhh sih sekarang gojek kek gin udah kali enda drive mana rata nunggunya menit jam ada apa sih sama gojek padahal lama udah maka aplikasi kalo gin terus wajar aja orang pindah kompetitor lain,negative
mantap kilat,positive
mantap sangat bantu,positive
terlalu sering eror sudah driver customer ngga punya banyak pilih yg kasih bintang drivernua resto gofood nya aja aplikasi ngga kasih bintang,negative
rupa bisa ranting bagai konsumer,negative
aplikasi sangat manfaat sekali,positive
bagus baik bnyk dreyfer asik,positive
kalau hujan susah driver kadang nunggu jam bisa batal keburu lapar padahal orang pake gojek malas keluar mau antar cepat mungkin evaluasi untuk muncul opsi batal maksimal cuma beberapa puluh menit lama lama kapok pake gojek hujan henti tetap susah driver harap timbang,negative
hati fitur chat d gojek sering guna ajang selingkuh,positive
bangus,positive
bantu mudah,positive
susah bgt dapet driver klo gofood,neutral
gojek area lombok payah,negative
jangkau,positive
yaa kalo mesan gofood sangat susah driver buat gofood yaa tingkat,negative
moga diskon nya makin banyak lg,positive
kecewa sama salah driver gojeg atitudenya kurang fitur gosend driver bilang gosend pilih pake kode sama engga himbauan kalau kode pesan gosend ga msuk hp customer arti klik kirim ulang buat pandu pihak gojegnya jangan ngotot terus kode di aplikasi gojeg customer kalau loading lama inisiatif driver buat klik kirim ulang kode fitur gosend ada kode customer ga cocok buat orang awam lansia klau dapet driver jutek,negative
sangat bantu d kala malas keluar rumah,positive
aplikasi gofood nya tiap sen batalin mulu udah nunggu lama eh malah batalin,negative
gajelas verifikasi wajah udah verifikasi aja gabisa masuk susah daftar aja tll,negative
senang langgan go jek tolong go food serta terang makan halal memang ada uji klinis bppom mui nyata makan halal,positive
cepat nyaman sepeda motor,positive
aplikasi baguss,positive
top,positive
good lah inti jangan kecewa,positive
sikap layan mantap,positive
keren sukses selalu,positive
driver nya pd gak jelas,negative
mantaff muas,positive
layan lebih cepat baik,positive
moga sama ongkos nya apk lain,negative
sukak banget,positive
susah banget ngisi alamat tokkkk buat gofood gk di ketikkkkkkkkkkkkk maps salahhhhhhhhhhhh,negative
apk jelek masa map selalu ga jalan jalan sih orang kesel banget sudah nunggu tengah jam diem jelek banget ni apk gaada ubah,negative
driver lambat aplikasi lambat beri tahu aplikasi sangat jelek divernya sangat malas semua,negative
susah mau komplen komplen apa ga jelas mau gmna driver ga mau jemput kalo pakai paket hemat mesen kali hri gada yg mau jmput dg alas jauh lah jarak ga sesuai lah klo mau nagasi paket hemat yg bner aja ga d komplen gojek makin kesni makin ha jelas kalo emg paket hemat rugi driver ga usa pasang oi gojek makin ga jelas,negative
aplikasi bantu daily activityku bgt kalo mau kasih input tuh cs chatnya under robot system ya jadi apa yg aku feedback gak erti sama sistem tgl aku mau kasih input gak difeature gofood ditambahin visibility ada restonya misal penuh harus ngantri bgt biasa aja customer consider itu kita butuh yg satset udah pilih yg dekat nyata antre jam kan sama aja kasi drivernya jg,positive
aplikasi gojek bulan ramadhan sekarang loadingnya parah,negative
good driver,positive
mudah dn cepat,positive
sen cepet datang,positive
selalu lancar,positive
alam sudah aktif driver food tahun,positive
harap goto semua pihak dapat reward sejahtera seluruh driver dompet anak bangsa tarif ter update terima kasih,positive
busuk beli plus promonya cuma resto wes cukup gk langgan,negative
overall oke cuma kalo pas hujan susah banget cari driver,positive
ramah sopan layan nya baik,positive
gojek aku ga buka,positive
driver nya makin ramah,positive
gojek jalan nya pelan banget padahal jalan kosong pegal tahu lama motor mohon cek motor yg layak pakai speed nya kondisi,negative
sangat bantu aplikasi saya sangat suka,positive
banyak bug masak main gocats ga ngasih makan,negative
salam gojek,positive
driver ramai area mall pas pesan malah jauh driver sistem nya gimana semenjak hemat malah yang driver jauh sekali pesan reguler biasa driver tambah jauh sistem aneh unistal aja,negative
update minta nomor handphon gw kasih eh ngelunjak minta foto muka udah tahun lebih pake gojek akhir gw unistall enak bet muka gw lu pajang padahal alamat lokasi rumah udah tera situ cuih,negative
terimakasih baru pakai hari udh deteksi aktivitas wajar sangat wajar,negative
sangat mudah gampang kalau pake gojek,positive
mohon lebih cepat proses daftar gocar sudah lama daftar proses verivikasinya sangat lama,positive
aplikasi kalo order food lama sekali cepat kalo ngorder food resto resto lama di kasih ingat biar terlalu lama trimaksih gojek indonesia,negative
lama guna si apk ok hanya limit paylater limit pinjam nya pernah naik,positive
apk penganggu nonton film drama,negative
lucu bangettt nunggu makan disiapin liat chef bantu kucing masak,positive
mantap gojek sukses selalu gbu,positive
juga lah,positive
sekarang layan parah drive lambat bersih gak jaga helm bau jemput suka gak sesuai titik kecewa parah,negative
lopyu gojek,positive
ongkir mahal,negative
driver gamau ambil order,negative
lah apa an pake gopay begini ngisi dana tak,negative
suka,positive
bayar bisa combo dulu mana cara bayar kalau saldo gopay cukup bisa tambah bayar tunai cara sebut hilang malah sekarang kalau jarak dekat kena cas rp apa mitra mitra mu sempat komplain kemarin sampai tumbal puas customer parah kah kalau memang harus begitu kalian mau bagai customer putus henti pakai aplikasi,negative
paylaternya mantap sekali lupa bayar hari langsung denda rb,negative
mantabbbbb,positive
gopay later gopay pinjem aplikasi gojek indonesia masih bisa di baik sekian terima kasih,positive
sistem gojek suka mencancel pesan pihak makin hari makin sini layan makin kurang muas pesan go food suka selalu batal pihak,negative
goooodd,positive
berkat gojek ane wareug haturnuhun,positive
makasih go jek aku dah anter keliling bayar nya murah,positive
iklan lu hama,negative
susah dapet driver nya ongkir gofood udah hampir tara sama harga makan,negative
lama kali nunggu driver pas gofood nya padahal jam malam tinggal daerah kota,negative
makin kesini aplikasi sering kecewa selalu sering driver tdk mau gerak chat gak balas selalu langgan yg cancel olah driver yg benar malam ak pesan kali driver gak yg gerak dichat gak balas,negative
malam tetap driver,positive
saran buat gojek ngasih promo bagus buat customer cuman kaya jadi nyusahin buat customer karna driver banyak nolak utama gocar alas mobil nya merk terus harga bayar gak sesuai jarak nya di baik driver kaya gitu gojek nyusahin customer urgent,negative
map nya selalu akurat,positive
sangat senang,positive
mksh gojek bnyak diskon,positive
bangga produk indo,positive
maksud error gimana nih min,neutral
rancak bana,positive
terima kasih atas support yg luar nalar support nya sabar asih tau akhir nangkep maksud support nya sia sia minta bantu support gojek akhir alih grab lah capek ngurusin ni aplikasi ku kira aplikasi bangsa yg bikin banga tau aplikasi yg ngingetin sama birokrasi perintah sendiri sama sama g jelas thanks tahun lebih layan nya udah capek makin tambah nya masalah saya uninstall aja,negative
gojeg luas cepat keren terimakasih tiap sama gojek,positive
overall aman saran aja nih kurang guna sistem sampai kalo sesuai jarak si motor bukan dengn estimasi waktu belum,positive
gajelas banget suruh nunggu lama eh gataunya drivernya gaada aplikasi mau bantu orang mau nyusahin orang kalau gin terus mending hapus aja aplikasi kaya gin playstore appstore buang waktu doang,negative
pesan gofood enak praktis,positive
semua jadi mudah,positive
order gofood pke ongkir hemat jam blum dpt driver padahal toko alamat kirim ga jauh hapusin aja fitur ongkir hemat percuma dingin makan gua,negative
drivernya males apa gimana sih satu hari masa kali order g driver sekali tunggu beberapa menit kemudian drivernya cancel jadi nunggu ber jam jam masa dr habis mahgrib jam tengah malam ga dapat dapat,negative
pesan gocar xl selalu tolak padahal sesuai jumlah orang mending hapus aja opsi gocar xl,negative
login gak lagi,negative
banyak ngeluh lama ngeluh nunggu lama hellow customer budiman harus mikir ngojek buat nyari duit bukan buat buang duit kalo gamau ambil hemat wajar order bijak kalo mau murah naik transum jangan naik ojek online harga kualitas masa makan pinggir jalan mau dapat kwalitas bintang kan kocak gue baca komen komennya yang bego customer nya ngomong hemat pilih hemat gilir nunggu lama ngomel driver,negative
wong edan bener ongkirnya mahal banget gak karu karuan,negative
sangat slow respon tidak bantu,negative
min lah kalau mesan makan tuh terus driver nya gak mau terima waktu tunggu nya jangan lama dong mas nunggu jam buat batalin sih keburu lapar orang,positive
klo order makan order gored susah bgt dapet driver sekali dapet malah jauh bgt drivernya cara pikir gimana sih gojek gak kasi bgt apa driver kadang suka kasi bgt klo dapet driver bapak kata klo gak segera jalan resto order cancel sistem jarak jemput kadang kata kilo lebih logika gimana gojek ko driver malah siksa pantesan aja klo hujan susah dapet driver mungkin karna ambil terlalu jauh jadi semua driver pulang,negative
mayan lah cm kadang ngeselin ngojek nya trs masa bisa make gopay tambah dong,positive
driver nya baik sopan,positive
antar cepat,positive
ga sih go instan stasiun tangerang hilang males bikin lama udah sen yg nyamperin driver udah gitu nunggu driver ambil motor ga sih pesan d stasiun tangerang g otomatis masuk instan order reguler aja gitu kan enak sen pas turun kreta pas keluar gerbang stasiun driver udah stanby nunggu kaya jaman dulu,negative
nyari drivernya lama sekali dapet drivernya gak tau jalan muter muter doang,neutral
drivernya malah jawab chat jir pesan mobil xl ditungguin malah muter jelas driver malas ban,negative
gak jelas mau buat akun malah suruh nunggu jam kalo menit mah oke lah jam hadeuh,negative
yaman driver baik hati,positive
terima kasih banyak,positive
gimna tiba tiba gopaylater blockir padahal bayar mulu,negative
aplikasi kacau baik lah sistem gps nya kalo mau liat posisi driver suka jauh bahkan jauh padahal posisi driver udah deket jadi suka cancel meski fakta driver udah mau sampe lokasi titik jemput,negative
utk sekian kali si buntut awas driver yg sy sen jd tdk keluasa utk kesna kesini mang kt apa yah kok bs sprt dr pihak driver nya kepo yah sma kt jd sprt astagfirullah aja klo dpt sprt lg sy hpus aja aplikasi trus pihak kalian langsung menaikin harga tranaportasi yg mau naik astagfirullah,negative
sinyal full hp bagus ngelag,positive
parahh sekalj malah tambah jauh rute nya padahal yg deket bisa knpa biar pemasukanya gede,negative
apk gak jelas orang gw jarang pake ni apk malah tagih sampek juta,negative
sip bantu sekali,positive
transaksi gopau tiap bulan bs smpe jt tp aneh jgn kan gopinjam payletr nya aja g bs aktifn payah banget g kaya ovo,negative
banyak driver jauh jauh sekali nya deket anterin tumpang dulu alah,neutral
aplikasi populee andal jalan,positive
bulan apk cacat bisa chat driver bisa pindah bayar bisa detect posisi driver bahkan akhir marah driver chatnya balas dong emang ngeselin sih,negative
titik mesan eror,negative
kirim gosen grak cepat beda jauh ama shopee banding ama grab masih mending grab parah,negative
apa drivernya main ambil foto sembarang padahal cari uang buat bayar malah foto terus viralin kata gamau bayar tuh orang ga liat apa gw cari uang trs tbtb pergi orang alas order masuk aneh bener drivernya aja gw laporin,negative
top pokok gojek,positive
driver nya ramah sama sekali marah gk jelas sangat kecewa gara driver,negative
sekarang aplikasi nya jelek byk sen batal dapet driver siap di aju komplin ganti uda hampir jam tidak dapet driver siap rena di suruh siap sama aplikasi di benah yg lama kecewa,positive
goride drevernya jauh aneh nyata,negative
good,positive
x sen makan sini udh nunggu lama udh bayar langsung datang lambat trus tiba tiba cancel gojek bobrok sekarang kira sepele apa jelas rugi konsumen cs susah banget hubung solusi kalok ada reting bawah nol gw kasih reting bawah nol,negative
bagus perlu update,positive
sdh oke alamat aja kadang hrs cari sendiri spy ga tll jauh dr alamat sungguh knapa gt y,positive
program food buruk pantesan kalah saing grabfood cara sudah tahun tahun lama laku gak sadar,neutral
memang ini mohon jelas padahal baru telat hari selamat pagi baca baik ridho pt edn rekan gopay pinjam data sudah masuk dalam sistem nasabah lambat sempat bersih data mungkin aju mohon bayar jam wib mohon maaf data mungkin pasuk tahap tagih lebih lanjut perlu ingat data anda cantum sini valid identitas le,neutral
oke good,positive
aplikasi stres kode otp pijit kali keluar angka bukan hape yg rusak emng eror aplikasi hp gua normal aja,negative
sdh lunas cicil gopay pinjam tp masih blm tarik dana ya,positive
aplikasi rusak masa masuk akun suruh nuggu jam kan aneh orang mau pake nya sekarang suruh nunggu kocak,negative
kejaammm sy pakai paylater tagih karena lupa telat hari langsung denda shg bayar tagih parah kejam sekali ga pakai go paylater ampuuun,negative
transportasi online murah ramah hemat ni mat cepat dlm jalan,positive
gausa pake gojek bunga pinjam tinggi bunga denda gak ngotak baru hari telat kena lgsung rb kocak,negative
bantu saat ada kendara saat pulang sekolah mau pergi mana bagus pokok,positive
sen paket instan sampai lama banget pas sampe nanya drivernya nyata sama pihak gojek jadiin paket gabung paket orang kecewa sekali,negative
klik diskon nominal potong tp pas bayar malah full aplikasi gaje,negative
mohon tegur driver anti tunggu cust padahal cuma mnit aja sangat nyaman dia sangat emosional platnya bp jq,neutral
terlalu lama cari driver,negative
puas aman,positive
cicil rb telat hari denda rb gilaaaa,negative
ya kalau order goride suka driver yg jauh padahal pesan yg reguler bukan yg hemat ada tengah kota masa biaya tambah buat pesan yg order prioritas terus kadang ada driver geser jemput tumpang padahal belum naik mungkin takut d cancel paksa harus tunggu lumayan lama moga pihak kait segera atas,positive
aplikasi bagus dengar driver potong tinggi hari mohon kasih bonus driver mu jek,positive
dah,negative
tarif lebih sahabat,positive
jelek sekali aplikasi,negative
sangat luar biasa,positive
alamat jemput tuju lain pake indonesia fersi indo inggris jg yg ga baha inggris erti,positive
ilovyu gojek km lah selamat q,positive
d andal percaya,positive
mkasih go jek pukul mlm motor yg ku naik sma suami pecah ban untung gojek desak jd tenang pulang aman,positive
apikasi sagat baguss,positive
baru telat hari bayar paylatter langsung denda gocap aplikasi gila bye uninstall,negative
ongkir mahal bgt beda ama aplikasi oren,negative
sangat bagus layan,positive
kadang driver minta tolak alas sesuai tarif lah yg sedia kan aplikasi nya,positive
ga dayli cek in go pet,neutral
senang lebih banyakin diskon dong ngarep,positive
bagus pas naik motor ajak certa,positive
geam bolak balok skem ngabisin ruby,negative
aplikasi bagus banyak promo,positive
oke sangat bantu tingkat nyaman langgan biar makin mati,positive
gk di buka aplikasi,negative
sekarang gojek muncul peta kita pesan makan,positive
kpd langgan gojek yg hormat mohon ma af bagai driver bukan nya mau ambil pesan langgan karena langgan terlalu jauh jemput nya blm macet driver rugi bbm ongkos murah lagi kalo oderan hemat driver bayar aplikasi klo mau oderan hemat aja hari driver bayar ribu kalo kali hari ribu setor aplikator padahal kan yg kerja mati an driver driver jln taruh nya nyawa,negative
top up saldo lalu bca mobile transaksi hasil aplikasi gojek ada saldo nya parah aplikasi gojek chat aplikasi susah dapat jelas nya jawab bilang mohon di refresh udah capek refresh tidak masuk stop pake aplikasi klw ga masuk saldo,negative
aman ship,positive
moga sua espektasi,positive
kasi si deivernya gw bayar full terima driver jangan heran si drivernya banyak kurang attitude nya ngemis minta tips makan dingin lama udah hilang lapernya pernah order ampe jam baru sampe rumah akibat gk yang mau ambil,neutral
good jobs,neutral
tolol hambat orang mau pesan makan,negative
bagus banget aplikasi,positive
pesan makan gofood dapet drivernya lama banget udh x pesan gagal gara gak driver tugas,negative
mau pake embel embel prioritas nyata tetep lot sering telat gofood nya,negative
pesan transportasi lama bngat anjir sampe jam lebih,negative
titik jemput bisa ubah,positive
mudah semua orang aplikasi,positive
makin mahal jarak deket ongkir hampir rb yg beli cuman rb halah mending gw beli sendiri dpt bensin pqling abis ga nyampe k ogah make giniqn,negative
kecewa banget sen gogood udh nunggu lama lama ga kestian drvr sampe di batalin gilla sih,negative
gojek plus gak manfaat yg harga malah lebih tinggi drpd di ugrade gojek plus cari biasa susah dpt driver pakai cari cepak tambah biaya lama aplikasi jd aplikasi rampok,negative
mei garut susah cari driver gojek,negative
layan sangat baik terima kasih,positive
cepet kalo mau beli makan jauh,positive
gojek makin depan,positive
aps sampah gilir jam sibuk susah banget dpt driver padahal banyam titik lokasi jemput,negative
netral,neutral
aplikasi bodoh drivernya bodoh semua gak banget,negative
terlalu lama cari driver bru tdk opsi batal orang lapar suruh nunggu sampe jam,negative
mudah kalo nyari lokasi langsung detect minus nya sering minta upgrade,positive
layan,positive
susah cari driver alas sibuk semua nggga masuk akal mana dibatalin terus pake alas jauh,positive
gojek g nya good,positive
mantap nunggu makan santai,positive
paling,positive
susah bnr dpt drivernya sekali dpt jauh dr lokasi jemput,negative
udah sering naik level tp tiap dapet hadiah naik level koin gak masuk aneh gocats nya,neutral
sangan senang,positive
sekarang gojek spt hilang arah terlalu banyak pihak tiga order otak atik terus pingin dpt untung yg byk dgn peras keringat druvernya,negative
tolonggg lah buat gojekk adain bayar qris metode trasnfer kek biar tambah mudah,neutral
sangat mudah jika butuh transportasi saat urgen,positive
terima kasih mas driver,positive
selalu puas gojek,positive
ngk mantab,negative
bisa upgrate waktu level up min coba deh ain alat barang lokasi dekat jadi lebih efisien kaya toko oyen lebih mudah toko oyen mebutuhkan hari kirim cukup beberapa jam bisa bantu umkm dekat moga bantu,positive
kasihan driver nya dapat nya potong admin potong program hemat hari ribu ga ngikut g bunyi ngikut potong tetep aja sedikit order makin ksni makin parah ntr lama lama kluar aplikasi gojek,negative
gojek untung diri untung driver,positive
interior bersih nyaman drivernya tenang rusuh,positive
sih ga punya batal buat gomart masak langsung auto order padahal emh mau batal,negative
klo pd jumat gga niat narik aplikasi matiin udh nunggu lama jawab lg jumat,negative
gmna siiii langgan plus masa ga promo yg rasional sama sekaliiii dong gofood nya promonya du banyakinnnnnnn,negative
udah jangan rekrut driver malas pesan kok susah driver dapat ga gerak,negative
ulang kali dapat driver go car minta tambah uang tambah alas jarak jauh padahal waktu pilih lokasi tuju sesuai titik lokasi sudah bayar lalu go pay nama sabar gultom plat b tyk,negative
beri solusi baik,positive
tutup aja omon omon susah cair driver bayar sendiri payah,negative
padahal alamat udah bener nya titik taruh sembarang tempat ya baik,negative
lama bgt cari driver lgi penting jg lama bgt heran,negative
puas dg driver ramah sopan,positive
guna lama mahal mahal,positive
naik mobil pakai gocar nyaman,positive
mantap,positive
cukup kecewa pihak gojek bisa masuk akun gopay plus karena no hp gmail hilang pas mau ubah lewat pulih akun tolak terus karena ada aset tahan lucu sekali siih padahal tinggal noll kan aja aset nya suapaya bisa dapat akun gopay saya lucu sekali,negative
keren luar biasa,positive
nice aplikasi,positive
kerennn mantap bantu,positive
makasih gojek kalau ada gojek begal orang kasih uang gojek nya mau niat bantu saya ingin yg nama bapak hamid alfian di kota malang temu saya saya ingin kasih hadiah keluarga,positive
mana mudah gak ribet,positive
sedikit masuk peta nya mode satelite,negative
se kecewa sama gojek susah banget kemudi hemat ngapain bikin hemat kalo ujung nya susah dapet kemudi nya lama pake gojek baru sekarang ngalamin begini gw uninstall aja pindah grab,negative
punya kok halaman gojek nya ngezoom sihh gocatsnya jg nge zoom,negative
cepat tepat harga jangkau driver ramah sopan,positive
terlalu banyak notifikasi,negative
transfortasi yg bagus gampang guna,positive
sangat mudah,positive
sangat bagussss,positive
beli sarap sdh jam sampai drivernya nganter dulu tempat terang waktu dr tadi menit sampai amit kapok,negative
responsip,positive
lama nyaman,positive
mohon maaf kurang bintang nya krna mlm pesan makan tmn saya yg sakit smpe x selalu batal,positive
semenjak robot yg jawab srmua sampah sulit guna paksa ikut atur gojek enak jidat,negative
aplikasi bagus sangat mudah guna juga sangat bantu mengunakan transportasi,positive
buruk,negative
mau beli apa aja jadi mudah,positive
komplain gofood selesai pihak gofood dg ganti jenis makan yg sesuai peduli diskusi dg konsumen yg rugi makan yg datang sesuai dg pesan,negative
sya suka guna go jek kmn mudah ongkos murah poko go jek tetap jaya go jek paling hemat,positive
gofood udah pake yg express tetep aja lama datengnya bayar mahal sama aja datengnya lama,neutral
selalu ikan layan baik konsumen gak obat,positive
makin kesini bukan makin bagus malah makin lot layan nya sen gofood ampe x ga dapet driver buang waktu jam lebih nunggu keburu mati kelaperan bukan kembang malah makin buruk layan nya kalau gk siap buka jasa jangan buka jasa,negative
awal pesan ga dapet driver trs jam lebih kualitas layan jelek,negative
ehhhh gojek lu bnr bnr sya udh nunggu lama untk dpt driver mlh ga dpt eehh tba tba cncl sistem srh order lg nggu lg pas mau order resto nya sdh tutup mlh srh cari resto lah sya kan ga mau mkn yng knp srh cari resto mungkin driver nya posisi jauh mls ngambil minimal yaa gojek gua kasih tau ni kalo sush dpt driver argo nya ongkir untk mreka naikin lah biar mreka mau ngambil jgn alas aplks rame beda bngt sama grab lngsng dpt saran pke grab aja gesss,negative
apa bgtt jirr masa udah isi alamat betul udah coba ulang kali aja salah nyawit nih apk,negative
kurang ngerti susah bgt dapet driver pdhal kondisi kondusif sudah pakai prioritas,negative
susah banget nyari ojeg nya padahal udah tambahin,negative
kalo hujan susah banget drivernya padahal kan sama sama bayar,neutral
saat mending naik maxim dah naik gojek kucel yg bau bgt badan kaya ngga pulang ojolny ngeluh tarif rendah ken bgt dikasinan driver lo jek,negative
banyak driver bisa hubung sudah tunggu lama tetap gerak batal terus bisa dapat gojek bisa antar ujung akun saya kena suspend kacau kali kena rugi gadapet driver gabisa mesen gimana sih apk,negative
sen gofood udah nunggu menit endingnya suruh batalin kalau misal emang gak dapat driver harus langsung batalin aja dong harus suruh nunggu lama,negative
sangat ngebut bahaya tumpang takut,negative
awal yg murah drivernya belagu nolak sampai nunggu lama sekali inti kalau mau cepat antar pilih harga mahal jadi kalau mau hemat jangan pakai gojek juga gofood nunggu jam gak driver yg mau ambil pesan jelek bgt emang driver gofood mending cari aplikasi jangan gojek,negative
susah dapet driver sekarang,negative
order tolak terus driver tidak jalan jalan kecewa kali tindak tegas driver malas begini,negative
pop up split paynya ngeganggu banget gk diclose mau ss ganggu kesan maksa pakai fitur,negative
drivernya malas,negative
joss gandoss,positive
driver lama,negative
gojekya buruk banget layan nya driver pada sombong sok kaya oderan masuk gak yg mau ambil padahal gofood murah banget sampe pessn kali gak respon,negative
beli makan aja nyari driver jam padahal driver sebar luas ribu org tp drivernya masalah semua kalo emg gamau dapet order jangan online biar customer ga susah cari driver,negative
udah mahal aplikasi pernah kembang langgan prioritas lantar kacau udah jam sy tunggu driver belum hadeh mudah mudah aplikasi bangkrut aja lah pindah kompetitor,negative
dong driver nya kenpa habis hujan banyak driver ga mau ambil order,negative
sangat buruk aman nol,negative
tools gofood nya kadang selalu batal sebab yg jelas dong waktu lapar susah banget nyari makan batal sistem mulu baik,negative
susah driver nunggu lama,negative
sekarang estimasi gofood nya lama banget mana udah lama telat,negative
good,positive
sen minum es teh doang jam masa suruh nunggu driver jam gilaaa haussss bet gueeee masa kaga samsek gofood ynv aktif sih,negative
iklan lu nongol nyepam parah ga jelas bikin ganggu,negative
malah mahal cuy nyemil bngt ampun jgn install,positive
sudah tunggu pesan cuman nyari nya lama layan perlu baik orang butuh gojek betul betul cepat ga mau dengar kata manis komen yang penting mau cara layan baik,negative
makin jelek aja sistem lama kali nunggu pesan alas driver padahal sekitar ada tapi mau ambil pesan,negative
susah dapet driver utk gofood klo hujan,negative
sampah,negative
min tiap sen makan pakai gojek plus selalu susah driver mau nerima sen,neutral
ampun aplikasi isi ceo semua takut panas takut keujanan mode hemat dipatiin diidupin sama aja ga yang nyaut salut ceo nyamar jd tukang ojek,negative
jarang dapet driver males nunggunya,negative
banyak malas drivernya,negative
aplikasi sangat bantu bgt byk promonya makasih gojek,positive
harga lebih tinggi layan cepat,positive
najong skrg susah bgt nyari driver si,negative
aplikasi tolol sen kgk prnh dpt driver,negative
ngga di update,positive
mantap gk capeh keluar musim hujan,positive
edit yg tadi bintang jadi bintang tambah masalah lg gopay leter tiba blokir padahal gak pernah telat klu takut gak bayar buat apa ngasih limit,negative
bantu sangat,positive
driver sering ambil order diam ga mau jemput ga mau cancel malah muter customer ngasih rating driver nya notif bisa appeal kalo driver rating customer ga tau apa terima ulas jelek diinput driver padahal tentu nilai bener lalu driver lanjut malah ngejutekin customer cuma gara liat ratingnya rendah lalu tiba driver jadi orang terdzalimi dunia lapor cs ga transparansi aneh,negative
sekarang dapet driver sulit lamaaa bgt loading aplikasi lamaa padahal udah update playstore baik,negative
parah sekarang paylatter udh gak akses padahal gak pernah telat bayar sekarang gopay pinjam jg gak pernah di acc padahal limit juta gak pernah telat bayar jg jd males pakai padahal sya sering gofood,negative
najis udah pake prioritas mas aja ga udh jam nyari driver fitur pajang,negative
update malah ga buka aplikasinyav,negative
driver sangat lama udah nyoba kali tetap sama mending pakai grabfood tentu lebih cepat,negative
driver gojek tu songong sekarang grimis dikit gamau nerima order moga sepi trus deh,negative
sangat bantu sekali transportasi cepat layan muas,positive
bagus sangat,positive
paylatter nya bener bener aneh yaa bulan pakai kemudian suspend kga konsisten mungkin tagih lunas rasa nya tak pakai pasilitas lagi banyak paylatter nya,negative
alam makin buruk makin update makin banyak bug sekarang ga liat driver kalau pesan gofood titik drivernya padahal butuh pasti makan dengan cara lihat titik driver,negative
gw nyari gosend hari gd yg nerima gila kali,negative
murah rakyat,positive
layan ramah,positive
sangat senang drivernya ramah,positive
oke pokok,positive
bagus sih cuman aneh aja skrng gojek jual mahal bisa cancel enak nya cmn karna pake gojek hemat aneh wkwkwk,negative
the best pokoknyaaa,positive
pencet kali gk dibatlin woilah,negative
lot nya lah kalo nyari gojek hujan deket nyarinya jauh gapapa sih yang penting pulang,neutral
aplikasi kok susah driver,negative
enak gojek kmn mn sendri,positive
ayo tingkat,positive
lebih hemat,positive
layan bagus kadang lama cari driver saat jam mepet di perhati,neutral
biaya tangan lebih mahal makan,negative
app gojek skrg kurang bagus pernh sen gojek driver yg dtng skligus pdhl td pihak gojek yg cari driver shrusnya jk customer sdng cari driver app jgn tiba keluar cari driver yg ini kan rugi customer pdhl kslhan bukan customer spenuhnya,neutral
kendara baik sopan,positive
mantaps paylater nya ngebantu kalau urgent bgt,positive
pakai gojek sllu yg baik,positive
drivernya leleeeeeeet ditungguin sabar kirain mau ambil eh malah minta batalin udah sen yg priority padahal tpi ttp aja gajadi prioritas sue bagus indrive indrive number bye gojek,negative
sering bgt drefel batal sendiri order hari bs orng yg nolak kan sebel padahal selalu mau siapa gmn layam ttp tips klo aneh eh lucu lg drever apk no pol pas chat bilang no pol wajar aku tanya koq beda eh batal sendiri gojeg nya hadeuh curiga,neutral
makan murah murah,positive
bantu bgt,positive
moga versi nya bagus,positive
update mulu monyet,negative
sangat jelek gopay layan nya,negative
gudjob,positive
aplikasi buruk,negative
dpet driver nya lama bngt mna kgk batalin sndri kll udh lama nunggu kgk dpet driver lngsung di batalin ma sistem nya aneh,negative
sofar apk nya bagus jauh jarang bug sejahterain tuh mitra mitra lu ga impact customer sen food selalu ngaret krna rules yg lu bkin sm partner tenan lu makan buat driver dh sampe cih amit amit customer suruh nunggu driver yg gapasti kocag,neutral
makasih gojek akuu sukaa bngt anak aku jadi gampang klo kerja kelompok gausah sya yg antar murah ongkos makasih gojek,positive
sangat terbntu,positive
mantaaap rasa,positive
baguuus mantaaap,positive
moga order offline,positive
hapus tuh program langgan gacor sangat siksa driver customer mah enak bayar murah driver yg rugi,negative
jauh semua aman baik aplikasi atau kerja gojek,positive
aplikasi tolol dibenerin sistem ambil drivernya,negative
download tablet ga belum update aman aja,negative
sangat bantu kala urgen,positive
good aplikasi sangat bantu terimkasih,positive
susah banget dapet driver tahun sama gojek asa sangat bantu sekarang tidak bye gojek moga inovasi layan transport cepat lebih progres,negative
selalu aman nyaman gosend pake gojek,positive
cepat pnanganannya,positive
makin berat,positive
cepat terima kasih pa,positive
sangat syukur mah gojek bantu banget buat masyarakat terimakasih banyak gojek moga makin maju yg depan,positive
akhir gojek daerah ku,positive
udah bayar malah ga pinjam,negative
mantap poll,positive
bantu trimakasih moga usaha sukses mitra driver sejahtera,positive
sangat pas anak remaja,positive
cepat sampenya,positive
bantu tepat waktu,positive
driver kadang lama jemput sengaja muter jauh ujung ujung dicancel,negative
maaf turun bintang banyak iklan aplikasi aplikasi yang sangat ganggu aktifitas guna aplikasi karena alih aplikasi paksa repot dalam kerja di aplikasi lain sangat menggangu bentuk iklan alih aplikasi,negative
gak jelas banget nih fitur gopay cat masa ngebug gak ngambil hadiah padahal udah klik hadiah coin nya gak mau keluar udah kali kali coba ngakalin tetep aja gak gimana nih masa progres nya gak jalan kucing gak kasih makan hadiah gak ambil hadiah terus login nya gak di ambil apa mau sampe kapan bug nya gak dibenerin,negative
sangat puaa,positive
lapor anggap selesai padahal belum clear cuma minta surat resmi tanda lunas aja ga tinggal masuk kop surat nama instansi nama bagai guna tanda tangan instansi nama gitu aja hari kerja udah berapa hari woi cs wkwk bad banget tangan nya,negative
klu sen malem subuh banyak driver yg ga mau ambil order harus customer langsung ngasih rating dong driver ini app ga ubah ttp bapuk nih app,negative
murah cepat ramah,positive
baik baik,positive
senang diskon bnyak,positive
x order gocar prioritas kasih driver lokasi jauh titik jemput x dicancel driver x paksa cancel driver ngak yang gerak,neutral
pilih antar gofood biasa jam resto tutup jam aplikasi pesan sedang siap baru driver jam driver tuju resto dan abar resto tutup pihak resto abar pesan masuk saat pihak driver datang lucu sekali aplikasi sekarang waktu pake antar ekpresa gk sampe satu menit udh dpt driver tuju resto antar biasa estimasi satu jam baru dpt driver tuju resto menit akhir,negative
stop muncul iklan terus gua udah download elu gojek ganggu tau ga,neutral
mantul sat set,positive
sangat bantu para wanita utama yang punya bayi,positive
mantap banyak promo tarik,positive
suka banget sama aplikasi mudah untuk beli perlu hari hari juga suka banget sama layan nya,positive
jossssssss,positive
ongkir mahal,positive
susah bnget cari driver,negative
failed apa lg eror aplikasi selalu keluar dr profile sendiri alhamdulillah kurang eror,positive
sangat bantu transportasi knapa suruh upgrade pers baru di klik upgrade ga sedang pers lama otomatis aktif,positive
sangat kecewa pesan gocar susah driver driver driver mau ambil bokingan padahal aplikasi gratis ongkos jauh lebih mahal,neutral
puas,negative
sekarang udah gak promo harga semkin mahal,negative
bagus bantu sekali,positive
sangat bantu drivernya ramah sopan pokok nya mantap lah buat gojek,positive
harap gojek lebih tingkat layan customer driver tanggung jawab,negative
aplikasi jadi slow respon padahal jaring storage hp sedang baik baik sering jadi driver mengcancel order di aplikasi masih hubung dalam jalan,negative
anjay jauh blm nemu ojek yg arrogant lah,positive
sangat bantu mantap pokok nya,positive
tiba tiba langgan gojek plus nyedot uang ngak henti langgan,negative
bantu saat suka duka trima kasih gojek,positive
tambahin fitur khusus driver ojol lacak orang pesan rumah dan alamat asli biar jadi order fiktif antar pesan,positive
jauh bagus,positive
kapan bayar pake qris dana mau pesan makan gk pake dana,negative
sudah buat lapor x ganti device selalu gagal padahal sering pake gojek kalo mau mana kecewa banget pake sama gopay,negative
dapat driver tidak ramah dimarahin dimintain uang lebih pada tarif harus naik nya ugal an,negative
gojek mana mana,positive
ribet sekali tdk sengaja mes bisa cancel,negative
puas so far thanks,positive
terimakasih tepat waktu,positive
kdang gojek nya ga sabar,neutral
mudah pergi kirim barang tinggal klik klik siap antar,positive
cepat murce,positive
driver ramah antar cepat perfect dah pokok,positive
sekarang murah banyak diskon nya jd sukaa,positive
dapetnya cepet banget,positive
nyaman lebih mudah cari aplikasi online,positive
happy bgt jajan selalu dpt potong harga,positive
kalau tambah gratis ongkir nya diskon nya,positive
oke wlau bos di kriminalisasi,positive
iklan ngeselin,negative
aplikasi mudah manusia urus tranportasi kirim makan barang genggam tangan,positive
aplikasi bagus cuma sayang seringkali ngebug kali guna alas terima sinyal rasa sangat kecewa sangat rugi akhir akhir bagai langgan setia go jek minta jelas pihak goto segera baik masalah kalau perlu minta maaf seluruh customer go jek tokopedia,positive
gojek makin sih perfomance appnya makin jelek aja dih kadang chat cuma ceklis driver kadang tau auto cancel goblookk pindah grab nih gua,neutral
ada transportasi gojek online kmn kita lang akn jadi mudah jaga trz kwalitasnya selalu ksh promo yg lbh dahsyat lg thanks gojek,positive
hilang pilih kirim express layan gofood bayar lebih mahal estimasi waktu sama aja malah seringnnya telat,negative
sy orgtua sen gocar tuju hotel karna acara koper tas jinjing yg masuk bagasi yg masukin itu drivernya pas sampe hotel aku jg gak ngeh sm barang yg turun karna sy riweh bawa anak kecil yg turun driver cuma koper tas pas uda mau cek in hotel ibu sy nanya mana tas nya nyata ktinggalan dlm bagasi sy tlp driver jawab apa gak bs balik sy uda jauh pdahal br menit sy blg sy kasi uang br dia mau balik,negative
bagus diskon banyak,positive
kecewa sama gojek pakai lama tf dana udh kpotong ribu dana mlah potong gopay skrg di tagih sama gopay pinjam cuma telat hari bahasa songong kalau paylater udah lunas uninstal aja aplikasi makasih nemenin tahun tahun untuk kali saya kecewa banget sama gojek,negative
masa yang sengaja banget ngambil sen ga jalan,neutral
makasih baik cuma sen go ride comfort yg datang malah vario led udh gk naro jawab barang depan hadeuh,neutral
jujur sekarang aplikasi jelek bngt padahal kuota banyak jaring bagus tiap kali beli tiket kereta buka barcode bomgate stasiun cuma muter alhasil tinggal kereta mau gk mau isi kartu kereta sering bngt kaya gin malah tiap hari bukan mudah malah sulit,neutral
penting utk transport aja,positive
gojek sellu jadi solusi,positive
aplikasi sangat bantu kerja hari hari,positive
so far so good,positive
update terus tetap aja lot loadingnya,positive
suka ngebug sekarang gk bs buat cht,neutral
sering banget error kalo telpon driver gajelas,negative
aplikasi guna banget buat mudah pergi ada hadiah,positive
lama banget nunggu order terima sampe tengah jam satu jam an jauh ojol nya baik ramah cuma mes nya nunggu order aja,neutral
layan ramah sehat selalu orang orang baik,positive
layan bagus tepat waktu terimakasih gojek,positive
ongkir gofood makin lama makin mahal,neutral
aplikasi gk jelas gk daftar,negative
hampir tiap hari gojek belum vocer discond untjk biaya ongkos tumpang kalo tiap hari ribu tiap hari yah mah habis dana weee,negative
cepat nyaman aman,positive
susah dapet driver utama gocar,negative
mahall doang drivernya lelet,neutral
driver ramah sopan tepat waktu,positive
nyari gojek lama banget sekali dapet orang ga ramah,negative
good job,positive
sangat bantu proses transportasi terimakasih moga makin sukses tambah kualitas,positive
langgan setia gojek barusan hujan lalu pesan mode hemat nggak kasih cepat driver dekat lokasi sdngkn wktu sy cancel ganti mode tarif normal juga posisi driver jauh,negative
very good service,positive
baik buat transfer bisa,positive
gojek srkng jadi mahal yaa pdhal jarak kilometer masuk deket tpi harga mahal bgt uda kaya goride comfort padah yg sen goride hemat tpi harga nya hampir samaa,negative
kata karya anak bangsa tp bhsa nya inggris semua kan semua orng erti bhsa inggris musti terjemah dulu hadeeuh cape dehh,positive
kesel banget sama gojek promonya ubah hitung menit saat gojek tau kalau lagi kelaperan si promo awal murah tiba hangus hitung menit karena ga seger co jangan suka gangguin orang kek gin deh gasuka,negative
aplikasi tipu jebak daftar langgan goplus dapat potong eh malah harga malah makin mahal harga normal non plus otak duit begini kirain apk nyata tau tau jebak mana uang gak kembali udah mahal makin ngibul gojek sampah mending gw pake grabb nyata gak ngibulnya hapus gojek si tipu uras uang orang kapok anjirr,negative
sangat bantu mulai saya mager,positive
simpel,positive
mantapp,positive
aplikasi bagus sangat manfaat,positive
transaksi gede gopay ga fasilitas apa tq,positive
sangat bagus bantu transportasi,positive
batu,positive
lama bangettt loadingnya,neutral
terimakasih gojek dimnapun kapan selalu saat laparrr sukses selalu biar tambah diskon nya hehe,positive
selalu pakai gojek,positive
gotoplus diskon dikit,neutral
senang puas,positive
wallaikumsallam sangat baik,positive
mantap jossssss,positive
bagus cepat nyampai banyak armada,positive
selalu go jek,positive
lah,positive
helpful apps love it,positive
pilih baik,positive
kapitalisss,negative
nyaman tp harga rangin,positive
oke mesan,positive
banyak promo cocok buat anak kost rantau,positive
mantul sangat bantu,positive
t o p gojek indonesia,positive
laproan yg bs tanggap ya lapor lewat aplikasi bot terus yg jawab top up blm masuk udh cek rekening blm kembali kata otomatis saya top up via atm bri,negative
sangat bantu,positive
suka bngettt sma apknya jadi mana mana ribet buru,positive
gua milih go car pindah go ride,negative
bagusss nyaman banyak ongkirnya,positive
baru sekali pakai goride mantap,positive
mantaps sekali,positive
selalu saat butuh,positive
good job,positive
sangat bantu ada aplikasi gojek,positive
driver nya ga sopan buka box trs uang dlm box ambil awal pakein pitaa tiba pas uda smpe org nya pita gada sma uang di dlm nya hilang,negative
suka bgtt make apk utama gofoodnya bantu anak kost klo laper tengah malem,positive
oke bantu skali,positive
sangat muas,positive
layan bagus,positive
gopay pinjam bpkb aplikasi proses frevikasi aja padahal aju lebih hari lambat gojek emang lambat tanggap nya,negative
bapak driver sopan tenang,positive
sangat akurat guna,positive
drivernya mantap cara kerja puas,positive
pepek gak biar antar kotaa,negative
joz,positive
sangat bantu skali,positive
the best of best thanks,positive
dengar cerita keluh kesah driver sangat prihatin kalo mau dpt order bayar aplikator order k saya guna bayar k mereka terima k blm mereka bayar aplkkator woww kalian aplikator amat dzalim yaaa,negative
enak nyaman,positive
ongkos murah banget ngga kasihan sama driver ngerusak tarif promo nya,negative
driver ponorogo kok gamau kenapa milih milih cari yg lebih pilih gocar prioritas lebih baik ga usah driver aja sama sekali ponorogo udh pes gamau ngambil maksud apa coba tarik aja semua driver ponorogo,negative
habis hujan driver banyak tidak yg nyangkut,negative
layan nya sll bagus,positive
gitu,positive
aman belum kendala driver gerak cepat,positive
great,positive
lbh mudh blnja ga repot kluar pkok ny the best deh,positive
ramah layan bagu cepat,positive
baguss banget sayang aku gak sering makek gojek,positive
saya mau batal gojek plus aja susah tengah mati yaa,negative
mantap terus maju gojek ada jalan,positive
alhamdulillah,positive
aplikasi luar biasa sangat bantu,positive
harga mahal sekali atas grab indriver layan kampung saran jangan make gojek guys,negative
bagusssss alamat akurat,positive
makin kesel sumpah sekarang abang gojek makin songong kalau emang ga mau narik ga usah jadi gojek trs tiap hujan susah banget kecantol nya hujan udah reda masih ga dapet gojek sama sekali ga yg mau nerima sistem nya gimana sih apa emang sengaja ngediemin langgan yg butuh banget gitu makin jelek sekarang gojek,negative
biaya tangan apa tuh jir makin banyak sekarang tambah biaya,neutral
sulit dapet driver padahal driver banyak aplikasi,negative
biasa buruk selalu lama cari driver padhal sedang buru l banget pokok,negative
apa order udh pake prioritas ga ambil ambil w hilang kerja gegara ni apk,negative
makin gak ngotak harga,negative
sorry to say gojek aku guna setia tahun aku udah pakai aplikasi makin kesini driver driver nya bener bener parah order masuk gamau dilaksanain tapi gamau cancel jadi aku terus tunggu nyata menit driver ga datang telp di chat jg ga respon pernah suatu aku sengaja ga cancel order aku bikin order baru aku buat order baru aku udah rumah tu driver ga cancel arti emang se parah sorry uninstall aja,negative
alam muamalt tower mengunakan gojek aman nyaman,positive
mantap bisa andal,positive
makin buruk,negative
bagussss,positive
driver mandang argo padahal buru buru jelek aplikasi nya,negative
sangat bantu layan bagus,positive
sangat membantuu,positive
kalo rekrut pegawai niat kerja la,negative
murah riah joss gandos,positive
aplikasi bagus banyak diskon,positive
cs nya ngga guna beberapa fitur alami bug sistem reward alami salah laku lapor jawab muas tutup lapor pihak laku lapor ulang balas sama template,negative
cinta bngt sama gojekkkk,positive
baru pake gojek nyaman ramah drivernya,positive
aaktunya tepat,positive
jemput ny jauh driver castmer mana ada pikiraan kasih argoritmen nya harga tarif ny mau ny kalah argoritmen ny sam harga naik bajaj kalah harga ny sama naik angkotan umum sistmen ny bnyak merugikhn orng bnyak merugikhan buang waktu cuma,negative
drivere sabar,positive
terus abdi rakyat indonesia cinta gojek bestttt,positive
lu maksa bet iklan lu mana iklan maksa buat apknya dih paksa bener dah,negative
gofood ga kirim makan nya tp selesai pihak gojek tutup case,negative
terbaikk,positive
aplikasi apa gofood susah banget cari drivernya,negative
mudah jika tidak kendara sepeda motor,positive
kalo lebih bagus,positive
pernah gagal,positive
mantaff layan go car nya,positive
drivernya gocar males ga semua nerima doang ga yang jalan,negative
selalu tepat waktu,positive
efisien sekali cuaca tidak tentu sangat bantu,positive
jelek banget aplikasi lu update lokasi lot lokasi ga jelas,negative
udah lama pake aplikasi gojek buat naik ojek gocar sen makan tahan kerja driver nya harus sopan sikap baik sm tumpang nya thx gojek sukses selalu,positive
jujur lebih bagus lebih murah terus sini tuh rata rata driver nya ramah baik jujur ga kaya apk belah terus sini tuh kalo ngasih info detail terus sering ngasih diskon gituu pokok nya bagus deh,positive
tambah turun biasa klu sdh kenal kualitas turun beda dgn waktu pertama kali hadir gojek ini bukan solusi jd iklan bohong knp hujan malah gak bantu malah repot yg baru program baru kepengwn cepet tambah apa maksud mau ringan lorot percuma download aplikasi nya klu gak manfaat,negative
harga murah in jangan mahal,negative
pls usahain cepet dapet drivernya dulu,neutral
gojek aplikasi yg sangat bantu masyarakat indonesia transportasi makan its simpel n good sukses selalu,positive
jam cari kurir gosend ga yg mau pick up sampe jam pihak gojek bangke emang ga ngotak bikin driver males,negative
man tap,positive
cukup terbantukkan ada app gojek,positive
bapak ramah hati,positive
cek aplikasi gofood kejut ongkos hampir rb daerah banyuasin kota palembang,negative
sangat senang bantu sekali,positive
tahun tahun pakai gojek pesan makan transportasi buat pesan makan kadang saldo kurang belum isi suka ribet top up dulu saran tolong adakan bayar guna qris mudah proses pesan,positive
epat kurir ramah amanah,positive
supirnya taat atur semua supirnya arogan meski yang salah lebih nyolot itu buat trauma naik aplikasi gojek,negative
cepattt bangettt,positive
promo tarik,positive
banyak driver yg kemaruk duit pantes bnyk yg alih maxim udh sekian kali pake gojek tetap ada ubah yg bagus kalo kerja driver yg bener banyak sikap buruk main cancel aja jgn salah rejeki segitu aja utama yg laki nya alam pahit sdh beberapa tahun pakai gojek,negative
layan udah bagus banget sedikit saran pasuk metode bayar jangan langsung otomatis bayar pakai gopay orang ingin bayar cash lebih nyaman maka harus ribet ganti ganti terkadang lupa mau ganti metode bayar uang gopay sudah lanjur potong,neutral
ngebantu bgt,positive
good aplikasi terus tingkat,positive
top mantap,positive
aplikasi yg manfaat,positive
lumayan buat jajan,positive
suka apk,positive
udh gw uninstall aplikasi gojek customernya ga baik sistem sulit customer driver gw ga butuh minta maaf skrg serah gojek mau baik tdk gw udh ga butuh aplikasi gojek msh grab maxim tetangga,negative
driver order anyep saat krisis driver kalau butuh driver banyak driver buat anyep banyak driver butuh order tidak di kasih padahal banyak konsumen butuh driver buat krisis driver biar apa sih biar konsumen kecewa gojek yah biar driver sengsara yah biar langgan kurang yah biar pasu turun yah biar apa sih,negative
banyakin diskon klo gratis,positive
drive nya ramah jalan banyak cerita ga asa tau tau ke tuju deh,positive
lama banget nunggu drivernya,neutral
mantap,positive
mana kata aman masa aplikasi gojek bs msk orang pinjol trus mau lapor via jenklin pas buka blank putih makin lama jd makin ragu sama gojek rasa data yang apk gojek kayak ga aman masa mau laporin chat ilegal susah rasa akan gojek pihak pinjol kerja sama data bs bocor bukti messange gojek udah jelas blg data bs lihat di apk mana dan transaksi apa,negative
lebih cpt,positive
sempurna ada sedikit kendala handphone versi lama,positive
kirim sangat muas,positive
sangat bantu,positive
titik lokasi selalu ngaco,negative
aplikasi kgk jelas anjj gua udh lama bgt gk pke apk udh tahun lebih kynya eh tb yg log in hp infinix dengan no hp belakang nya daerah jakarta sudah balas lalu email tidak punya akses nomor sebut tpi ttp aja dsruh konfirmasi lalu aplikasi nya woy lah gua akun nya aja udh lupa udh lama bgt gk make mslh nya trs gua inget gtu akun nya yg dlu haru cari lagi hp gua jadul gtu,negative
gojek mas ojol nya baik semua makasih gojek,positive
mudah sangat bantu,positive
depok ongkir mitra driver kasi mitra nya ia depok dekat sih ya cuma km doank,negative
diskon banyakkin lah buat guna lama,positive
mantapp aplikasi nya,positive
gojek lah nomor hp terima tolong jgn samar susah hubung bahkan udh pakai pulsa terima pakai nomor ayoklahh nomor hp terima jgn samar susah jadi zaman udh ubah gk pakai telpon sekarang yg pakai wa pleasee gosend instan aja kasih nomor udh susah hubung terima mohon gubris,positive
mau daftar baru apa lsg handphone,positive
aelah sering ngebug gw kena maki anj ama guru gegara ngebug terus an,negative
respon jemput cepat ga pake lama driver nya ramah,positive
lebih tingkat layan langgan lebih ramah,positive
selalu andal kirim dokumen penting tks,positive
aplikasi lelet driver malas semua gaada beda goride hemat goride biasa paling jelek deh kalo urus nganter bidang apa goride hemat sering hilang galayak pakai jangan pernah pakai gojek kalian sesal,negative
nyaman cepat praktis,positive
bguss,positive
parah pesan gofood semenjak dimasukin driver bawa pesan gofood diresto nya lama ngantri ngantar sana sini waktu tunggu in driver datang jadi lama makan tidak fresh pesan minum ada es nya tidak manis cair hilang dobel pesan driver rugi konsumen,negative
hari ribet banget klo titik instant paksa pake instant mana ngantri sama orang jadi pilih grab gw,negative
aplikasi yg sangat bantu hingga akhir nya org jadi males bhkan egois udh males ttp komen jelek sm apk pulak ga tau diri,positive
drivernya gasopan udah nunggu lama tiba tiba cancel,negative
driver datang cepat sopan kemudi aman,positive
yaallah mau login aja gabisa dah beberapa hari lalu selalu suruh nunggu jam gendeng ta org mau dipake urgent lhooo login aja gabisa buang aja dah udah gitu layan busuk aplikasi lot badd bgtttttt,negative
promonya tiap hari drivernya baik gak lama tunggu datang gojek aman jamin,positive
selalu puas aplikasi,positive
layan ga cocok anak skolah tiap pagi slalu susah nyarinya,negative
min apk nya bagus minta tambahin fitur log out sesi perangkat min karna di salah guna saya ngalamin,positive
driver susah sekarang,negative
kalau mau bikin ulas yg panjang gabisa scroll bawah buat send ulas,positive
laper tengah malem coba login akun baru waktu mau login gegara otp nya lelet malah login lebih nunggu menit bikin kesal aja,negative
sesuai fungsi tingkat untuk mapsnya,positive
gojek sekarang gak jelas adaa go ride hemat lah tpi order susah ujung nya go ride biasa tambah klo order skrg lama biar cas baru dapet driver gak simple,negative
tangan lama chat yg balas cuman bot apk dipake transaksi susah nya minta ampun sorry bgt yg balas chat bot stay bintang,negative
bintang dlu yak lama developer kasih tarif gocar masuk biaya tol niat hemat jadi rungkad,negative
ramah cepat sampai,positive
untuk himbau driver tidak lama la makan order makan,negative
wah aplikasi sih,positive
suka psen makan gojeg,positive
doa dreiver iring hancur lo bakal jadi,negative
kikir mahal tarif gofood,negative
susah bgt dpt driverrrr go food udahh lamaaaa gabisa batalin pulaaaa nunggu sampe jam lebih gada hasil buang buang waktuuuu org,negative
udah sen nunggu satu jam an malah dicancel sama driver malah pas laper nya,negative
andal butuh,positive
benerin dulu noh map cari masa bayak tempat yg gk baca masa kalah sama grab lebih bagus,negative
sangat bantu cepat tuju,positive
daftar gojek plus hasil selalu tolak alas teknis padahal sudah ikut arah beri hapus cache restart ponsel bahkan instal ulang apk gojek hasil sama,negative
keren bg gojek,positive
promo akun sering egk promo akun temen sering banget jadi klo belanja lebih murah dong akun disamain promonya dibanyakin,positive
tarif aja d mahalin pake prioritas susah driver,negative
drive nya gk yang sombong,positive
sering temu driver kendara sesuai aplikasi mohon segera ditindaklanjuti terimakasih,negative
ongkir mahal kupon layan tentu beda banget sama belah,negative
bagus,positive
love it,positive
kok skrg gak bs lihat lokasi driver map aneh banget jd kita gak tau skrg driver udah mana padahal udah nyaman sm gojek,negative
besar diskon,positive
lol sekali masa nunggu lama lama ga driver sering hadeh ga jelas gojek orang laper nungguin makan,negative
cepet mantul,positive
kasi driver potong besar costomer bayar ribu di driver cuma ribu,negative
cepat tepat waktu,positive
aku mau banyak diskon biar bantu para rakyat jelata,positive
drivernya mag,positive
top,positive
aplikasi tolol bin goblok,negative
alam pertama guna aplikasi turut jauh lebih komunikatif indonesia banget,positive
aplikasi baik atas keluh ikan solusi cepat,positive
aku jadi lebih gampang klo mau mana tinggal mes gojek aja udah udah nyampe tuju aja yg mau trus udh gofood nya klo males pergi beli makan solusi yah gofood pokok the best deh gojek,positive
mau login aja susah jelas bintang,negative
sudah umur tahun guna apk gocar driver jalan jalan pesan x harga naik x lipat tetep sen sampai jam tidak ada datang,negative
bintang dulu deh sering ga driver nunggu lama mungkin perlu alternatif,positive
ada masalah driver sekarang selalu dapet driver jauh niat mau berangkat cepat jadi lama mohon baik,neutral
gojek skrg susah dpt drivernya lama banget kalo sen apa,negative
so far so cool,positive
banyak tawar limpah,positive
senang semua jd mudah,positive
kecewa barang sampe driver tipu sudh selesai,negative
aman nyaman,positive
qris eror mulu sampe hampir kira nyuri barang di update selalu aja ganggu,negative
aplikasi bagus cuman oknum pingin offline,positive
mantap selesai masalah sat set,positive
buruk go food nunggu lama biaya tangan mahal,negative
sistem dibenerin bos,negative
jelek banget,negative
sangat bantu jalan urgent pas pulang malam hari,positive
saran kadang klo dengerin lagu suara lagu gak jelas klo abis telpon driver mohon d update lagi yaa minn makasihh,positive
ongkir e larang telat,negative
apa bngt sih selalu lama dapet ojek pake gojek hemat lama bngt mentang mentang pake gojek hemat padahal pake gojek hemat suka lebihin bayar pas udah ga pake gojek hemat tetep lama ga nyangkut nyangkut posisi ada kota loh bukan plosok,negative
aplikasi sgt bantu,positive
i dont know lah jam an nunggu driver gofood ga ketemu gatau mau bilang apa tpi alam buruk lama make gojek si,negative
thanks gojek terima kasih mudah bagai masyarakt murah driver akurat semua tau jalan semangat gojek lebih baik y,positive
super duper lelet gajelas,negative
nunggu menit kok d cancel kira ga lama apa y,negative
gojek keren nih apa kita perlu smuaa smoga smakin maju gojek,positive
kalian tau ga kalau kalian order gofood suka lama driver kadang udah driver suka gantung lalu cancel cancel lagi terus gitu jam jam karena ongkir terima driver cuma ribu dulu janji bawah km ongkir ribu oke lah sekarang nyata sampai km jarak jemput jauh driver bukan untung malah buntung,negative
mantul mantap betul,positive
sangat manfaat sangat bantu,positive
lah gojek bikin gocar biasa orng ama bareng terkadang orng sen ny se enak nya sen biasa yg naik orng sen biasa naik bareng sama orng terkadang orng zolim gojek di timbang,negative
mudah cepat ongkos murah,positive
ngak batalin pesan makan ngak chat jual buat batalin mungkin aku kurang tau systemnya kesel banget akhhhhhhhh,negative
gk di buka habis update,positive
gojek sekarang jelas sen gofood sdh nunggu jam lebih sana sampe engga sopir ga ketemu makin jelek gofoodnya,neutral
aman cepat,positive
sangat buruk pesan gofood selalu telat estimasi ga kompensasi nunggu lama bahkan tiba tiba pernah dicancel pihak ama sistem makin jahanam aja,negative
aplikasi yg tepat buat kmu yg super sibuk mageran,positive
bagud,positive
kecewa susah sekali cari drivernya,negative
untuk gofood bayar pakai non tunai kasi banyak kena pesan piktif,negative
mudah paham,positive
guna gojek kurang puas biaya tarif gojek makan walaupun lokasi jemput tuju yg sama hari beda beda biaya ubah bahkan hitung menit sudah ubah iya klo lebih jangkau lebih mahal untuk gojek kendara dg tuju lokasi biaya tarif buat konsiten jgn ubah terus saya tiap hari pakai gojek,neutral
posisi drivernya dekat terus tiba jauh gmna gk sekali kali loh jaring jg oke kok gitu,negative
sangat baguuus,positive
sangat lama cari driver,negative
nyesel beli paket gojek plus promonya scam pas ga langgan gojek plus banyak tawar promo gede buat gofood kalo langgan gojek plus di beli paket ilang semua tu promo lucu tiap akun beda promo pernah aku bandingin dg akun temen ku kalian emang keren banget sih kerja kaya sragam coklat pas cari mangsa emang paling bener aplikasi oren ga pernah ngasih promo palsu,negative
sangat bantu aplikaai,positive
kirim sesuai waktu bagus,positive
mudah mes makan sih,positive
kerja bagus,positive
bagus sesuai aplikasi,positive
aku kurang suka iklan lama jadi mirip shopee,negative
alat tranportasi the best,positive
bug mulu berakkkkk gw kg mesen udah tiba gojek ngechat akhir udah top up pas check out malah cash,negative
bagus top,positive
guna gojek apa perlu pakai pin,positive
bagus aman update murah,positive
gojek adakan fitur kirim foto yg akses galeri soal sulit ngarahin gojek delivery ribet kalo ojek kadang nyasar di cancel tiba mau rating gabisa gaenak banget layan di benah,negative
cepat datang kemudi ramah,positive
oke bagus bersih bau bawa baik,positive
makin parah pesan makin lama payleter tidak di guna,negative
gojek sangat bantu utk aktifitas hari tarif jangkau sahabat sukses utk gojek,positive
jelas senang udah langgan gojek tahun tahun,positive
so far aman nyaman,positive
aplikasi gak orang pesan makan smpai jam tnggu buat driver orang lapar jdi emosiii,negative
guna aplikasi gojek baru kali sering bikin kecewa tidak tau kondisi kurang drivernyakah aplikasi susah guna sudah ulang kali pakai jasa gojek selalu bikin muak perlu darurat kondisi hujan antar jemput baik tumpang maupun kirim barang selalu bikin nunggu lama maaf aplikasi hapus dulu dan rating nya bintang bagai rasa terima kasih,negative
saran buat gojek lebih baik driver sudah umur jangan kerja karna tenaga nya udah kurang akan lambat pesan atau jalan lebih baik kasih bijak umur batas usia sampe masa umur udah tahun di terima kasihan nanti nya klo suruh naik lantai naek tangga,negative
aku habis belanja gomart ada barang kosong barang kosongin saldo engga balikin trauma banget belanja sini jangan belanja sini buat kalian engga mau kaya aku,negative
cepat order,positive
thanks for your trip,positive
aneh banget order prioritas datengnya telat mulu,negative
selalu tepat,positive
aplikasi yg maps nya ga jelas bikin orang telat berangkat kerja,negative
biasa,positive
jemput sangat cepat driver ramah aman nyaman terimakasih gojek,positive
okeeeey bnget,positive
good job makin hari makin oke,positive
selalu promoo,positive
banyakin promonya doong,positive
usually sering lancar pakai app utk order macam khusus pas order makan kadang luaamaa smpai akhir muncul sign minta batal,positive
jalan ga macet jemput meter buat aplikasi merah garis macet aplikasi ga jelas driver ga jelas mending bayar nambah sedikit pasti dah,negative
bagus baik,positive
bagus aplikasi bantu beli gofood pesan gojek gampang,positive
layan tidak baik,negative
info cara hapus no rekening bank yg lama krn gak pakai gmana cara,positive
paket hilang malah arah pihak driver antar salah alamat saya yang repot apa gak da kriteria pandai baca drivernya godsend gak rekomendasi amat buruk,negative
good job,positive
cepat respont baik tepat waktu,positive
aplikasi ojol ewallet paling tololll jangan pernah download karena masa cuma sen go ride titik jemput yg sama tuju yg sama ga sengaja pencet langsung beda harga antara aplikasi ojol indonesia apk yg paling mahl banyak eror ngerugiinn customer driver nya,negative
ui bgus lbih paham,positive
murah n cepat,positive
aplikasi nya mudah pakai,positive
aplikasi bagus pakai goofood biaya tangan mahal pakai express buat kirim tetap sering telat kompensasi pakai gocar comfort selisih dgn gocar biasa beda rban kata durasi menit kenyataanya menit lebih,neutral
jaga baik baik data pribadi kalau ada tagih masuk tidak pernah laku tidak pernah dapat tidak mau tanggung jawab atas apa tidak pernah laku terima kasih,positive
the best gojek,positive
aman percaya,positive
gak gocat gak gopet coinnya gk msuk semua min absen hari yg bukan game sama baik min,negative
enak beli makan,positive
sgt bantu,positive
driver nya sombong angkuh,negative
mantap layan baik,positive
gojek ubah pesan langsung pemberitahuan driver pemberitahuan malah maaf krn order baru padat kadang cari trs lama suruh coba klik ga liat nyangkut akhir driver datang tiga orang ah ikhlasin utk driver utk fee aplikasi aku tdk ikhlas krn aplikasi sengaja arah pesan doble triple ketika aku buat status yg komen sama,negative
tahan nama baik gojek blue bird jaga nama baik,positive
mudah dlm cari revresing pilih shoping singkat,positive
bagus serba,positive
aplikasi parah menang bayar murah driver jauh jauh lokasi jemput,negative
aplikasi bdoh update tiap hari ga jelas bgt ni sistem operasi nya,negative
kenapa aplikasi nya udah jam malam smpai hampir jam ga driver pesan udah ubah sama ga pake promo aja ga dapat driver tadi kecewa sih mana posisi laper,neutral
untuk metode bayar tambahin dana dong qr,positive
guna aplikasi gojek lama baru kali harga nya sangat mahal bayar goride rb driver dapat sejahtera buat mitra nya tidak lagi di budak sistem beda nya jaman nya pak nadiem mitra nya sejahtera castmer ikut senang,negative
helpful pis pokok,positive
nais,positive
makin hari makin mahal gofood goshop heuh tp lumayan bantu,positive
dong baik aplikasi udah nunggu makan jam udah gonta ganti akun ga dapet dapet drivernya,negative
sabar komunikatif makasih bapak sehat selalu,positive
di aplikasi ga game bolak balik mohon bantu,negative
jemput terlalu jauh tarif mahal driver ongkir sedikit layan buruk sekali,negative
terimakasih sangat bantu,positive
git app,positive
moga lebih baik gojek di pm h tidk onbid,negative
aplikasi eret nyoba ngorder pake argo murah ngorder makan aja sampe jam lebih,negative
cukup baik sekarang klo pake promo tunggu drivernya lama banget,positive
drivernya sangat ramah,positive
tambah fitur pesan jam tentu,positive
sangat mudah dalam butuh apa transportasi makan,positive
sangat luar biasa manfaat selalu d andal waktu sangat ramah kemudi ny,positive
seru sekali pakai apk gojek semua buat mudah aman,positive
helps me alots,positive
susah banget verifikasi wajah,negative
gjls udh inget sen pakai cash tiba gopay bug gjls,negative
bagus baik,positive
inti sangat kecewa,negative
mantul langgan sejak go go gojek goo,positive
wokeh,positive
senang sopan hemat,positive
driver nya kurang cukup sekali pakai apk,negative
kasih tau semua drivermu utama gosend kalo nomor terima udh tera alamat ngapain mnta lgi yang sen gosend udh mah nerorin yng sen ga semua yng sen gosend dia yng terima barang ngeribetin tau ga kadang mrka marah yng sen padahal tinggal telpon aja terima udh tera no terima msh aja mnta no nya lgi kek percuma fitur kalian tu edukasiin lgi drivermu suruh baca yng teliti,negative
bagus,positive
bantu bang,positive
aplikasih biadab ras drivernya ada slot langgan gacor mitra area miranya sedot habis keringat,negative
tingkat persen driver nya dong kasi banget potong aplikasi tdk manusiawi,positive
luar biasa,positive
terimakasih sangat bantu tolong driver taat atur lalu lintas ada lewat khusus pejal kaki,positive
najis tiba tiba saldo potong ingat buat upgrade gojek plus padahal udah beberapa hari ga buka gojek pas kemarin isi saldo gopay tiba tiba saldo potong najis najis meeehh kecewa udah lapor ga refund,negative
jalan aman,positive
trimakasih layan customer baik smoga gojek sukses selalu semangat kami maju terus gojek,positive
layan,positive
sangat bantu than you,positive
pesan sekali kok dapet driver padahal klik nya sekali,negative
cinta berat sama gojek,positive
sela bantu,positive
apk apa susah banget dapet driver banyak bug ga kembang,negative
mau tanya cara jadi pelang gojek bayar tunai,positive
smoga lebih baik smakin amanah jauh sangat manfaat,positive
daerah maros goride hemat mahal lewat,negative
ud ongkir makan makan paylater aku tiba tiba ngilang padahal pernah telat bayar aku skrg alih orange paylater limit gede bye bye gopay,negative
banyak gojek bisu drivernya ga respon nungguin hampir jam trus cancel ikut gitu jadi jam lebih waktu buang buat cari driver padahal kondisi sedang padat update install nyata sama drivernya diam trus biar order nunggu lama trus cancel ada makin jauh ada kabar lebih gercep aplikasi belah,negative
ya driver awal pesan di batal driver nya ttp jalan aja tuju lokasi barusan dapet info kalau tante mau jemput makanya pesan gojek batal menit telah driver nya malah tetap jalan lokasi dan ketemu justru marah marah di batalin pesan kamu nada ketus,negative
mudah,positive
sedikit aplikasi tak mendonload,negative
fitur gocats nya susah akses malam nge bug terus padahal udah update seperti aplikasi berat fitur game baru,negative
gimana sih layan soal driver buruk sekali,negative
kita gabisa chat cs nya mau komplain saat pesan gofood selalu gabisa pakai debit eh tiba tiba saldo potong mau chat cs gaada riwayat transaksi nya padahal riwayat transaksi debit saya itu potong aplikasi gojek,negative
aplikasi ter cepat,positive
mudah jalan jalan,positive
driver lama jemput,negative
aplikasi tulis driver tuju resto nyata driver sampai titik tapi lihat notif luar buka chat tahu kalo driver chat marah tidak salah dia tapi baik tidak keruh suasana bicara saya dengan ibu kost tetangga bawah,negative
pesan gojek driver ga nongol ga balas chat ga di telpon buang waktu kalo emang ga niat narik ga usah terima order,negative
langgan gojek plus malah gk prioritas makin lelet,negative
sumpah kesel bgt sama gofood chat sama driver sering ga kirim delay akhir driver marah karna susah nyari alamat padahal titik lokasi udah tepat selalu ga ketemu harus fitur chatnya diupgrade biar ga delay mulu chatnya biar arah driver dg mudah,neutral
kendara arogan,negative
good job banget deh mantul pokok,positive
koin sih iya kalau abis check in go jek cuma kalau mau pergi mana padahal udah masukin alamat ehhh muncul alamat cari kata cocok terus gojek bayar pakai saldo gopay kalau cash emang bisa ya,positive
drivernya baik,positive
siip pokoe,positive
banyak program order jadi sepi driver paksa ikut program gojeg mau banyak potong,negative
lama layan buruk,negative
gojek memang baik,positive
iklan ganggu banget sumpau,negative
aplikasi transportasi baik,positive
overall layan cepat bersih ramah tepat,positive
sukak banget jadi gk repot keluar rumah deh,positive
ngasih limit langsung blokir gak jelas banget,negative
nyaman bangettttt,positive
joss jiss,positive
buat customer gojek saran aja ini driver plus guna gojek jadi buat yg suka kirim paket mau gojek toped shoppe usaha cantum nomor telepon asli karna driver susah hubung customer terima kirim karna nomor aplikasi samar pihak gojek dan teman driver laennya usul cuma dengar buat aplikasi customer gojek gw kasih bintang buat aplikasi driver gojek bintang mudah mudah dengar,positive
praktis ekonomis sedia siap saat,positive
brapoh brapoh brapoh,positive
bingung lama jemput,positive
diskriminasi final boss,negative
respect driver gocar nya niat pesan jam sekarang batal terus ingin antar anak ke puskesmas selalu batal apa apa begitu layan baik no respect again for gojek,negative
aku cinta gojek,positive
bagus driver sopan,positive
kadang promo tarik kalo pesan go food,positive
alikasinya sangat bagus banget tp lebih murahin dikit ongkirnya lumayan mahal tp app aku appreasi sangat bagus,positive
ga becus,negative
diskon mantap bangettt muahh ak kalo goput bayar ga mahall mahal bangett love u gojek and goputtt,positive
buat cs support driver tidak mes trip hemat,neutral
aplikasi berat,negative
mudah percaya,positive
nyaman aman,positive
sangat mudah nyaman,positive
bantu masyarakat,positive
buat lebih ringan aplikasi nya tambah mode gelap,negative
makin kesini promo gofood gak promo gopay ongkir mahal padahal udah langgan plus masih mahal jadi makin males pake gojek masa langgan habis gak pake gojek,negative
tarif hemat lebih mahal tarif gojek biasa maksud apa,negative
mantaaap,positive
gajelas apk masa tunggu jam login aneh nya gk daftar akun,negative
sopan baik,positive
lama pake aplikasi gojek kecewa tahan,positive
apk gojek di bagi express kali mau chat driver bsa pencet awal ikon chat telfon tp kl pencet chat ikon nya loading trs hilang jd cma bsa telfon aja tp ada pernah liat hp temen kl express bsa aja chat driver knp gt udh dr lama gojek express bgtu soal malah td sempet telfon bsa skrg ikon jd abu gk bsa pencet udh update kok vers baru,neutral
mudah cari food,positive
koq bisa bukaa,negative
gofoodnya ekonomis ekspres sama aja gada beda jangan mau bodohin expres nyesel parah skrg makin bobrok gojek,negative
baru kali tipu sama driver gofood status makan antar padahal ga nyampe terima wkwk,negative
bintang biar voucher terus,positive
gojek mobil hubung gopay,negative
cukup baik bantu,positive
baik moga selalu kembang tambah maju amin,positive
nyaman ngga ngebut,positive
driver kalian suka nge cancel,negative
mantap buat gojek,positive
sangat bantu,positive
bagus tolong harga ngotak dikit,positive
aplikasi yg bagus mudah transportasi jalan dekat maupun jauh,positive
buruk aplikasi nya susah nyari banyak gengsi,negative
makin kesini makin ga jelas selalu sulit dapat driver padahal apk lihat banyak driver dekat jarang dapat driver,negative
online harus cepat cepat bayar pindah aja tetangga lebih cepat bayar,negative
layan ramah dn kendara bersih dn awat,positive
saran titik lokasi d jelas mungkin mode hd jangan tinggal updete titik,positive
tau nomor telepon cs gojek mau lapor gak mau lapor aplikasi jawab sama bot mau lapor cs yang manusia aplikasi apa sih sangat rugi driver customer,negative
jooossssss,positive
bagus,positive
selalu bantu ketika pergi sama beli makan mls luar rumah,positive
goo jod,positive
cukup lumayan bantu,positive
kembali uang sen gofood guna debit dapat driver lama jam tunggu uang tetap tarik rek tidak pernah jadi bukan x x sudah lapor cs responnya bot awal udh ga mau pake debit ada desak mau ga mau pencet debit yg udh taut aja eh jadi ulang terus terus saya sabar tunggu h tetapi uang tidak kunjung kembali,negative
kok android ga kupon gratis di iphone temen ini dah,positive
selalu repot oknum gojek jalan mohon lebih selektif dalam pilih mitra minimal punya akal sehat gitu,negative
ada diskon,positive
alhamdulillah sangat baik,positive
app,positive
malam pesan gojek comfort harus gede kan motor luas dila gw bawa bocah buset dahh yg sampe trnyt motor macam scoopy ini motor batre swap baik kalo sekira motor kecil jgn ambil sen gojek comfort selamat taruh jok sempit bgt,negative
ada driver nama pratanjana praba darmatatya sangat ikhlas beri bintang naik driver sebut,positive
kadang jarak gojek lebih dekat tapi beri jauh,positive
muakk banget make gojek nyari driver susah minta ampun,negative
sen paket tiktok shop ambil sama gosend nah cuma titik nya gasesuai lagi cari jalan keluar malah tolol tololin sama driver gosendnya alamat mah tulis udh bener cuma klo titik gasesuai emg salah,negative
sangat fungsi orang mager keluar rumah mes makan instan,positive
susah dapet driver gabisa dibatalin aneh,negative
buruk terlalu lot,negative
mantul jozz,positive
asyik,positive
sangat buruk belakang,negative
ngeselin bgt padahal ga oengen pake gopay coins pale otomatis jadi males makenya,negative
minus diskon,positive
user interface jadi bingung udah gitu sekarang susah cari driver pas dapet driver malah ajak langgar rambu lalu lintas,negative
gocats sama kucing apk gopey banyak bug reward koin gopey kadang gak masuk masuk meski di klaim,neutral
lamaa,negative
sistem layan sangat buruk apa pinjam gopay jangan pernah kalian coba apa alas bahaya,negative
sangat bagus layan,positive
udah beberapa kali sen gofood ga driver padahal siang,negative
gua singgung gua senin gojek buat emak gua orng nya di wc otomatis gua kn yg ngadepin dlu kan bilng tunggu sebntr kira gua yg naik emng badan gua gede tiba bilang iya terus jln aja ngalor tnpa bilng maaf ga angkut sopan ga sh gua kn blm bilang ibu gua yg naek tp udh salah sangka ngabur gt aja,negative
tingkat sudah ubah besar cepat driver tarif konsisten saya tiap hari pakai pulang pergi kerja terima kasih gojek,positive
sangat bantu amanah,positive
sangat buruk berapa kali masuk verif kali wajah bisa terus masuk uang layang minta bantu juga di tanggap buruuk,negative
pokok oke lah,positive
bayar gopay transaksi macet proses terlalu lama misal menit baik beri opsi batal dana uang sandera bisa manfaat yang tks,neutral
kurang josjis aplikasi tambah kesini mala ga sip masa chat driver erorr,negative
gopay tidak terima top up,positive
terimakasih karna sangat bantu sekali,positive
aplikasi yg manfaat efesiensi,positive
gojek selalu mana dan kapansaja,positive
benerin dulu karyawan nya masak banyak karyawan nya langgar atur kendara,negative
mantaaap,positive
dong navigasi nya diakuratin susah bener dah,negative
driver ramah cepat,positive
aplikasi tolol driver cancel gada notif apa apa tampil aplikasi ga ubah,negative
akun go ride jabodetabek reguler kapan buka nya wa nya yg gocar terus asa saya ga pernah daftar gocar,positive
sangat bantu,positive
sangat bantu penuh butuh hari hari,positive
aplikasi paling buruk zhalim,negative
kemudi utama motor sering lawan arah lah tindak kalo suspend berapa hari lawan arah copot ajah udah mitra bikin ganggu risih kaya geng motor,negative
baru pertama kali tolak tinggal pergi padahal udah nyampe driver jogja malesi gak sopan labil kaya anak sd gak niat kerja,negative
sangat cepat jemput dan sangat baik layan makasih,positive
baik moga lebih baik,positive
ramah sama tumpang doang sama orang kagak ramah pikir duit doang mah kerja ampas,negative
banyak kemudi tidak taat atur contoh lawan arah laku driver plat bg afh urus kasus,negative
ramah layan nya baik,positive
sayang klo hujan nyantole driver susah makanya sistem driver jangan otak atik terus biar gak sulit,positive
mantab gocar gojek maju terus,positive
sangat praktis dapat jasa antar,positive
daftar aja ribet kan mau ngojek bukan jadi drever ampun deh,negative
oke bangett lumayan,positive
aplikasi sangat rekomendasi mudah hari hari aktivitas terimakasih,positive
enak jajah semua tempat,positive
solusi tepat aman kendara,positive
aplikasi butuh yang dadak tidak langsung beli butuh di toko sangangat bantu,positive
hilang fitur aplikasi customer mengijinkan langgan mes lebih order semua layan aplikasi gojek jadi double order akan rugi driver dapat langgan yg gaptek tidak batal order yg tidak sengaja karena lain mohon perhati kerjasamanya terimakasih,neutral
g ribet,positive
enak laah laper laper g pusing keluar beli makan,positive
gojek sangat mnunjang utk penting masyarakat,positive
memyenangkn dpt driver ramah,positive
ongkir mahal driver dari jauh mulu padahal depan mata banyak driver tiduram sen gofod lama in,negative
makin ribet aja mau jadi konsumen proses mulai mirip mau jadi nasabah pinjol aja auto geser belah sama keluarga ngajak semua koneksi punya,negative
banyak promo i like it,positive
naik grab lebih praktis lebih nyaman,positive
kendara aman mudah,positive
baguus layan nya gojek sgt manfaat bantu terimakasih yaa,positive
gojek mudah mles kluar rmh tngah terikny mthari gjekin ja slesai,positive
aplikasi ga di andelin,negative
waktu jemput baik kualitas kendara kurang awat,positive
aplikator kabar nya mau bakar duit bakar duit driver promosi diskon para mitra driver resto pesan gofood harga mahal ongkir mahal akal akal an mode hemat reguler flass ekspres padahal driver sama beda cuma cari driver aplikator kalo pake hemat tahan lama kasih driver buat nunggu di dobel order kalo ekspres langsung dapet driver lalo resto lama sampai tetap lama cuma modus gojek nyari untung,negative
tahun tahun menggunaka gojek akhir putus pakai karna banyak driver ngatur customer alam tidak senang lai thank u gojek,negative
ganti akun bikin akun mau beli apa jg gampang gk ribet pokok nya joss pisa driver nya mna mau hujan mau banjir di usaha terus buat layanin customer nya,positive
murah drever nya ramah,positive
butut mentang order murah driver ga jawab udh driver pdahal pake murah suka kasih lebih,negative
banyak drever keluh karna banyak bijak aplikator rugi drever contoh program hemat gacor selot aceng,negative
bayar pakai gopay bayar tunai qris terima aplikasi sedang gak sen pakai gopay kadang lupa isi saldo gopaynya aq,negative
madeppp,positive
jemput tepat waktu bila ada konfirmasi driver,positive
sangat bantu terimakasih,positive
aman dn cepat,positive
nyaman dn cepat jemput,positive
deh gan mantap barang makasih banyak gan mantap barang,positive
diri korup ongkos korup aduh,negative
pakai sejak,positive
bayar udh pake gopay tpi pas udh selesai a tau a mlh pake cash udah gitu mau ganti gopay gk ini apk a lgi dah,negative
penalti driver enak php tumpang tolong ada sistem disiplin driver enak batal pesan,negative
banyak diskonn,positive
tepat waktu aman tuju,positive
makin songong,negative
susah banget dapet gojek pagi pagi udah nyari tengah jam tetep gk dapet dapet pafahal berangkat pagi karna tka tkad malah pas hari uji gk dapet gojek jadi sering telat sekolah,negative
gojek banyak bantu kembang usaha terima kasih,positive
toko sering tutup tengah malem pesan sedang proses jadi driver gabisa ambil pesan susah batal,negative
di coba akses sukses,positive
ngapain iklan mulu aplikasi ganggu banget,negative
enak banget,positive
sy login gojek kok tak ya tak di ksh kode otp nya dlu sy login pki redmi sekarang sy login pki hp samsung a di rubah segera kasih info nya ngimna login biar sy segera pki gojek nya,neutral
oke sangat bantu banget,positive
aman sentosa,positive
mntap,positive
makin susah driver padahal ga pake hemat,negative
sangat bantu aku sangat kerepot anak bayi tdk bs dengan ada gojek perut tak pernah kosong,positive
its so help,positive
makin kesini makin liat jelas sistem dajal lu rakus driver keluarga ny makin tindas,negative
driver lihat rating yg beri customer juga beri rating customer heh bungg dong buat customer jg bisa lihat ratingnya yg beri driver jgn pihak update tambahin upload foto video rating makan gofood minta update doang gak ubah tuh biaya jasa aplikasi buat apa,negative
aku suka gojek sangat bantu aku pergi sayang gojek,positive
ketemu driver g jelas sini order udah bayar lunas kirim makan g hati padahal cuma kresek besar endingnya jatuh semua kyk sampah drivernya d training lg yg bener,negative
mantablah pakai gojek,positive
aku kasih bintang smentara kalo misal abis ujan suka lama banget nyaut gojek,neutral
ada verifikasi nomer hp email jadi bisa login akun gojek krn email sdh ganti sdh kirim email buat cari solusi balas,negative
moga jadi lebih mudah,positive
mohon maaf besar besar mohon bagi orang orang yg kyk gin aku udh mesen gojek gojek gk sampai padahal udh nunggu hampir tigapuluan menit mohon tegur marah sekian terimakasih,negative
banyak ambil untung,negative
driver motor ada masalah gercep untuk driver gocar sangat rekomendasi gofood reguler biaya mahal dobel order,negative
sangat bantu cuma kurang sdikit saat buru buru terkadang lama dapat driver mungkin sj kurang personil pas banyak yg boking gak tau terima kasih,positive
lama nunggu antar jam gofood sekali gak enak ada tengah jam nungguin makan nya keburu dingin tu makan,negative
jek driver makin gencet gelas terus ongkir tuh gak si kuning mampu sedot cs ijo kalau ngebati jek kira lihat lapang fakta lapang kuning jg food nya jalan buat pakai online yg ongkir murah jek ane wae si ane mainin gojek udah ongkir mahal potong makin gede dreper biaya oprasional jalan malah keruk abis langgan gojek kabur,negative
susah kendara,negative
makin kesini makin gak jelas nyari driver susah minta ampun hujam dikit aja driver drivernya gak mau ambil sekali driver gerak sama jangan coba pakai gocar hemat driver gak mau ambil baik pilih kualitas driver driver gocar sekarang pilih jelek kualitas,negative
parah banget gilir pake gopay gak driver yg mau terima order kalo paket hemat gak semua pake apk business profil,negative
sangat bantu sekali sikap layan baik,positive
sekarang klw pesan gofood lama sekali dibatalin padahal resto nyiapinnya dapat driver harus klw blm dpt driver dibatalin payah lah sekarang tarif naik layan tidak naik malah cenderung lebih jelek,negative
mantap terima kasih layan oke sekali,positive
aplikasi sangat bagus,positive
layan standar tepat waktu aman aman aja terus banyak plinplan helm gojek g nyaman harap helm coba ganti model,neutral
gk bs unduh aplikasi gojek,negative
selalu jemput cepat banyak discount,positive
udah order gofood terus gak dapet driver suruh nunggu lama waktu ektimasi habis baru d cancel harus nunggu lama dulu baru cancel,negative
terima order lama buangetttttttt pdhl udh order yg harga tinggi,negative
bantu klw ongkir nya kurang,positive
baik murah,positive
bener buat aplikasi orang sen datengnya smpe x mending sen murah gpp yg di sen mahal,negative
saran bikin aplikasi gofood sendiri biar tuju pake gojek cuma buat sen mkan gaperlu ngehabisin terlalu banyak memori,positive
driver manja gamau anter masuk mall padahal kasih uang parkir baik sistem saya gaakan rekomen gojek semua orang kalau msih kaya gin,negative
cepat nyaman jalan,positive
gajelas drivernya,negative
go food pakai gopay selalu lambat lambatin sampek nunggu jam,negative
cakeppppp bantu kerja orang,positive
sekarang driver enak cancel pesan padahal udah nunggu lama emang gada sangsi apa gitu,neutral
just star,positive
coba dulu,positive
bagus gampang bnget,positive
banyakin ptomonya,positive
game bolak balok kok kaga bang,positive
udah pake apk gojek lebih th apk bagus driver ramah sopan profesional,positive
gak punya hati sama sekali n gak punya otak sama sekali klo masalah yg jawab robot mesin jd gak pernah solusi jawab nya terus mau qta tanya ribu kali jawab nya tetep sama robot semua,negative
keren mantaf semangatt,positive
harga sangka murah wort it driver nya ramah layan nya oke sih,positive
senang sekali pakai aplikasi gojek,positive
salah transfer tanggap saldo kembali padahal nomer saya transfer udah nggak aktif,negative
tepat waktu senang,positive
guud,positive
susah dapet drivernya sekali dapet jauh banget,neutral
cape kali lihtnya asal pda jauh semua dah gitu gak gerak pas dh pesan cape nunggu nya dong gmna ni bolak balik batalin jadiny,negative
on time kendara bersih,positive
mantap lumayan,positive
jelekk bgt asal buka aplikasi gojekkkkk gada sinyalllllll parahhhhhhh,negative
apk sangat bagus buat orang yg mageran masak beli makan luar kaya aku,positive
min minta dong ain opsi bayar pakai qris,positive
baik layan,positive
senang sama gojek,positive
mau daftar akun tp otp yg kirim kok salah terus y,negative
sopn rama full,positive
gak lihat lokasi driver sekarang gimana kalau makan kasih,negative
go transit sama sekali ga dipake mohon bantu,negative
susah driver daerah ku,negative
layan sangat bagus terimakasih,positive
yes oke bagus baik essipp,positive
sangat manfaat di area kota mau aja kunci punya uang,positive
cepat sangat baik,positive
hapus fitur ambil order otomatis driver sering dapet driver diem terus ga gerak malah driver ambil order malah jauh posisi atau mungkin lebih baik fitur tombol ambil harus klik manual driver dapat order tombol sebut milik batas waktu beberapa detik tapi notifikasi order ambil sisi guna muncul driver meng accept order ambil otomatis terimakasih,positive
sangat aman nyaman,positive
sesuai aplikasi,positive
driver gada niat kerja padahal jarak nya deket ga mau jalan udah gitu gamau cancel dri drivernya udah gitu selalu daper driver jauh gilir deket pada males malesan padahal jarak jemput cuma m bilang jauh,negative
jalan makin asyik dgn go car,positive
pesan kendara cpt dtg hati bw kendara,positive
responnya cepat,positive
butuh banget bisa daftar,negative
knapa aplikasi go cat bisa buka,negative
semua jdi driver untuk food ga driver nya miris x,negative
recomended banget pesan makan soal banyak promo gofood,positive
gofood hampir jam cari solusi,negative
maksh,positive
moga playlater,positive
tolak trus hujan tidak driver padahal apk belah nyantol cepet apk kali coba sama aja mau gocar gojek prioritas cari tidak kecewa sayaq,negative
gojek sampah susah banget pakai,positive
driver terlalu pilih,negative
gak komplain langsung resto kalau ada kurang pesan beberapa kali mau komplain tp bisa,neutral
naik harga lumayan rasa sih padahal waktu order go ride tanggal februari kena tarif rp pas tanggal maret sampe tadi pulang kerja tarif udah rp aja,positive
top,positive
kalau order lekas kasih driver apalgi food musti jadwal kalian aplikator profesional lah order tahan tahan buat apa pikir lah nasib resto kalau makan udah buat belum kunjung driver bagaimana makan dingin resto rugi,negative
bagus end cepat tepat,positive
gofood siantar lambat kirim menit tentu drivernya,negative
usaha jasa layan ramah mumpuni driver butuh customer cara kendara cara komunikasi lengkap atribut attitude layan ongkos bayar tumpang tidak murah saat ngobrol driver naik gojek rata keluh soal potong aplikator lewat tinggi padahal usaha layan baik banding lurus sejahtera mitra,negative
drivernya jutek,negative
besttt,positive
akhir akhir saya susah dapat driver gofood padahal pakai express tetap aja drivernya udah gaada niat ambil order apa gimana,negative
cari driver sangat lamaaaaaa cs susah dihubungiii,negative
pdhal mah selalu dpt trs sdh d kecewain malah kaga dpt dpt hadeuhh,negative
kirim cepat sesuai,positive
simple,positive
nganter makan lama,negative
pesan cepat sampai,positive
memang gak lawan aplikasi gojek cepat mudah guna layan gojek muas,positive
bagus sihh cuman aku sering udah sen itu sen itu buat bayar kali di marahin padahal gw gak sen tapi dateng nya,positive
gocar nya enggak jelas enggak niat nyari duit apa gimana dekat malah pergi jauh mutar mutar gak jelas tengah jam kemudian batal buang buang waktu hama,negative
sangat bantu jalan,positive
aplikasi ngelek ptongan besar,negative
tranportasi online percaya,positive
apk sangat luar biasa aku suka,positive
aman percaya mantab poko,positive
apk ojol ampas map nya bnyak driver nya ga jam rawan ga cuaca buruk pas dibooking susah minta kali ga driver nya terima bnyak ko driver ga jam sibuk susah nungguin smpai cancel tetap aja ga mau driver nya,negative
mantap banyak diskon,positive
banyak promo,positive
lebih murah,positive
alam lama pakai gojek transportasi semua nya oke,positive
good job,positive
keren banget min,positive
aktifinn fitur gopay later dong gimana deh maasa udh tahun ga di aktifin,negative
cepat tepat bersih sopan salam sopan santun murah,positive
sangat bantu sekali klo urgency pergi dadak pas gk motor,positive
driver mobil nya ga mau ambil tumpang alesan krn jauh,negative
bguus,positive
pertama kali sen gojek belibet,positive
gopay later buat bayar listrik biasa sekali foto langsung ini sampe x gagal teross waktu masuk malah bilang salah data gak dipake sampe x jam tambah lama tambah ribet padahal dulu gak pake foto aman aja gak pernah telat bayar,negative
layan oke senang nyampe dg selamat,positive
layan gofood saat mrk punya cukup uang seringkali mrk minta beri order lalu cancel order padahal tahu sy gojek terap sistem beli makan gofood maksimal rp jt sering angka order rp ribu mrk minta sy cancel order alas uang mrk tdk cukup lantas bukan mrk yg cancel order krn kan sy tulis ulang apa pesan sy kalau sy yg cancel,positive
banyakin lg promonya biar ak lebih betah pesan gojek thx,positive
kok gojek dh jlek yh skrg dpt driver lm btul plih,neutral
oke selalu pilih gojek angkut,positive
aman harga jangkau proses cepat,positive
hari kali dua bohong driver order driver nyata sedia jemput telah tunggu waktu telah pakat malah jemput padahal pantau driver gerak itu settingan trik murah oknum driver malas jemput harap batal uang k sangat sayang uang segitu halal sgl cara rendah banget adab tlg pihak gojek tertib driver nakal terimakasih,negative
susah dapet driver mending shopee fodd,positive
saran buat gojek cantum alas dong order cancel kalo gofood siapa nge cancel kan udah lama nunggu yak nyata malah di cancel,positive
oke mantap,positive
driver baik,positive
stiap pesan gk prnh dpt,negative
bagus cepat hemat waktu,positive
amaaaan,positive
sangat rekomendasi buat jadi usaha samping,negative
lupa bayar baru telat hari di kejar teroris,negative
driver sangat ramah,positive
enak aja tinggal duduk tuju,positive
akhir gw pake apk kecewa susah banget kemudi padahal depan mata banyak banget kemudi,negative
aplikasi nya mudah guna simple lengkap,positive
lama pake gojek bagus aja kok layan nya driver nya jg ramah,positive
bobrok,negative
shock breaker banyak yg mati jarak jauh pinggang sakit semua,neutral
mudah segala urus,positive
lama pakai jasa gopood pernah kecewa,positive
gojek keren banget,positive
luarbiasa,positive
mab gojek gopay gak amanah kembali dana di laku,negative
aplikasi sangatt bantu kapan dimanapunn meski kdang dpat driver yg diemm terus panjang jalan but it s okeyy,positive
sangat bantu utk transportasi sy harga jg sahabat,positive
bagus ramah baik,positive
kasih bintang kemaren sen go car dpt driver tari bin banda plat b efr driver omonganya gk karuan ngmong t l gb g saya sen kali dere kosambi dg ongkos tengah jalan omonganya langsung keluar smua dn langsung minta cancel gojek situ takut kasih bintang kali masih dri pda ricuh ikiti sja keinginanya alhamdulillah ttp anter smpe lok tjuan cm posisi sdh cancel cm bagi alam smga gk smua,positive
sy cuma beri bintang pertama kali sama gojek,positive
skrng lama bgt dpt drivernya kalau sen gofood pake kirim biasa gilir pake yg instan langsung dpt driver sorry mau ganti aja pake shopeefood murah banyak promo cepet gesit,negative
guna setia gojek cm akhir tiap sen gojek searching driver selalu lama dpt driver yg jauh pdhl d byk driver yg dekat jd waktu aga buang percuma mohon perhati terimakasih tambah lg skrg kl pesan gofood dpt driver nya jg lama bgt habis waktu makan siang saya,neutral
drivernya gercep titik lokasi cocok promonya mantap,positive
langgan setia,positive
suka aku anak sekolah jadi suka pake harga rb walaupun harga nya rb tetap profesional,positive
alhamdulillah cepat ramah,positive
option pilih layan nya sangat bantu,positive
cukup baik,positive
sangat bantu banyak perlu,positive
layan nya baik,positive
sangat muda gampang akses,positive
akun gk di pakai,positive
mudah jalan,positive
jelek aplikasi nya apk gojek kalo daerah agak pelosok gamau mau kota harga mahal gilir harga murah mah gamau apk gojek ma padahal kan harga sana nya,negative
lama rasa puas bget,positive
senang pake banget,positive
sangat bantu terimakasih,positive
mantap,positive
bagus sih sayang nya saya sen gojek selalu ga yg saya bhkan jdi kdng g masuk sekolah krna,neutral
full service,positive
mantul tul tul tul,positive
tiba tiba saldo potong anding emang,negative
akun bagus malah susah dapat order aneh,negative
muantap buanget,positive
susah kali drivernya baik buat gofood atau goride tambah mau klaim koin gopay pernah masuk,negative
kapan kok gojek bom dark mode nya lama bgt fitur dark mode nya nunggu brapa lama terima kasih sering update versi paling baru tetap dark mode nya bom sedia lebih tingkat gercep rubah tampil gojek fitur dark mode nya,positive
kalo problem susah hubung,negative
sangat senang jadi bagi mitra gojek,positive
mesan gofood lama ga driver malah ga batalin jam tengah nungguin baik fiturnya,negative
sangat bagus,positive
sopan tepat waktu,positive
bahagia makan,positive
gojek mntapp,positive
baguts,positive
bisa ngasih bintang lima guna goride hemat sering bahkan pernah dapat drivernya malah sama sekali lah depan lebih baik tapi jangan update update yah hp hp kentang yah tiap jam wib gak pernah ada driver mau nganterin padahal kan kepingin jalan malam malam kali jangan dong,neutral
sekarang pesan gofood sulit driver bukan makin baik malah makin parah,negative
beberapa waktu lalu sering kecewa sekarang banyak ubah makin senang guna layan gojek,positive
gak mau pakai aplikasi gojek apa buat pesan drive kaya udh kaya aja semua gara gara harga ribu g mau ambil pesan lol,negative
susah dapet driver padahal udah yg prioritas,negative
mulai benahin aplikasi deh sen selalu paling cepet kali kali susah dapet driver ganti terus drivernya kali kali gaada kompensasi arti aplikator jengah rasa,negative
banya promo nya,positive
sangat senang saat,positive
ini susah sekali driver,neutral
gojek tiada dua mantap,positive
makin parah sampe pake prioritas jam dapat gpjek nya padahal kota bukan hutan,negative
bagus sich walaupun kalau pakai gocar lama driver kalau mesan makan jamin cepat ngk nunggu jam lebih cepat walaupun reguler semua ada plus minus nya gojek tetap tercintaa,positive
driver suka cancel sendiri ga jawab chat,negative
bagus cuman suka ngebug saya waktu sen gojek yg datang malah tiga,neutral
layan gojek sangat bagus,positive
so far bantu,positive
selalu lama dapat gocar driver gocar bisa komunikasi kan chat selalu balas kalau memang bisa tinggal bilang jd cancel tunggu lama chat tdk balas ujung nya suruh cancel,negative
kecewaaa banget sama gojek dlu klo order makan lewat tunai lancar aja sekarang hampir jam gada gojek mau nerima pokok kesel banget sama gojek sekarang udh laperr nungguin lama tau gtu padahal dlu bagus aja,negative
aplikasi sangat bantu kalo pas kerepot tinggal gas,positive
mau kirim barang lewat gosend lama banget nunggu dapet drivernya kali jam,negative
please fix yur bugs on change payment fiture because i cannot change to be gopay from cash,neutral
bapak baik banget mau nungguin,positive
goride hemat bikin miris langgan yg mapan aja udh gak malu pake hemat klo anak sekolah ajar karyawan bawah umk mahasiswa mash gw maklumin tp klo org yg udh gaya exlusive mobil ngejogrog keluar makan cafe mahal lah gilir ngojeg pake hemat cih gak malu apa lu lu tau gak ongkos hemat driver yg bayarin nya,negative
tidak masuk karna email saya daftar tidak sya guna,negative
sinyal tumpang driver kurang sesuai pihak aplikasi kuat sinyal tumpang cepat driver,neutral
sangat bantu apa ada promo trus,positive
aplikasi yg okeh,positive
gojek tidak beli tiket krl,positive
kalaw di pisah tampil aplikasi gojek gopay karna jadi makin ribet tampil ny,neutral
parah driver x ganti driver ga respon sama sekali,negative
sekarang sen gofood antar hemat driver ga yang mau ambil,negative
mapsnya update,positive
susah banget driver pesan gofood nunggu jam tetap aja gak driver makin lama makin banyak tingkah driver gojek milih ambil order sekali di cancel mungkin tau ongkirnya cuma sedikit kecewa,negative
sen go food ongkir nya sama harga makan x lipat nya,positive
untuk gofood baik untuk waktu estimasi jangan nunggu jam baru batal lu pikir mesan gofood udah kenyang tiru shoope food bisa batal pesan waktu mnt,negative
pencet gofood lansung gk di batal,negative
bikin susah sering logout,positive
app mudah kesana kemari sangat suka,positive
nyoba,positive
jalan butuh lebih cepat murah,positive
nyaman cepat ramah sabar,positive
bagus appspunya indonesia,positive
banyak driver males jemput rata semua driver chat kalau pesan jangan pilih hemat gila emang jelas aplikasi opsi pilih hemat otomatis bakal pilih lah kalo gak mau sen hemat demo usaha dong jangan customer ngebuang waktu buat nunggu lamaaaa sampe jam lebih minta customer buat cancel mereka gak mau langsung cancel btw case banyak area jogja,negative
layan nya keren,positive
opsi order arah guna sistem merah driver,negative
minta ngebut drivernya,positive
drivernya oon masak gak tau pake google maps,negative
kuranng respon,negative
sulit dpt drever krn go hemat,negative
baik semua,positive
luar biasa layan muas konsumen,positive
sangat bantu,positive
gojek terbaij,positive
sangat mudah bantu terimakasih gojek,positive
serah guna aplikasi driver dapat selalu jauh tidak hubung selalu paksa cancel driver itu buat rasa salah dapat driver saya tiba beri driver sehingga saya harus cancel driver baru harga beri banyak cancel makin tinggi baik sistem saya lelah,negative
super ngebantu pollll,positive
aplikasi bisa bantu sy download gopay plus selalu tolak trus,negative
oke drunggu diskon nya,positive
good operational,positive
bagus manfaat sekali,positive
mantaf azip yahud weded well pokonamaj,positive
sangat mudah rakyat kalang bawah laku jalan harga nya murah banget,positive
mantapp banget,positive
alhamdulillah nyaman,positive
sering dpt diskon,positive
layan baik dekali,positive
duit gue nyangkut ga balik balik guys udh tahun hti hti kata gue mh nyimpen duit gopay gojek udh cukup gue aja yg kena,negative
bolehhh lahh,positive
toppp pokok,positive
eror mulu nih aplikasi,negative
kali mesan tiga tiga ngak driver,negative
aga kecewa si ama driver nya jam gw buang sia sia,negative
of course bantu banget sih pergi trs yg mls beli makan luar di antar lewat gofood perfect bet dh,positive
ekosistem dibenahin order tengah gak driver jam tengah ga driver,negative
ribet banget kalo udah sen dari beberapa detik gabisa batalin apa mau batalin terus pake voucher tambah makan minum ribet bgt udah buru kemas sdngkn drivernya aja ada alias lama,negative
serba,positive
fittur gopay letter gak akses padahal guna lama aplikasi gk mending pakai maxim aja,negative
makasih,positive
susah banget mau driver,negative
ya kalo aplikasi lama gak promo nya kalo aplikasi baru mah banyak promo nya aneh jangan beda donk gojek,negative
mkcih bayak aplikasi gojek membat lebih gampang,positive
beli tiba tiba cancel sama gojek saay coba hubungin kata dicancel padahal aplikasi jalan,neutral
tetima kasih atas semua apresiasi sdh beri,positive
sangat kecewa beri rute dekat bukan cepat,negative
akhir akhir sulit dapet driver gofood,negative
aplikasi oke apa apa buat mahal driver selalu ga mau ambil order udah nunggu lama ujung ujung nya cancel di baik,negative
ga pernah promo yg fantastis,negative
layan baik lancar tuju,positive
gaada mau ngambil pesan diskon jadi gojek nganter gamau ngambil sen nya lalu sesuai estimasi waktu dan jauh lebih lama buat gojek ambil order nya jangan kalau premium aja baru langsung cepet,negative
mesen makan sapek kali gak dapet driver jadi gak makan maleman dong,negative
biar apasih nomor telepon terima marketplace sensor driver jadi susah hubung terima kalo anter kantor alhasil paket retur jadi kasi driver nya mending pindah ijo belah pake gojek sistem sampah,negative
kecewa bgt sama gojek armada banyak sombong sama order sering bgt driver minta cancel aja alesannya karna bayar gk sesuai jadi opang aja klo mau nembak harga,negative
simpel lebih mudah,positive
driver pilih pilih nominal pesan gak rispek wok,negative
transfer pakai gopay biasa udah gak upgrade jadi gopayplus mana harus pakai foto selfi ktp macam pinjol,negative
sangat nice sekali,positive
sangat kecewa masuk guna lama aplikasi sering transaksi baik gopay gojek tetep bisa aktif gopay later dan gopay pinjam cuma notif,negative
very good job,positive
cepat tepat merespon konsumen,positive
gg dah,positive
mudah manfaat,positive
perfect,positive
sangat bantu jalan hari hari,positive
lama pakai gojek aman thanks gojek,positive
kdg gojek motor platnya ga sesuai sama yg aplikasi kadang suka lama,positive
mudah guna,positive
gopay mantap transaksi,positive
sopan ramah yg paling penting,positive
susah dpt driver kdng heptic gk yg mau terima order hpus aj apk ny,negative
bagusssssssss,positive
guna ojol ijo sering buat sen mkanan tp gojek selalu bingung nyari titik lokasi tp apk belah mh lgsg ketemu padahal titik sama tunjuk sama detail lokasi udh tera apa ya yg di baik,positive
terimkasih cepat kurir ramah besok sya sen ya,positive
top keren oke,positive
gajelas nih aplikasi tiba tiba ganggu pas dipake buru buru,negative
gopay pinjam ny gbsa d pke pdhl byr ny lncar aja,negative
sudah benar alamat nya gojek langsung di arahin nya beda,negative
bagus aplikasi kalo kendala cepet selesai,positive
terlalu mahal,positive
gojek batam malas malas hari hujan orang mepet repot kalo hujan ntah gk kendara gk jalan,negative
jangan sekal pernah pinjam pinjam gojek dc nya suka ancam mau sebar data pribadi bahkan hubung nomor kontak darurat baru lambat satu hari tiap detik selalu teror ancam pihak dc,negative
aplikasi bagus,positive
mantap banget semua layan nya enak,positive
driver lu kalo ga niat ambil order kasih sanksi lahh jangan buang waktu orang order terima dia malah pergi jauh gamau batalin booking sampe customer yg batalin sendiri kalo kyk gitu kan gua jadi tambah susah dapet driver krna sering batalin booking gara gara driver lu yg ga jelas niat pake gojek biar praktis cepet malah kyk gin padahal gua kalo bayar selalu lebihin buat driver nya ngga pernah gua kasih uang pas pas driver lu nya yg gatau diri,negative
nice trip,positive
order gofood perhati apabila malam sering jln yg portal kalau map gofood buat map goride jd sama dgn google map yg pindah rute,positive
aplikasi sangat bahaya,positive
sangat bantu hari,positive
aku henti langgan gofood plus malah aku anggap langgar guna gofood promo ku cabut halo aku langgan terus loh ga pernah masalah baru cabut gofood plus ku aktif loh kok gin layan nya gojek sekarang kecewa sekali bahkan ga jelas langgar apa aku laku,negative
cepat driver nya,positive
marvel wonderfully,positive
sehat selalu teman gojek semua,positive
siip apk yg bantu,positive
sekarang layan nya cukup buat puas,positive
orang ramah mnyenangkan,positive
mantab lah pokok nya,positive
abang abang baik banget,positive
pas oke keren sip lah pokok mas kurir ojol ini tetap baik,positive
bagus aplikasi,positive
dong kalok naik goride gak usah nerobos lampu merah,neutral
mantap guys,positive
angkut nyaman pintu rumah tuju,positive
kemarin siang jam tanggal april order gojek driver pertama kalau salah atas nama nur hardiyanto nomor motor ab sekian ix tolak batal pesan driver atas nama sudah sering sekali tolak batal pesan padahal lihat motor helm ada teras rumah karna betul jarak rumah dan dekat meter,negative
the best,positive
tetap semangat,positive
kecewa,negative
terimakasih gojek selalu andal,positive
best deh pokok nya drevernya ramah ramah baik semua saya temuin,positive
mantap cocok pergi mudah,positive
menu order go ride instantnya hilang,neutral
sangat bantu dalam apa,positive
telat mulu sen makan aja jam,negative
paling gasuka kalo dpt driver yg bawel marahin customer nyaa padahal tinggal nunggu aja bntar geh marah,neutral
mobilisasi jadi sangat mudah nice,positive
tahu kalo customer beri rating sm driver ratingnya bisa lihat aplikasi buat gak fair selalu beri rating utk driver apa kondisi lama ga bahaya nyawa akhir ini saya susah dapat driver rating sy jelek dasar apa driver kasih rating saya jelek karena tidak ngasih tip tidak suka ajak ngobrol apa,negative
sngat tani jaga malam,positive
syaa kesal driver yg sy pesan buat sya tunggu slama kurang lebih menit sya cht tidal balas sy tlpn angkat tpi sy ttp sbar mnunggu sih pihak driver merespon pdhl awal yg dri mnit jadi mnit tpi kmbli lebih lama mnit kesal krn sy bru pulang kerja malam hari tanda nama drivernya agus antoni kristian marpaung msi sy simpan ss muka nya dn sy tanda pdhl sy cht centang loh apa slhnya klau drri awal gak ush terima lah,negative
moga sukses,positive
tambahin dong promo nya,positive
guna gojek semua tau langgan setia gojek gojek skrg knpa sistem nya bobrok dpt driver jauh trus bikin order dekat kilo paling jauh driver bisa kilo lebih pakai gojek brph bayar benerin sistem yg bener kasihan driver jauh ambil nya cuma dpt k saya bayar k nyata kejam ya sama driver aplikator klo gin mending tetangga belah naik nya ga tega lihat driver gojek siksa sama aplikator terima kasih,negative
agak ga suka gabisa batalin gopay pluss emosi asli rugi bukan untung,negative
ad tagih google play yg ga masuk akal,negative
baguss cuman kadang driver nyebelin songong plengeran perhatiin kalo driver kaya gtu biar langsung di pecat ajaaa okeem cuman lebih okee lah,positive
selalu driver yg baik,positive
aplikasi susah buka,negative
order go food buang waktu krn drivernya banyak yg males ambil order sengaja ngulur waktu dicancel sistem konsumen klo ngga paksa baik jangan pakai layan go food beli sendiri aja resto,negative
lama gak suka sm apk gojek buruk bgt,negative
bagai costume gojek law pesan gorede drever jauh jauh kadang minta cancel jadi pesan maxsim jah lebih dekat drever ny para guna aplikasi pesan maxsim lebih dekat drever,negative
cepet mudah d guna kan,positive
aplikasi baik moga promonya gak putus,positive
kecewa dgn aplikasi gojek suruh upgrade paylater tdnya saldo jt pas upgrade malah trun jd rb mah nama bohong publik lbh tingkat lg saldo padahal tdk pernah bayar telat lumayan klo buat bli food bayar ojek motor buat pergi plng kerja n buat jalan,positive
oke jambreee,positive
bagus guna sering dapet voucher diskon eaaa,positive
beberapa kali order gofood selalu susah driver padahal banyak driver sekitar gabisa langsung dibatalin karna estimasi waktu tunggu lama banget kadang restonya udah tutup mohon tinjau ulang baik sistem karna rugi customer rugi jual,negative
lama banget nunggu nya,neutral
kurang responsif sering kali error,negative
bagus cepat,positive
parah dapet driver jauh terus gilir dapet deket posisi ga gerak hilang ga lacak promo murah ga dipake susah dapet drivernya,negative
jemput tepat waktu,positive
mes untuk tunggu lebih menit dibatalakan driver,neutral
jalan lebih gampang,positive
most of drivee gojek really have bad attitude,negative
sering dapet driver jauh padahal deket rumah banyak driver nunggu oderan malah beri driver nya jauh banget jadi siang baik lagi sistem nya,negative
kok kerja nya tambah buruk sen makan jarak restoran di tempuh jalan kaki menit masa pakai gojek nunggu jam baru antar servicenya buruk driver baru jam kemudian ini cara aplikator buat driver jadi telat terus memang masalah tulis aja tepat waktu jam bilang tepat waktu pilih kalau jam lalu ada batal batal denda lebih baik maaf kalau kasar,negative
gojek keren is the best layan cepat akurat mantap gojek,positive
gojek sekarang lot driver ga jalan nyampenya lama ga sesuai estimasi,negative
saran jgn terlalu sering utk minta up date aplikasi pdhl br bbrp minggu kemaren br up date,positive
driver salah antar makan jadi rugi,negative
moga makin byk diskon biar ga alih k aplikasi,positive
aman nyaman drivernya kalem,positive
good best driver,positive
terima kasih,positive
mudah bgttt,positive
bagus puas atas layan nya,positive
manfaat kami umum masyarakat,positive
nggak harga kayak maxsi,positive
more good services more excellent,positive
sangat bantu hampir segala,positive
gofood yg sangat lama,negative
suka layan,positive
tentu rute sering sesuai,positive
sangat bagus saya,positive
bagus banget cari antar cepet,positive
mantap,positive
bagus mudah orang ingin pergi,positive
lebih oke belah,positive
gopay pinjam di tuju padahal bayar lancar,negative
tanya driver dapet argo wow besar sekali untung gojek,positive
efisien waktu,positive
bantu sekali lagi mager,positive
bagos,positive
akhir kenapa sering bgt dibatalin sistem si kalo sen tuh jam sen doang bom nunggu anter dibatalin terus gatau sistem eror apa padahal udah dapt driver udah dijmput udah nunggu lama dibatalin info gajelas bgt,negative
bagus aja lah btw tim furabbb,positive
aplikasi bisa buka login padahal bbrp kali uninstal lalu pasang trs hapus chace trs internet tp tetap bisa buka harus gmn ya,positive
manttaabb,positive
jauh ok,positive
aplikasi sangat bantu tolong update telfon chat driver kadang ga masuk notif klo keluar apk,positive
sakit nya selalu sama dr dulu mesen tuju alamat guna selalu ubah ubah sendiri mau ga ubah selalu aja si error nya ga baik,negative
driver nya manja banget masa ga terima pake gocar hemat minta uang tambah klo ga kasih mulut nya lemes mojokin tumpang,negative
aplikasi parah bulan maret hingga sekarang aplikasi gojek bisa buka mau pilih pesan motor langsung pental keluar,negative
mahall bgtt plssss,negative
mantap terima kasih banyak,positive
ws gojek pokok e mantap tenan dah,positive
klo sen makan aplikasi gojek liat menu makan minum harga sekian tpi ongkirnya lebih harga sen menu gokil mahal ongkirnya banding sen,negative
klaim celaka nya tele,negative
oke dah pokoknye,positive
sangat bagus,positive
lama banget dapet driver jadi telat,negative
agung,positive
sekali cacat kordinator ngelamain aplikasi ambil lokasi jemput presisi,negative
cepat hemat nyamaan,positive
cepat driver nya oke,positive
apa janck notifikasi nya telat banget kocakk,neutral
kasi tau driver kalo gak niat ambil tumpang gausah ambil udah nunggu lama malah tiba tiba cancel mending kalo ad omong di chat diem aja,negative
kasih diskon dong,positive
apa sih aplikasi udah x gw ngisi saldo gopay tiba tiba saldo gw langsung hilang gw minta ke pihak aplikasi gojek segera baik aplikasi nyah biar saldo kagak hilang sama sekali bukan nyah gw tadi udah isi saldo x terus gilir gw mau mesen gojek saldo gw tiba tiba hilang kan gw kagak bakal pakai gojek kalau selesai baik gojek,negative
apk guna kala hujan apus aja tu gocar,negative
asyik senang,positive
kalau nyari yg harga nya murah slalu ngelag lama gak sampai menit gagal gilir yg mahal cpet banget jadi apa guna apk pilih yg murah klo gak di pkai,negative
udah lama nunggu drivernya gak terima padahal sekitar banyak gojek yang lewat,negative
makin sering dipake makin mahal makin susah dapet driver,negative
ain harga murah malah gada yg ambil padahal sama aja uang gmna sih driver teh klo ganiat kerja gausah,negative
mudah mau aja apa lg q yg g bs baca google jd dg ada aplikasi gojek sgt bantu,positive
sippppppppp bgt,positive
mantap jauh aman alhamdulillah,positive
sangat bantu transportasi online,positive
baik layan ga tunggu lama langsung ger cep oke poko siiiiip,positive
klu kuliner kurang lengkap menu nya,positive
ongkir mahal,neutral
udah nungguin makan jam gk tau nya gk dapet dapet driver suruh nganggur aja tu driver klian klo males kerja,negative
apk gue uninstal kecewa banget udah sering banget kecewa resto udah tutup masih nerima pesan drivernya tiba resto resto udah tutup inform lu ngerugiin gue driver bangke,negative
mantap pokok,positive
dong customer buat review resto pakai gmbr kyk belah biar gk cuma tulis biar bukti real gitu sekali buat customer jg liat ratting pribadi yg kasih driver jgn cuma pihak driver yg liat makasih,positive
oke banget pokok,positive
gimana mesan gofood jam sampe jam setenga tau batal dapat driver,negative
sih driver deket gak nerima order nungguin lama banget gak yang nerima sama sekali,negative
terlalu banyak driver skem,negative
good job gojek,positive
oke mantab,positive
gofoodnya ga ngotak bgt biaya tangan gojek gocar,negative
aman,positive
sangat bantu antar jemput anak,positive
cepat nyaman aman,positive
sesuai butuh masyarakat top bgt,positive
cuma gopay later ga di pakai,positive
sedikit heran layan gojek dapat komplain salah satu driver kata kalo rating akun gojek padahal kali order gojek driver nya selalu kasih tip jalan tip nya bukan harga kecil selalu atas ribu itu pesan driver saat pesan gofood malah bilang rating saya,negative
sangat bantu mudah cepat respon,positive
driver sangat ramah nyaman dlm kendara,positive
sangat bantu utk transportasi cepat murah,positive
aku yg buru ngejar wkt selamat sm bpk drivernya pokok the best lah mksh y pak,positive
alhamdulillah aman layan baik,positive
gausah sok asik,negative
senang seklai,positive
aplikasi sangat lahh nyaman kalau genting,positive
driver nya ramah tidak ngebut ngebut,positive
aplikasi sangat bantu dan layan baik sekali,positive
min saya bisa update,negative
sangat bantu,positive
slalu saat butuh huahahahahah,positive
lebih nyaman aman,positive
ada goride hemat rasa malah siksa driver kasi drivernya cm dapet rp doang,negative
udah gada gojek hemat,neutral
bayar lunas malah gak tarik dana aplikasi tolol,negative
makin jelek layan nya nunggu hampir jam ga yg ngambil order padahal jarak ga terlalu jauh,negative
kali saya keluh driver gocar kata potong nya tinggi trus yg akhir saya siminta openin kata sya gk ngerti maksud tau udah sampe tuju suruh batalin trus duit nya suruh transfer rek driver arti gk mau pake aplikasi timbang sejahtera driver biar gk curang ngeluh mulu,positive
good aolikasi,positive
bagus bangett banyak in diskon nya dong,positive
cs lama balas tulis transaksi batal refund tp saldo ubah cs bilang gabisa refund karna transaksi asal dr akun sila cek riwayat pdhl riwayat tera refund saldo kembali,negative
bapak gojek baik sekali sholeh moga rezeki makin limpah berkah aamiin rabbal alamin,positive
super muantap,positive
mantap sihh manfaat banget terimakasih,positive
maaf kasih b wakil driver yg kalian tindas dng segala bijak yg untung usaha duli driver terimakasih,negative
sulit lapor masalah aplikasi cs karna beri pilih untuk kasus baru yg ada pilih bisa lapor karna bisa etik lapor masalah adalah sen gocar arah trek lewat tol lebih jauh ongkos yg bayar hampir kali lipat harus ketika antar drivernya antar saya lewat jalur non tol karna memang lebih dekat lewat non tol depan beri opsi jalur,neutral
mohon tambah fitur lokasi ketik manual dulu jadi karna salah posisi sedikit terhs bisa ketik manual driver marah marah karna jalan lebih jauh paksa minta tip padahal sudah benar pasang titik,positive
not bad,positive
the besst,positive
is oke,positive
good experience,positive
aplikasi sanggat parah argo makin ancur drever d siksa penting aplikator tiapa ganti pimpin aplikasi bukan tambah bener malah kacau,negative
layan baik sangat bantu,positive
kode pin paket gosen bikin ribet kalo langgan ngak di hubungin bikin ribet driver males bngt jadi,neutral
sekarang dpt driver utama order gosend susah bgt mungkin tarif apa mau pake reguler promo sama susah ga dulu skrg gojek,negative
topup d potong parah dah lah makin mahal makin lambat lg saat alih,negative
bantu top up kuota im lewat gopay masuk masuk sekarang,negative
hari tanggal d aplikasi gojek ongkir gofood ada yg biasa ada yg cepat rp an harga tingkat hampir seperti harga makan knp ada ongkir yg biasa bs klik harus klik yg onkir cepat padahal jarak dekat,positive
entar entar update,positive
mantab,positive
aplikasi error bisa mes makan rangin jambi,negative
expensive and this app always make me late,negative
tdk bs diinstal,negative
bagus sangat batu sekali moga makin sukses,positive
gojek tuh aneh tiap kali ngorder sush lama pasti dapet jauh harus nunggu lama lagi yg dichancel,positive
sih kalo nganterin dekat tuh dripernya gak mau narik alas ngejemput jauh terkadang kecewa sama dripernya tuh di baik tiap aku pesan jarak dekat sopir jarang yang mau alas jauh ngejemputbya,negative
layan cepet,positive
area kota pati tambah dr ver gojek,positive
mau instal,positive
dong buat customer tumpang hormat jangan terlalu sering cancel driver jangan suka iseng kasi driver jadi ngaruh performa kalo mau cancel mending chat dlu alas nya apa,positive
sangat senang sekali,positive
driver gojeg sangat pesona samping experience high class mud grooming harum sekali thanks gojeg,positive
driver lu noh makin lama makin susah buat dpt driver,negative
masa dpt diskon smpe mnt an g dpt dpt gojekny ga pke diskon smpe an pdhl dkt yg bnr aj,negative
diskon nya banyak thank you gojek,positive
lot,negative
dapet gojek lama abis,neutral
dapet drivernya lama,neutral
sangat butuh simple praktis,positive
layan oke,positive
puaaasss,positive
bagus pelayananya,positive
sy trimakasi sangat batu perjlnan,positive
terimakasih,positive
makin ga jelas costemer gojekek makin kesini orang dan orang robot jawab nya kaya orang gila selai masalah sulit,negative
terlalu lama dapat driver,positive
kok bisa terima teanferan bank ya pdahal sukses saldo potong tp gak ke gopay ku,negative
mau pesan gofood selalu susah driver sekarang lama banget,negative
promonya hoax,negative
gojek mahal,negative
kecewa pinjam aja gak pernah acc uninstall seperti gak percaya kunsumen lama butut,negative
ldr support system terimakasih gojek,positive
baik lah pokok,positive
saran gojek buat fitur khusus sandang disabilitas driver bisa bahasa isyarat mobil muat kursi roda saya orang tua milik anak remaja tunawicara guna kursi roda lihat anak aktivitas normal remaja,neutral
mantab murah riah praktis,positive
semangat juang rupiah mantap lah pokok,positive
baik,positive
layan baik meski bbrp driver layan kurang baik,positive
cari driver lama,positive
jelek bgt gk chat gk tlp tiba dpt notif drive dah nyampe padahal blm,negative
banyak promo nyaaa,positive
kapan pun sangat bantu,positive
tepat waktu,positive
bagus aplikasinye tp sayang sistem makin hari makin gajelas driver yg jauh suruh ngambil driver yg deket gamau ambil,positive
sy hampir hr gojek semua baik rama,positive
cara kerja bagus banyak promonya jadi gampang cepat kalau mau sen apa juga jadi gampang,positive
aplikasi nya sat set ga pake lama,positive
bagus,positive
map bagus akurat mantap,positive
driver banyak sekitar an ga dapat tiap pesan begini batal malah tawar naik ongkos ongkos masuk drivernya tetap sama ga ikut naik,negative
orang aplikasi kirim barang kok hide nomor drivernya nomor customer jg hide driver gmn mau komunikasi sulit,negative
mntp,positive
lama guna aman aja,positive
layan nya mantep,positive
dompet gopay tiba tiba kunci padahal tidak laku transaksi yg curiga sudah minta bantu tidak solusi saldo tahan dompet,negative
selalu bantu ada darurat,positive
aplikasi error mulu beggoo,negative
sngtt baguss,positive
kemudi nya banyak kalau nyetir ugal ugalan loh bawa tumpang bukan barang apa milih harga murah trus laku itu,neutral
kek mana baru download mau daftar aja kaga ada kendala teknis mulu,neutral
mesan gofood makin susah dpt driver waktu tunggu smakin lama udh gtu promo potong hrga gofood skg makin sdkit dn potong ongkir cuma rebu mending alih aplikasi sbelah aja,negative
bayar gojek plus driver baik mobil motor banyak cancel pesan alas kurang argo gimana sih,negative
ga driver,negative
cepet bgt service nya bagus go go gojek,positive
trimakasih,positive
milik harga murah,positive
cepat,positive
ceoat tepat murah terus inovasi,positive
pesan makan x nggk driver yg mau unistal langsung dwonload grab mantul grab sekrg jdi langgan beli makan hehhe,negative
mantap banyak promonya,positive
pergi yg aman nyaman,positive
sangat jelek,negative
makin kesini driver nya minim layan kasar gak etika nya bidang layan jadi kecewa gak mau pakai kasihan gara gara orang semua jadi dampak buruk,negative
sangat manfaat cepat,positive
sangat bantu antar tempat tuju dgn aman selamat,positive
layan nya bagus,positive
bagus aplikasi gampang guna,positive
layan cepat ramah,positive
keren banyak promo murah,positive
cepat gercep,positive
ya kalo jauh jatuh tempo tanggal mei jangan nanggih tanggal april bikin ngga nyaman aja padahal rutin bayar tiap bulan nya,negative
ken uninstall sejak order grup gofood diskon cm diskon grup doang diskon promo ga sama sekali ada nambah gede biaya emas biaya jasa biaya laennya,negative
gofood good nice,positive
gojek sekarang susah yaa cari driver nya bener yg kata orang driver sebenernya banyak cuman yg diutamain dapet langgan driver yg bayar plus kasi abang gojek,neutral
nyari driver lama banget menit cuman buat nyari driver udah pakai gojek reguler bahkan comfort ttp aja lama nyarinya dulu sekalipun jam sibuk gampang dpt driver mending alih ojek pangkal aja kalo gin kasih tau nih kemarin selasa april lrt harjamukti banyak yg alih ojek pangkal sama aplikasi taksi kalo gojek ttp gin tinggal tunggu aja usaha kolaps,negative
aman kendara,positive
moga lebih murah,neutral
jemput,positive
mantap deh pokok,positive
kasih dulu kalo nyaman tambah,neutral
sangat bantu proses kirim barang,positive
ya gojek kalo beres ujan susah banget pdhl banyak loh sekitar kes ga mau ambil tumpang gilir yg harga mahal baru mau ambil,positive
baik sangat bantu,positive
hrsnya makan minum klo beli min rb dpt diskon paling ga sy sering beli makan atas rb jadi berat lagi sekali bantu umkm dua hrsnya kalo driver ga anter barang lama dicancel dr cust,neutral
lumayan buat perlu dadak jadi praktis,positive
good all in,positive
sekarang dapet drivernya,neutral
waaaaaaaaw,positive
biasa selalu suka cepat gojek cari driver sayang sekarang sekarang banyak driver sudah tunggu lama tpi ga respon bahkan buat tunggu lama salah satu oknum drivernya nama iman juju sering kali dapat tpi ada respon padahal radius dekat buat lambat dapat driver tidak niat si iman juju tolong beri tegur driver tidak siap layan konsumen thx,negative
bagus manfaat,positive
salam satu aspal,positive
pesan gofood udah jam gak dapet driver ada kompensasi sama sekali pihak gojek padahal jelas telat lebih jam,negative
banyak update koin dikit,negative
waw harga sering naik turun untuk ongkirnya trus games gojek nya loading lama bangetttt padahal biasa enggak wifi lancar internet,neutral
gofood gak pernh vocer pun cuma sekali sisa mahal terus jadi cek langsung hapus,negative
aku udah pake lama aba pada ramah ramah,positive
cs nya ga sopan gabisa nyelesain masalah,negative
apa sangkuta nya frame ikiyi go jek,neutral
apk supert lengkap dna banyak promonya,positive
sangat muda,positive
cepat amanah,positive
driver ny jujur,positive
sumpah jelek bener sekarang order makan hampir jam gak dapat driver nya kecewa,negative
aplikasi bangsatt,negative
aplikasi gak ribet sat set,positive
nyaman banget pake gojek,positive
tapi kadang mes ganti kali baru,positive
driver enak batal pesan sekali driver ngantar makan telat ambil dah nilai buruk tiba driver nya yg gonta ganti gimana udah driver malah dibatalin beganti driver dibatalin ujung benar kamu batal pesan kita bukan nunggu sebentar lama banget driver sekali dapat malah ga dikelarin ciptain sistem yg adil dong om gojek khusus kami costumer guna baru,negative
muas,positive
notifikasi gangguuuuuuuuuhhyu,negative
mantul,positive
aman nyaman tepat waktu,positive
bagus suka,positive
benar bbrp driver yg buat kecewa klw uda nunggu lama ni tiba d bilang cancel d stu but palak krn ngak awal jd cari yg aja sih tp wlpun gtu tp ttp lbh banyak yg baik saran aq sih ttp d baik klw layan sempurna knpa ngak iya kan klw bagus layan jgn bintang tips aja rasa custumer itu ngak rugi kasih tp klw driver nya perlu jg d edukasi bagaimana sikap rmah tamah g bau g jorok beranta,positive
di baik entah rating driver gimana kurang tahu sering sekali kasih driver bintang hari ngebuat sulit driver padahal ga hujan apa lebih jam nunggu sempatin off nunggu beberapa jam ira mungkin cuaca belum hujan telah hujan sudah reda sudah hujan justru saya tetep tidak dapat driver pulang bagaimana admin gojek,negative
one stop super apps yg ngelonin parah bikin malas tambah malas,positive
harus opsi batal beli pesan terlalu lama,negative
aplikasi sangat bantu butuh hari,positive
bintang satu bgt pdhl posisi mau hujan tp gada yg ngambil order uda beberapa kali coba pas nerima ga gerak sama sekali sampe menit alhasil cancel coba order gada yang nerima padahal posisi deket posisi,negative
pacar nyasar kamu,negative
verri good,positive
makin kesini makin ga jelas driver sulit padahal ga ujan argo makin mahal,negative
baru pertama kali mesan gofood nyata mudah,positive
driver banyak nolak prioritas chat ada respon,negative
beli makan susah dapet driver bukan sekali kali bener bikin nunggu jam lebihh,negative
drivernya malas semua ada mau ambil sen utama sudah maghrib,negative
okay,positive
cepat antar tepat waktu,positive
aplikasi tolo,negative
aplikasi sangat bagus sekali,positive
sriuz dah klo ujan d kritik ny buat yg hemat susah nyantol driver nya,negative
beri lima dukung juang diri sendiri pun keluarga,positive
alhamdulillah mantaaapp andal,positive
layan oke,positive
aplikasi sangat lambat driver paksa ikut daftar program aplikasi buat apa,negative
baguss,positive
lama bener dapet mud klo ujan burik,negative
baik drivernya ramah,positive
good sekali,positive
gojek mantab,positive
bagus banget aplikasi aku lengkap terus catat keluar aku rekomen bgt buat kalian,positive
gua tiidak login akun gua gua hapus apknya dapat saldo gua kalo apknya bakal ngerampok mah gua kaga bakal naro duit situ gua udah kegitu min bom di tanggalin udah tiga hari,negative
aplikasi orang malas keluar sayaa heheh,positive
mudah aktivitas jauh hari hari jemput sekolah,positive
dong kalo daftar go mart dimudahin masa beli rokok aja ribet ke web pdahal udh aplikasi juga barang selalu batas go mart sering baylnyak kosong thanks,neutral
cuma kadang kadang susah nyarinya krn kurang personilnya,positive
banyak diskon,positive
layan sangat baik,positive
alhamdulillah semenjak aplikasi gojek sgla kbutuhan ku dlm prjlanan jdi lbh mudah dn selalu aman trimakasih gojek d driver yg ku trima selalu baik,positive
bauk mantab,positive
suka belanja gofood promo nya kurang tarik,positive
gofood lama banget proses mesan makan susah driver,negative
lama ok,positive
nomor lama mati telat isi pulsa wa nomor lama tarkait gojek bos email nya hilang tidak login email dapat kan otp login saya baru kirim uang nomor lama rp apa ada solusi min saya login,neutral
keren,positive
keren level dewa,positive
banyak sekali driver nerima order abis complain jauh minta d batalin dah makin gilak rasa,neutral
biaya tangan gofood gak ngotak belanja k biaya tangan k kena biaya ongkir lain,neutral
kalo ngasih order yg bener jek masa jarak pickup km yg bener aja nganter km,negative
turut hancur banget kecewa banget parah padahal niat guna voucher promo diskon hingga rp aplikasi padahal ingin guna promo diskon gopay rp terus an buat lapor sekarang tanggap benar kecewa banget masa gak kembali dana walaupun tidak sengaja padahal juga jadi salah teknis ayolahh gojek indonesia bantu lah hanya salah teknis,negative
aplikasi gila daftar gak harus nunggu jam,negative
mantap sekali kaka,positive
respon komplain langgan sangat lambat tidak informasi jelas,negative
gampang dapetnya sih tolong metode bayar nya tambahin qris kalo soal aku ga pke gopay jarang pegang cash ka gpke m banking jg,neutral
cepat aman tele tele,positive
jozzzzzz,positive
josss,positive
semenjak pegang grab sistem jadi hancur aplikasi sering bug keluar tiba dapet driver jauh sen makan lama drivernya ancur sekarang sebab utama grab mungkin mau dihancurin pelan lewat sistem busuk dalam sama grab jangan salahin sistem yg sekarang harus salahinn grab yg jelas rusak dari dalam,positive
menit nyari pickup baju aja gak yang ngambil iya rush hour itu gojek pagi banyak ngapain ngebit kalau gak mau ngambil,negative
driver ramah komunikatif,positive
gaskeun,positive
alhamdulillah lancar,positive
sangat muas perlu,positive
update buka menu dahsboard utama susah banget mau pesan aja nunggu lebih dua menit baru buka,negative
percuma kasih rating kalo gak baca keluh konsumen daerah daerah mitra pake bentor kasih opsi selain motor bentor lama datang org org udah pepet jam masuk kerja,neutral
pokok mantap deh,positive
orang baik,positive
tepat waktu keren,positive
palagoda apa lo cari gojeg,positive
terimakasih bantu mudah transportasi,positive
pedas,positive
cukup bantu,positive
sekarang susah banget cari driver sering cancel,negative
apk sial gw nyari tadi cancel mulu,positive
gajelas ni makin ksini kasih tau tinggal berapa menit sedang jalan jauh chat delay bgt ngirimny padahal jaring bagus juga relog terus tiap mau liat driver jalan apa kalau ga relog ga kliatan jalan chat driverny bilang jalan kok di map ga jalan jalan,neutral
gojek murah,positive
lancar aman,positive
mudah fahamai banyak pilih bantu dlm perlu,positive
skrg pilih go ride hemat udah ga padahal sangat bantu anak sekolah yg uang saku minim moga nanntinya ada go ride hemat,positive
buat apa gojek hemat kalo pas mau dipake susah dapet driver,negative
aku isi pulsa aja gak sampe isi x nyata saldo kubketarik kuota gak masuk,negative
kok pake mode booking cepat malah yg dapet jauh banget yg deket deket ga yg mau ambil,negative
sangat bantu jalan sangat cepat memilh rute,positive
driver susah dapat bikin waktu buang padahal urgent,negative
banget,positive
parah ko ya sen makan sendiri,negative
benerin ege server nya lag mulu,negative
dulu harga gojek saing dgn apk loh murah skg wow udah paling mahal antara apk lain,negative
top up gopay gamasuk masuk nunggu hari dulu aneh nih apps,negative
isi saldo gopay kali top up gak masuk masuk top up karna lapar,negative
awal guna aplikasi sangat lancar lama lama bikin emosi waktu sya luar kota sen goride gocar pd mlm hari krna kerja sering pulang mlm klu luar kota sangat sulit dapat driver kadang driver aneh posisi dekat trs tiba posisi jauh driver ada info seperti driver gak mau cancel tapi cancel cara jauh biar langgan yg cancel mnurut sya tidak baik krna nnti yg kena langgan nya krna sering cancel pdahal sya gak suka cancel,positive
sering gak dpt driver malam hari,negative
dapat login aplikasi gojek walaupun klik lupa pin email cs tidak dapat solusi di aplikasi gojek saldo gopay nya mohon bantu mudah ubah pin guna link lalu email kode otp lalu wa sms,negative
fitur cari drivernya baik dari tadi sen gofood cari drivernya sampe jam ga terus,negative
idih idih kapitalisss ikut an copy paste sistem double order app belah padahal customer bayar ongkir makan hangat jadi dingin gara rakus kalian nyari margin gede gada otak driver rugi harus bentrok sabar hadap customer cuma tarif order yg delusi gaji digit orang kantor kek kalian yg g itu saham goto otw gocapppp delisting bursa efek gojek karya anak bangsa otw gulung tikar,negative
iklan sama realitanya beda kata gojek plus bikin makin murah hemat nyata tetap sama aja tuh gak ubah signifikan harga mana banyak banget tentu harus penuh pake promonya kapok deh langgan gojek plus nya,negative
tingkat terus layan baik,positive
knp mau login scan muka ktika scan malah bisa jelas tambah driver sangat susah cari pesan makan tunggu driver jam tdk driver pesan batal bgimana lama tunggu driver sj,negative
bagus sih layan nya hp dlu pernah teror telpon nin driver padahal ga beli apa uda minggu an jam nya kalo gak jam subuh jam malem alhamdulilah sekarang udah engga di hp yg dlu di hapus,neutral
murahhhh polllllllllll,positive
salamsatuaspal gojek baik,positive
good service,positive
buluk banget qr scanner nya susah ngebaca qris qr nya aneh banget,negative
aplikasi ter tolollll,negative
makin kesini knpa makin buruk aplikasi selalu dpat driver yg jauh pada hujan jam sibuk susah dpt driver kalau dpt jauh ujung cancel jadi bikin telat masuk kerja makin parah layan driver susah dpt sekali dpt jauh bgt udah tengah jalan d cancel kadang udah dpt d cancel driver,negative
aplikasi gojek oke banget sangat bantu kalo banyak promo xixi,positive
bagus bagus,neutral
sangatt bantu terimakasih,positive
makin lama makin mahal ongkirnya,neutral
aku dah langgan promo hemat bulan ga hemat nya malah lebih hemat yg ga pake promo kocak gojek ni,positive
alhamdulillah driver nya ramah,positive
baik bantu,positive
suka telat gofoodnya,positive
kalo nerima driver attitude nya liat jgn manusia sok preman jadiin driver langgan resto rasa harga karna driver kurang attitude nya bagai alesan karna jauh lah ambil nya karna kejar target suka cancel oderan ken nya datang langsung ambil benah buat orang di kantor gojek buat driver di lapang nya,negative
jossssss,positive
mantap banget apk iniii,positive
lucu dia punya fitur kirim prioritas yg bilang bakal dpt voc kirim melwati batas waktu jelas jelas kirim maks pkl makan pkl komplain sistem kata sesuai cuih,negative
jele bgt driver nya sekarang sen prioritas cari cepat jam nyampe jam sekali nya dapet ga konfirm ga gerak nyampe ganti sendiri drivernya gitu attitude nya jelek bgt cuma beberapa aja yg bagus juga cuma sedikit,negative
alhamdulillah nyaman tiba udh kluar tol mksh,positive
enak,positive
go food paling parah pesan jam hujan henti eh notif app nya driver jam apa nih nyesel banget gue app utk pesan makan sekarang akan pakai go food go food gue coret hp gue dah apes banget mana udah laper padahal jarak toko nya km doang ada mutu lo sekarang go food,negative
gasuka sama gojek sekarang masa beres hujan gada mau pickup udah lama bgt tunggu udu berapa kali driver kaya gin mohon regulasi diperbaikii,negative
toooopppppp markotoppp,positive
baik bgt,positive
driver ga perlu uang apa gimana sih waktu hujan ngeselin bangat gaada nerima juga hujan gin bayar loh ga minta dianterin gratis gimana sih sop nya apa emang driver nya pilih kalau order,negative
asal kasih bintang blakangan susah banget order gojek aplikasi muter padahal sinyal bagus kemudi pantau di tapi ga ngambil order skalinya dapet dicancel sama driver driver minta cancel aku paksa cancel karna driver ga gerak jauh hadeuhhhh smoga lebih baik biar revisi bintang bhay,negative
pusing liat driver gofood batalin terus,neutral
pake aplikasi gojek semua jd serba cepet,positive
aplikasi taeee iki sen es teh rb,negative
gercep,positive
tanggap lama sering telat sekolah padahal booking jam kurang belum sampe jam set sering batalin aplikasi kata driver sibuk padahal pake prioritas tetep gitu,neutral
mantap keren gojek,positive
mantaaaaaaap,positive
tida kendala apa aman kendali,positive
kalau mendung error lama bangeet cari nya kagak dapet pd blm hujan,neutral
topp,positive
buat suspend lah misal lama masa saya melulu mencet batal blm pihak gojek sengaja saya mencet batal lebih mahal harus sesuai apk lah harga masa mencet batal batal lama lama jadi mahal,negative
mantap lanjut,positive
layan nya bagus,positive
sekarang ongkir gojek mahal,positive
mudah cari transportasi,positive
mantap biar hujan deras tetap mau jemput,positive
oi gojek order reguler instan jngn lu gabungin multi banyak seler langgan yg ngeluh ini customer terima barang harus paling lambat jam barang ini lebih jam baru mau kapan kaya gin,negative
lama bgt nyari pengemudinyaa,negative
percuma pake goplus tetep aja ga konsisten harga,negative
terima kasih go jek seluruh guna sangat bantu saat ada desak moga semua kerja guna aplikasi selalu beri lancar rezeki berkah tetap semangat,positive
sangatt bantu ada apk,positive
baru aja downlod ko udah eror,neutral
sulit banget yg mau jemput jauh kota uninstal aja,positive
gopay pinjam tiba cair sendiri tuju,negative
good gojek,positive
bagus selalu tepat waktu,positive
percaya ramah,positive
gojek mantap,positive
mantap sekali gojek indonesia baik memang di click,positive
aplikasi lot bisa buka load system nya lama,negative
senang pesan sini,positive
layan adu cs buruk sangat masuk akal sen makan kurang komplain padahal lapor jelas foto jelas bilang sesuai syarat n tentu gojek malah suruh minta langsung resto kan gila sen via aplikasi gilir mslh pihak gojek lepas tangan management gojek cek team cs nya jngn cm mkn gaji buta bls lapor hari chat both sangat bantu beli pake uang rasa rugi bubarin team cs,negative
layan nya,positive
aplikasi bagus jauh tidak kendala saya fitur chat baik masa chat masuk saat di buka room chatnya isi kosong terimakasih,positive
mau jadi sangat mudah aplikasi udah banyak fiturnya sekarang guna sangat mudah bahkan tetap buka walaupun ada internetnya terimakasih,positive
migrasi maxim buat susah dapet driver aplikasi udah mahal error mulu lot mahalllllllll,negative
apik nan,positive
siipp,positive
menang aplikasi banyak driver cancel pihak detik customer jemput pihak akibat customer bisa temu riwayat order reimburse kantor,negative
makin jaya,positive
kalau pesan gofood selalu telat nganter makan nunggu jam mau batalin ngga keburu kelaperan,negative
manfaat rantau buat mudik,positive
customer order fiktif nama sama nama beda beda pernah blokir minimal daftar pakai ktp aja kasi liat berita order fiktir drivernya tunarungu miris liat nya,negative
driver nya sabar,positive
gasuka cape banget kalo nyari pagi pagi susah banget dapetnya gojek nya suka lama jauh jauh suka cancel marah marah tolomg please aku jadi stress pagi nyari gojek aku mau gojek waktu ga sombong,negative
cuma gojek yg bs bikin nyaman slmt samp tuju,positive
responsif,positive
goride hemat nya sangat bantu terimakasih,positive
gojek,positive
percaya cepat ramah drivernya aplikasi mudah,positive
sangat bantu aktifitas hari hari,positive
apk gembel nunggu lama tiba tiba cancel upgrade your driver gojek ga kaya dulu,negative
aga ribet,negative
plis kalo go ride hemat susah cari driver nya heran kesel jadi siang terus kerja,negative
gojek tepat waktu sangat bantu orang yg butuh cepat,positive
cepat praktis,positive
andal utk tranportasi umum seluruh indonesia,positive
makin hari makin gak jelas pesan gofood express gak pernah tepat waktu selalu telat padahal ongkir express sama yg biasa lumayan jauh,negative
sering banget susah dapet driver bahkan selalu ga dapet padahal udah lama banget nungguin pake biasa hemat ga beda sayang apk lihat driver di sekitar titik banyak ga satu nerima,negative
aplikasi peras pihak gojek ambil duit banyak nya cust n driver pdhl gk pernah sediakn kendara,negative
lama guna aplikasi sy cukup puas sy sangat suka apabila lebih banyak lg promonya,positive
mudahin semua sering sering adain voucher biar makin betah,positive
dulu guna gojek sekarang tetap baik,positive
kecewa karna gak solusi sompet kunci sdh bulan sdh hub cs via gmail terus dri lapor apk nya gak solusi saldo sya gak visa apa in,negative
tahan tingkat kasih diskon lebih banyak,positive
sangat bantu jalan,positive
bgus banget drivernya ramah ramah,positive
layan gojek sekarang ga baik belum,neutral
aplikasi yg siksa drivernya udah km nya harga fi turunin biyaya layan naik driver dapet hikmah parahhh gojekkk gojekkk kmren sen online iseng nanya driver bagai kastamer bayar driver cuma terima parahh gojek gojekkk,negative
sangat bantu sekali aplikasi gojek semua sangat mudah akses,positive
banyak driver mutu,positive
mantap deivernya,positive
tahun pake klo aplikasi mah okeh oknum yg suka ajah ku kata kasar,positive
sangat andal,positive
mau pakai hemat mau pakai goride sama aja nunggu nya lama tolak hahaha,negative
susah dapet driver go food x jam ga dapet,negative
udh nungguin jam malah gadapet driver emang duit balik kan waktu yg gabisa dibalikin tau gitu mending kesana sendiri order gajelas gofud,negative
mudah hemat,positive
keren aj aplikasi tingkatin diskon banyakin promonya naikin,positive
cepat nang,positive
terimakasih gofood bantu kala gak keluar rumah cuma promonya gencar dong,positive
tepat waktu senang,positive
sistem tambah parahh pesan gofood suruh nunggu cari driver sampe jam an emang bobrok sistem pesan pakai express sama aja ngga konsisten customer kecewa,negative
aplikasi apa udah langgan lama pakai tpi tambah mahal buka kasih promo yg kata promo aneh mosok gofood ogkir norak banget aplikasi apa diskon persen tpi ogkir diskon apa jeleklicik makin berlggann makin naik hargapreeeeeeetttt,negative
cari driver lama beberapa kali ulang cari driver tetap lama sekali malah jadi double ojek datang bener bener aneh ngeselin,negative
sekarang sulit dapat driver dicancel mulu,negative
terlalu lama nunggu drever parah gojek,neutral
sekarang kalo order gofood wajib premium cepat opsi murah ga di klik padahal nyampenya aja telat ga sesuai estimasi waktu,negative
ok,positive
customer gabisa batal mesan gofood ga dapet dapet driver buat ambil pesan baru batal jam mesan kan buang buang waktu nunggu jam buat pasti dapet driver engga harus resto jg batalin pesan customer kalo casenya gitu buat atur maksimal berapa menit kek buat dapet driver kalo ga dapet drivee batalin gitu restonya,negative
gesit n ramahj,positive
kadang suka nge bug,positive
pesan makan tulis express reguler pilih express hrg waktu tempuh masa imbang sama reguler harga rb aneh banget jadi males pilih express gak beda orang bayar harga lebih tinggi biar cepat eh malah lama,negative
nunggu tengah jam driver malah minta cancel sendiri gamau cancel imbas jadi susah driver tambah kalo batalin booking sekarang bayar gojek makin sini makin nyusahin driver konsumen,negative
skrg susah bgt dpt driver even gofood or goride semua susahhhhh udh gitu batal mes lama bgt hrs nunggu estimasi waktu yg hampir mnt org gak waktu nunggu lama well krn sering lama bgt dpt driver sering pakai beli express kirain bakal cepet tau sama aja gak ubah,negative
parahhhh kalau hujan dikit driver ngak mau ambil,negative
dari kemarin cancelin terus buang buang waktu pakai gojek sekarang drivernya mau masa kali cancel kalau nga mau kerja udah,negative
ongkir nya mahal,negative
terimakasih kendara kala desak,positive
baik suka ganti lokasi jemput sndri,negative
parah gajelas bukan pertama kali pake gojek entah buat transport food kali dapet update ongkir buat food standar hilang ganti jadi cepat hemat gua pilih hemat jadi super susah dapet driver jam nunggu sampe akhir cancel masa iya jadi paksa buat bayar ribu buat ongkir cepat aneh jarak resto ga sampe km dikenain ongkir k kecewa,negative
sangat bantu bgtt dlm laku jalan pokok puas pakai gojek,positive
bingung belanja gomart aja kalo minimarket udah,positive
senang sekali,positive
ngga tau kalo sen gojek selalu lama terus ga gerak nyata mau cancel,positive
bagus,positive
udah nunggu hampir jam nyata pesan batalin pihak pihak gojek alas gadapat driver suruh pesan telah pesan ganti expres nunggu menit cukup yang akhir pesan pake gojek niat hati pesan dr gojek biar ga tibet malah kaya gin jadi nunggu kali,negative
sekarang susah dapet driver gofood batal terus kalau pesan,negative
kalo udah gak diandelin mending tutup aja nyari driver aja nunggu nya satu abad,negative
sangat prsktis murahh,positive
datang bingung dengaan arah gotransit guna kereta informasi tampil singkat jelas lengkap sedikit,negative
tetap semangat ajah,positive
kasih driver nya rekomendasi map tepat dapat makan waktu,neutral
tiga kali pesan gofood di restonya sering ada notifikasi bahkan restonya uda tutup di gofood tulis restoran sedang siap makan dg sepenuh hati lalu udah nunggu jam endingnya tercancel aneh yg salah apa coba emosi bgt sama gofood yg sekarang,negative
drivernya tengil tengil kalo order murah gamau ambil,negative
exelence,positive
cepat bila lg butuh,positive
akurat cepat,positive
layan terbsik gojek,positive
semua layan di beli pakai uang,positive
aplikasi bantu sekali mes makan,positive
sangat ramah sopan,positive
alam lama sudah tahun sama aplikasi gojek recommend aplikasi mau anter barang pick up atau nge gojek jadi lebih mudah sikap layan juga ramah top deh buat aplikasi joss,positive
baguuss cmn beberapa foto makan minum ada lengkap dong foto biar semua orang tau jenis makan apaa minum apaa gituu kalo misal gk ad kan gk tau yaa apa kan mending tambahin laahh biar semua orang tau gitu loh untuk gin kalo udh benerin baru ku tambah untuk sekarang gk dulu bagus cmn ya gitu lah,positive
bagus jarak dekat mau antar,positive
sukaaa tuh ngasih notifnyaa sukaa bgtt kayak waktu malam sukaa deh lopyu banyak banyakkk,positive
langgan lama buat gojek kadang gojek kalo go ride lambat jmput nya go send go food lama cukup oke bagus layan,positive
semenjak update layan jadi makin buruk utk makan siang harus tunggu jam lebih padahal cuaca hujan terima kasih buat kecewa,negative
mau tanya admin gojek kalo mesen makan medote bayar nya cod ga soal nya ken ngerasain gimana rasa mesen makan nyampe nya cuma menit soal nya ga punya rekening segera balas admin gojek,positive
lama driver cuman buat mau makan aja bikin orang susah,negative
tarif gocar ubah ubah sadis,negative
comment new parah banget aplikasi padahal jarak resto lokasi bawah km ongkirnya ribu kocak kocak emang grab aplikasi lebih baik aplikasi comment buat belum langgan jangan pernah langgan gojek plus meski langgan tetap kena ongkir ribu better grab langgan plus langsung free kocak ni aplikasi kapitalis bgt morotin duit guna nya,negative
mas yg pake apk blo on udh tinggalin ajh si ijo mas bnyk apk belah yg harga jangkau,negative
suka sm gojek cmn ongkir nya kadang suka gede bgt,positive
oke,positive
harga makan nya mahal sekali,negative
trauma pesan gojek offline bandara juanda stasiun pasar turi sya dimimtain pdhal kalau aplikasi pasar turi bandara cuman ribu plat nomor ag vav,negative
go jek sekarang jelek banget udh ma asal nitikin pdhl rumah cuman asal tembakin titik kirim tau ojek nya sdm rendah mana mau lah kerja jauh an udh ma kalo komplen gojek konsumen gada tatak ramah coba tim goto baik masalah apk error terus sekarang,negative
makin kesini driver gojek makin ga jelas pd jual mahal ambil cust d aplikasi kl cust yg batalin kena potong pdhl yg ga mau ambil order pihak driver tlg d baik jgn makin rugi cust,negative
map ngaco,neutral
spinjam ga ramah kasar banget baru telat hari gara lupa terror uda kayak jahat banget makasih uda uninstall,negative
makan enak usah bikin sendiri mahal bintang,positive
saldo gopay beku sejak tahun tidak solusi,positive
laknat maen blokir aja padahal ngak tunggak paylater bunga tinggi tagih ngak adab sok an banget,negative
bagus manfaat,positive
go mart sangat buruk lihat voucer kalian sering hitung ingat kalian lapor bantu uang kalian akan refund shopee,negative
kalo kota nih aplikasi bantu banget,positive
serba sangat bantu sekali buat yg selalu pergi males nyetir sendiri,positive
good job,positive
bagus mantap,positive
great apps great job mantaab cepat layan,positive
bagus praktis bgt cepet dapet,positive
isi gopay saldo isi gopay jadi kembali uang woi,negative
senang sikap driver yg ramah sopan,positive
belum apresiasi driver maaf masuk sering udah order driver terima tunggu lamaaa sekali chat tidak no respon lalu tiba tiba dicancel pihak plis driver saya chat atau nya direspon saya tdk tunggu terlalu lama saya lega hari saya bisa dicancel driver banyak x,positive
susah klo buka apk gojek,positive
aplikasi jelek guna lama transaksi selalu pake gopay mau aju gopay pinjam daro awal daftar selalu tolak cari untung sendiri,negative
aplikasi paling yess sejak awal buka sekarang tak pindah hati meski beberapa kali ganti acount tetap gojek pilih baik,positive
jalan aman lancar,positive
cari driver lama banget mending unisal aja pake apk yg lebih cepet,negative
ga daftar suruh instal ulang mulu,negative
maksdnya apa yaa ngatain saldo gua kurang mau gua bayarin omset lu sini gua tf nomor dana lu mana biar ga kena admin,negative
alhamdulillah driver ramah bersih,positive
drivernya udah manja khusus goride jarak tuju ga nyampe kilo harga k hemat promo menit kaga yang ngambil mending maxim harga murah drama hemat hemat driver gercep datang,negative
makin lama makin ga jelas order tiba tercancel sendiri pes ulang malah double order aku dimarahin driver gojek bukan kalian kalian bilang langsung cancel gimana aku cancelnya jalan udah sampe tuju baru sadar aku buat double sistem kalian kok jadi kesan nyalahin ya,negative
banyak driver malas,negative
suka bingung deh sm sistem udh beberapa menit nunggu gaada satu driver yg ngambil sen tetep aja gabisa dibatalin sebenernya tp ribet banding kan sm aplikasi harus itu dulu baik sistem nya kadang suka ribet gt kalo driver nya jg gamau cancel dgn alas takut ratingnya turun,neutral
apk anehhhh sen makan masaa driverr nyaa gadaa teruss buatt apaa adainnn gofood kalo emang drivernyaaa males,negative
aneh asa dri kmrn susah mulu dpt driver,neutral
dapat transaksi tahu milik akun,negative
dulu ad gojek enk bantu bgt tp skrg gojek udh susah untk dptin drivernya order lama sekali dpt slalu dicancel driver mohon baik,neutral
gofoood lama banget sekarang susah driver jauh sama dlu,negative
susaaa banget daoat drivernya ga jelas,negative
mantap,positive
susah banget dapet driver pake comfort sama gojek biasa orang gimana dah,negative
gofood konsisten lama bgt dapet driver jam udh gtu tetep g dapet pdhl bnyk lokasi dekat kalau misal driver gaada jangan suruh tunggu jam gabisa chat resto in tuh menu chat resto gabisa cancel,negative
ongkos murah,positive
males banget cari drivernya lama,negative
gojek food kalau misal menit ga driver yg ambil sen mohon tmbahkan fitur batal pesan bukan malah suruh nunggu jam kalau alkhir ny batal ngapai nunggu jm paraaaaahhh ngapain suruh nunggu jam keburu kenyang kaliii,negative
udah tahun tahun pakai aplikasi sangat bantu kalau pergi mana aja,positive
siiiip,positive
gojek butut,negative
bulan lalu aplikasi kurang driver jadi laku apa apa sulit goride nunggu hampir jam gofood nunggu jam di cancel mohon di baik masalah kait saran saya biaya di ambil pihak aplikator terlalu besar di turun para driver mau ambil pesan lebih banyak,negative
ga usah sedia gojek hemat kalau hampir jam ga satu driver yg terima hadeh,negative
apk ga susah banget dapet driver udah jam pesan ga ambil ambil,negative
mohon teliti pihak gojek soal sen buat jalan knapa datengnya driver tidak enak paksa bayar x hanya minta lebih teliti,positive
payah banget sekarang klo order gocar drivernya belagu pilih antar tumpang diohat ongkos jarak sering banget suruh cancel cancel driver dong di baik sayang loh aplikasi top di andal salah satu nya saya ibu yg bisa kendara yg sllu andelin gocar krn bawa anak,negative
alhamdulillah slalu dpt driver yg baik,positive
abang ramah banget,positive
nyari driver udh kek nyari emas susah bngt,negative
sekarang jelek gofood padahal dekat dapet driver jam an mana gabisa cancel,negative
parah bgt kl udh susah dpt driver nyusahin mau cpt bru bru mlh tmbah lama pls deh,negative
jelek sen gofood jam gk apa apain cuman hold doang,negative
susah banget ambil driver sekarang gak praktis makin kesini mending mandiri,negative
customer service slow respon tanggap keluh langgan not recomended,negative
baik aman cepat,positive
buat driver kalo dpt order jangan cancel trus jangan mau cuma yg dket aja yg jauh ambil lemah lw jd driver kalo ujan driver susah besok tutup aja gojek kalo mau musim panas aja,negative
susah dpt driver buat antar makan padahal jarak resto sama jarak rmhh gasampe km tp nunggu buat drivernya aja menit sendiri kacau,negative
telat terus nyari ojek,negative
bagus mudah,positive
susah sekali cari driver kalo dpt driver drivernya gk jalan selalu diam tmpt,negative
kesel banget app ga tiap sen ga pernah dapet driver tiap butuh pas hujan drivernya dapet ga ngerespon mau sen malah gabisa sering pake banget dapet driver yg ga ngerespon chat sama sekali,negative
good,positive
saran aja kalo sedang rush hour maximal batal pesan menit aja punya gerd tadi hujan makan gofood estimasi waktu menit harus menit baru batal akhir tidak dpt driver dong benah sistem kasihan jual beli gerd kambuh mood saya awur awur,negative
bisa batal pesan gofood karna dapat driver lebih menit ada batal lapor cs percuma padahal pesan hujan reda cukup lama sangat kecewa sedia aplikasi driver makin manja,negative
ojol sampah banyak lagak susah dpt driver klo hemat dpt jg sering suruh cancel driver dngn alas macam ganti gw kerjain gw cancel tengah jalan aplikasi yg gak becus ngrugiin penupang driver,negative
sangatt puas bangett rama salam,positive
lokasi driver nya jauh,positive
sangat enak sayang nya aku gak tau kode promo,positive
gojek gak jls percuma diskon tp gak driver udh nunggu lama driver nyangkut tp malah dibatakin drivernya driver sekarang enak nya batalin pesan gmn bijak gojek kok driver enak nya,negative
sebenernya bagus terkadang susah dapet driver bikin buat rating bukan itu jujur kecewa aja sih masa aplikasi usaha nya besar gojek iklan aplikasi pakai ai padahal banyak sekali illustrator videografer indonesia yang bakat harap ubah jangan normalisasi kan,negative
aplikasi lelet padahal sinyal ful buka app bisaaa lelet banget,negative
makasih,positive
mudah buat jajan buat kaum magerrr lope banget buat gojek,positive
aplikasi sampah,negative
aman percaya,positive
mantap aplikasi bisa dibjang kau hampir seluruh indonesia,positive
harga ongkir sangat mahal,negative
gojek plus gx makin banyak s k,negative
kendala hujan driver susah temu sangat lama butuh harap system lebih di tegasin untuk driver milih milih costumer terimakasih,neutral
asli ni aplikasi makin lama makin bobrok udh error mulu bayar via gopay drivernya banyak masalah,negative
sip lah,positive
sejak mode cair cepat susah cari driver auto pindah belah,negative
sering sering yah kasih promo,positive
pernah dapat selesai,negative
selalu lama nunggu ga kek aplikasi belah,negative
sangat mudah bantu,positive
naik gojek mobil pas naik supir tak ingat pasang sabuk kam tak salam sapa pun lupa maka krna jarang naik mobil pas kuningan bilang yah bu tilang bilang bapak ingat terus kata supirnya terus bapak nyalahin terus tilang ibu nyalahin ramah sekali lalu kasih uang rb baru bilang ikhlas nih bu gak ikhlas krna bawa anak kecil dan dia intimidasi saya,negative
aplikasi jeleekkkk aku salah metode bayar ga di batalin anj ga solusi,negative
apa ak sen ojek nya tulis ga yg nyantol gilir sen ulang mlh ojol yg dtng gmn sih apk nya di baik,negative
aplikasi nya bagus cuma driver nya bayar murah utama gofood ongkir rp driver nya cuma dapet rp coba lebih harga driver itu ujung tombak usaha bisa jalan,positive
driver nya banyak drama apk rp minta,negative
susah cari gocar jual mahal klo hujan begini,negative
susah driver baik gocar goride gofood ketika cuaca hujan,negative
ramah layan okay,positive
aplikasi transportasi online yg mana aja banyak promo cuma menit udah sampe,positive
alhamdulillah mobil bersih bapak santun nyetirnya kalem tergopo gopo terimakasih ghih pak moga rizkinya alir deras aamiin,positive
mahal banget kalo mau gofood akun ku jarang banget dapet promo worth it dong harga lebih manusiawi,neutral
kemudi enak batal padahal sdh nunggu lama tiap ganti kemudi bgtu trs smpai jam tggu,negative
pokok mantap deh naik gojek keren,positive
driver bagus tdk konfirmasi trus tinggal saja juga yang pindah chat buat transaksi luar aplikasi sangat tdk enak lebih baik blacklist orang orang nya,negative
benar nya bantu kirim tp beberapa oknum driver yg terlalu minta uang tip bagaimana cara tidak oknum driver tsb lg,neutral
suka aplikasi,positive
driver ranah sabarrr,positive
drivernya sekarang malesan kalau mendung dikit ga mau jalan sampe nunggu jam ga driver padahal motor kecewa layan gojek ini,negative
susah cari driver kadang ambil tumpang dulu toling baik apk nya,negative
sangat bantu terima kasih karya anak bangsa,positive
mau upgrade salah mulu photonya padahal uda kali kali jadi malas,negative
mobil nya bersih wangi layan ramah,positive
sangat bantu,positive
gak perlu kasih pilikan express order express sama regular sama aja dateng nya gak butuh ganti voucher butuh cepat n tepat,negative
bini gua jatoh motor ga lanjut malah bilang salah sendiri,negative
bagus banget kadang drivernya salah jemput orang jadi lama kali lebih teliti drivernya khusus motor,neutral
sistem elu perlu benerin gua uda selesai kan pesan kasih tip muncul pop up gua dobel kasih tip kalo uda selesai jangan muncul kan kaya jebak aja,negative
baik cepat,positive
makin hari driver makin slengean mau ngirim gosend mobil nerima order posisi ga pernah gerak chat ceklis ga jawab payahhh pada sok semua,negative
gojek pokok baik,positive
aplikasi mantap dah pokok,positive
bantu mobilitas,positive
x pakai gosend x suruh kirim sms pulsa habis situ doang kenapa kok minta verifikasi terus kan udah link bca dengan gopay,negative
keren banget aplikasi sangat bantu,positive
bagus layan cuma kadang titik tuju kadang tepat tidak,positive
biar aku kasih tau gojeg pinjam nya gk amqnah masa udh lunas tgl april sekarang tagih begini cara lyanannya mending klo gk suka ngancem sya,negative
gak pernah kecewa,positive
aplikasi keren sangat bantu utama kalo mager belanja,positive
sulit buka n bs unduh,neutral
apk cukup tarik lebih tingkat,positive
drivernya ramah sopan,positive
the best,positive
oke,positive
gara driver d caci maki makanya kasih bintang baik chat minta foto apa rumah banyak masuk gang kasi awal kalo lebih salah masuk gang driver malah caci maki dengan kata kotor tolong gojek lebih detail lg cari driver baru kali d caci maki sama driver daei aplikasi gojek gilir mau samperin kabur,negative
payah masa verifikasi nya kali kode otp kirim wa trs kirim email ga kaya grab cukup wa sms,negative
doa gojek tetap sukses,positive
driver egois malem sen gocar niat mau kejar kreta akhir rangkas gagal lama nunggu driver gk jalan alhasil tidur stasiun,negative
awesome,positive
bagus dahh,positive
mantap percaya,positive
gak aplikasi,negative
akun driver mitra juara langgan gacor prioritasin oderan goride tiap hari,positive
makin sini dapet driver makin susah,negative
bapak drivernya ramah hati pake motor nya,positive
semenjak aplikasi semua jadi mudah lov lov lah kebon,positive
sangat bantu mudah,positive
sangat sangat bantu,positive
gojek sekarang jelek pake banget dulu order paling lama menit skrg bahkan paling cepat menit trs harga aplikasi gk ngotak contoh sy tadi gyumbox lotte avenue liat harga gofood nasi ikan tongkol balado harga rp masuk ongkir klo lgsg tempat cuma rb sdh include tax gila sih harga aplikasi gofoodnya mahal benar resto gede potong argo lumayan kacau banget sih,negative
aplikasi nya lelet aplikasi jauh tp padahal udh nyampe di depan tp drivernya oke oke aja,positive
lama dpet driver skrng krisis ojol kalau dh d baharu bintang,negative
banyak driver merespon order nunggu lama tidak ada respon maaf bagus aplikasi grab kaya respon lebih baik,negative
sangat mngecewakan tiba pesan minum pdhl ga sen sama sekali hari g buka ni apk,negative
potong terlalu mhl,positive
sengaja terima order jarak jauh biar cancel costumer potong cancel timbang jarak jauh curang bangett,negative
sangat bantu saat perlu transfortasi yg cepat hemat efisien waktu,positive
susah banget cari driver plerr,negative
apk jelekk banyak driver titik nya yng dket tp skrg jd susah gada ambil pdhl deket titik,negative
cepat dn ramah,positive
pindah indrive tarif sini kadang ga ngotak,negative
cepetttt banget sampe nya,positive
jujur aplikasi tuh susah banget buat dapetin driver situasi tentu pada yg urgent bayangin aja malam malam pulang bus mau balik ga driver sama sekali udah nunggu jam jam ga dapet driver alhasil jalan kaki pas jauh malah nemu driver,positive
skrg driver jauh padahal pakai tarif biasa bukan hemat,neutral
enak banget kalo mana langsung pesan gocar terus gofood sama gofood dia makan sehat sama goride,positive
apk anehh rute lebih deket malah milih rute lebih jauh otomatis biaya jadi lebih tinggi hadehh sama jangan pisah donkk apk gopay sama gojek ngeribetin aja jadiin satu apk aja biar user experiencenya enak langgan jadi ngakses banyak fitur satu apk aja anehh malah pisah gojek sma gopay,negative
driver sangat ramah n sangat bantu tidak punya kendara,positive
ngeluh soal double order otomatis malah suruh cancel aja jawab baik cara kerja aplikasi woy nama udah driver jalan kadang gak cek hp tau driver jemput dicancel udah gak paksa bayar double karna kasi sama driver jangan akal an nih sengaja biar order rugi konsumen hmm,negative
mantap jaya,positive
kompak apa gmn ga yg ambil tumpang enggak buat otomatis lag satu driver yg ngambil otoritas akses ga sepenuh driver akhir jd ngelirik aplikasi dh,negative
apk busuk bubarin aja nyari driver susah padahal udah prioritasin,negative
bela custumer driver cuma,negative
guna hari hari sangat bantu dapat beberpa bugs sangat ganggu segera baik hidup karya anak bangsa,positive
mantul poko,positive
nyari driver skrg drivernya sering ngecancel dulu ga kayak gin sekarang sering alas selalu nyari arah bingung org jadi gojek niat kerja tidak hal ini sangat rugi utk orang yg mau brngkt tiap kali mau ibadah susah sampe jam tdk dapat driver ntah gimana cara biar dpt drivernya dgn cpt tdk repot,negative
aman nyaman,positive
susah sih dapetinnya pake prioritas sama aja padahal sekitar banyak when sih punya motor sendiri,negative
sangat sangat guna aplikasi karena selalu pergi mana guna apliskasi gojek pokok nya the best lah aplikasi,positive
cuaca hujan customer dpt driver jauh suruh nunggu gak mau malah dibatalin yg kena imbas driver dapet motif atur apa dasar yg buat atur gak mikir,negative
ter nyaman,positive
kocak driver jual mahal smua nyari driver sampe menit padahal sekitar driver dekat ga yg mau ambil rusak rusak,negative
suka eror alamat setel sendiri,negative
bagus mudah kan aktipas,positive
jelekkkk lama bgt nyari drivernya sekarang,negative
aneh banget jaring bagus buka aplikasi aman aman aja gilir mau sen grab tiba tiba turun masalah device apa aplikasi sih diperbaikin hal sita banyak waktu hanya tunggu jaring lancar,negative
tolol pesan dah batalin malah di lanjutin dapet driver,negative
sbnrnya ga adil klo rating customer customer ga lihat kasih tau sama gojek yg baik klo kata rating turun bahkan yg ngasih bintang satu awal ga peduli nyata pengaruh kita cari gojek padahal sering kasih tips langsung cash bintang semua gojek maupun gosend lg ga tempat krn biasa sy pesan aplikasi emang utk butuh anak bukan utk saya ga pake gojek kayak bye,neutral
mending benerin dah ni aplikasi eror mulu kerja nya,negative
aplikasi aman cepat sangat bantu mesan gojek saat butuh sarana transportasi,positive
makasih antar rumah kondisi sakit habis operasi didrive dgn nyaman thx u,positive
perangkat tdak jangkau,negative
sangat bantu butuh jalan,positive
add dark mode,positive
order hari cuma order dri pagi smpe malam petama aja malam gmna mau bayar gopay pijam klo klo cuma kash order hari padahal mitra juara gojek tp ga kasih order jangan salah kan driver klo ga bayar angsur gopay pijam slah kan it nya yg ga mau ngasih order biar it yg tanggungjawab bayar gopay pinjan pnya sham kecil aja ga kasih order hari hari prcuma gaji it sma ceo makan gaji buta,negative
makin parah aja gojek cari driver susahh mana drivernya,negative
mesan makan terlalu lama lambat dong kerja aplikasi baik masa orang laper suruh nunggu jam jam gimana si buruk banget,negative
oke pokok the best,positive
kalau hujan susah cari driver padahal kondisi darurat,negative
driver gk mau jembut kalo murah,negative
customer service gojek sangat profesional cuma gara login device sama beda software aja langsung beku device padahal device masih sama loh saja nya device itu reset pabrik otomatis login ulang eh malah beku udah komplain cs gojek gaada solusi sama sekali mana jawab template mulu sangat profesional dah paling bener pake aplikasi belah aja ga ribet,negative
sangat tepat,positive
jelek banyak driver yg suspen tuhh sekarang aplikasi gojek jadi jelek banget sihh layan drivernya sen sampe mau stengah jam driver mau jalan tanya jawab di telfon beles jelek banget,negative
hepiii bangett poko kalau pakee gojekk,positive
dikit dikit notif ganggu aja,negative
mksih mas,positive
pokok mantap,positive
driver kalian semua tuh ngampung nya ngampung banget arogan suka kroyokan cerobohhh,negative
sial jaring susah terus lalu pakai hp milik istri kok pakai hp ku susah nya minta ampun ga di andal,negative
kenapa sih gojek suka ubah transaksi tunai padahal selalu pakai gopay gk pernah tunai sama sekali saat mau ganti ke gopay gk sama sekali udah kali jadi gk pernah dibenerin emang gk jelas,negative
coins di dari gocats banyak tidak masuk terkadang ngebug eror di baik,neutral
aplikasi apa mesen gaco knpa jadi double pesan layang uang ribu bukan mas uang nya tapi kcwa saya saya mesen satu kali knpa jadi double kcwa skli,negative
tambah mahal aja,positive
ganggu mulu pdhl internet ku dipake stream lancar tpi buka gojek doang lot bgt,negative
tampang gak pake ribet,positive
bantu anak sekolah,positive
awal tahun sistem brantakan baik sistem sistem brantakan semua driver jemput jauh jauh langgan dapet driver jauh jauh potong biaya lain tingkat hadehhh,negative
layan nya sangat muas,positive
so far is good,positive
buka makin baik malah aduhh lah pokok,neutral
tmbah mahal skrng,neutral
mantaap,positive
recomended,positive
murah aman,positive
kalau hujan sering gak dapet driver,positive
kagak sih benerin verifikasi muka gelap mulu padahal foto dah terang,negative
sangat mudah,positive
collab baik nih pak goto,positive
lama imo baik,positive
minimal transaksi gofood jadi padahal belum kalau terus begini ratingnya tetap kasih bintang kembali jadi,negative
bagus tp kalo tlp sinyal jelek,positive
sekarang kalo pagi nyari driver nya lamaaaaaaaaa di perbaikin,negative
susah cari driver dicancelin terus,negative
nice good best ever,positive
keren si kata aku,positive
lama benget dapet driver,neutral
bagus drivernya banyak helm bau jadi kurang enak,positive
selalu baik terima kasih atas pelatanannya lama depan lebih baik,positive
weirdo app dapetnya lama banget even udah sampe pindah comfort prioritize di oper oper terus karna jauh lah apa and lately it feels like forcing us to to pay more in this economy,negative
jgn foto muka terima biometric,negative
udah lah gua uninstall nih aplikasi drivernya kaga jelas kalo kaga sanggup jemput emng ga nganter chatnya bales lah udah nungguin lama udah kaga gerak gerak tar gilir cancel marah kalo ken di cancel ngomong jangan buang buang waktu orng kaga bales kalo kaga butuh duit mah kaga usah narik suspend aja sekali driver driver yg sengaja ga bales chat udahh batal kerja sama sama client cuman gara gara nungguin driver yg kaga jelas,negative
sangat mudah guna sangat bantu,positive
bintang satu driver aneh ribet orang udah bayar pake gopay malah nelpon in terus buat manualin aplikasi ga bintang bikin ribet guna,negative
mudah responsif,positive
driver dsni ga amanah,negative
aplikasi tdk pantas bilang baik krn skr byk oknum driver yg membtlkn jemput order mknn pihak mhn perhati kpd mnjmn gojek utk sgra mereport scra massal henti x jam oknum driver a n florian andika rating mobil agya palembang dgn no tiket sampai kel okt jam wib krn tlh turun tumpang jh tuju diupdate bbrp x feb mar blm ad feedback s d jan gopaylater sulit diaktivasi ulang tks,neutral
pokoknyaa baik,positive
jujur nyari driver selalu dapet cancel mulu ribu driver masa ga satu mau ambil tumpang aneh lain oke driver doang sering ga jelas,negative
driver atas nama arifin tarigan bk wz main order sudah konfirmasi cara putar putar tak jelas mobil gocar pesan jd batal otomatis driver sudah dekat dgn titik jemput namun tak niat utk jemput dan pihak gojek sangat kecewa selesai masalah alami tdk memberitau sanksi apa yg dapat mitra driver gocar dengan sengaja jelas rugi saya saya jelas jerah guna layan gocar,negative
kek nya udah tahun nih mode gelap gak kelar kelar,negative
ada masalah bagi untung driver jadi banyak ngeluh ama costumer marah marah kalo dapetnya dikit app bisa apa,negative
selalu lama driver,negative
tempat kava mata sy ketingglan jok belakang,positive
tambah lama tambah males pakek gojek padahal driver banyak yg deket dapet nya yg jauh terus gak buat darurat,negative
mantap luar kota sangat bantu kalo pas lg kepingin makan ngemil sat set buka aplikasi sangat bantu,positive
untuk pesan gofood tombal batal pesan apabila susah dapat driver maksimal menit bisa batal order jangan terlalu lama keburu lapar klo tunggu driver klo tdk keburu lemes lapar ni klo masalah driver sedikit tambah lah driver nya bukan banyak yg mau jadi driver,negative
aplikasi lelet mahal menit lebih gak driver lebih work it aplikasi oren,negative
di kondisi driver nya tidak pakai atribut lengkap tidak berpakain rapi,negative
apk busuk lelet udah nunggu pesan dateng hampir jam padahal udah konfirmasi baru kasih tahu kalo sedia habis apk gak,negative
moga aku driver gojek berangkat sama pulang rumah amin,positive
aplikasi yg mudah topp bangettt,positive
jauh masih muas,positive
kaget mudah tiap hari murah,positive
pas lah,positive
oke si,positive
kali order gofood udah nunggu jam lebih tibatiba cancel,negative
cepat driver ramah,positive
gofoodnya kasih tombol konfirmasi pesan dong gin kalo udah pencet gimana mana cepet banget terima sama restonya sampe ga sempet cancel lah goto update konfirmasi gin rugi banget lupa guna voucher gimana kalo teman belanja izin konfirmasi sidik jari pin,negative
mau masuk akun daftar pakai nomor baru ga karena data diri cuma pakai kali akun sulit orang hp nomor telepon hilang bye uninstall gojek alih apps belah,negative
mau cancel susah mau tambah order biar sekali,negative
sangat bantu layan cepat tepat depan ramah terima kasih,positive
puas pake gojek poko nya mah,positive
gimana mau dapet driver aplikator sering tahan order yg hasil customer susah dapet driver driver susah dapet order ini yg buat aplikasi go jek makin ancur,negative
sangat buruk masuk akal data semua sesuai tidak login,negative
resto baru siapin makan kalo udah dapet driver nunggu udah jam ga dapet driver akhir dicancel gajelas banget asli mana ga pilih cancel buat customer aplikasi gajelas,negative
kadang kala ga driver nunggu menit waktu yg sangat lama tidak cancel pesan menit,negative
josss mudah terima kasih,positive
notifikasi iklan tak penting terlalu sering tarif makin gak waras,negative
susah nyari driver nunggu jam dulu ga pernah gin kok akhir gin terus yaa lelet bangett,negative
sangat bantu malas keluar pesan makan cepat tempat,positive
sebenernya driver berapa uang si masa cuma km ongkir nya rb kalau gofood guna baru potong cuma rb sehat lu nyet gojek,negative
beri rating aplikasi gojek sangat bantu hidup hari hari aplikasi sangat praktis sedia bagai layan satu platform mulai transportasi pesan makan hingga kirim barang itu proses mesan cepat mudah sangat hemat waktu gojek sering tawar promo diskon tarik buat guna jadi lebih hemat driver sedia cukup banyak tidak perlu tunggu lama,positive
cepat tepat hemat,positive
sorry to say masa kalau hujan ga ambil udah nunggu hampir jam ga driver mau ambil padahal hujan cuma gerimis deket banget sekali yang ambil dicancel pihak konfirmasi ga payung makanya sen gojek kita bayar nyata hasil nihil bye gojek i hate u,negative
mahal banget biaya tangan kirim nya bused,neutral
suka banget tp di banyak diskon nya,positive
pis,positive
nyari driver susah goridenya lagi harga argonya muskipun langgan malah lebih mahal pada langgan plus berapa tahun tidak ada baik baik parah emang,negative
karna gojek harga jangkau cepat,positive
x pesan go food tunggu dpt driver masing satu jam akhir nya d batal oleb driver tnpa konfrim pesan makan total jam hasil nihil knp g d batalin dr awal,negative
ga recomend,negative
good lah cuma ongkir biaya tangan makin mahal,positive
banyak ojek gamau jemput yg nerima tpi ga gerak tempat sampe nunggu jam,negative
min pls update biar cepet dapet driver walaupun hemat dapet dekat kayak dekat ada driver banyak ga nyantol samsek hadeh udh ulang kali,negative
program slot hemat hapus aja,negative
selalu muas,positive
knp skrg susah banget dapet driver mau hemat yg biasa tetep susah,positive
aplikasi sampah hari update aplikasi tumpang driver nih sistem kalian sih gak ubah kasihan tumpang mesan selalu dirver jauh km sd km driver gak mau lah ada buang bensin bukan utung malah buntung uda ongkos kalian bikin pihak menteri transportasi terus tambah potangan komisi biaya potong aplikasi biaya asuransi jalan terima driver dikit lari bensin pendpatan aja buat hari hari kurang pajak mobil service mobil,negative
banyak pilih,positive
bagussss sekali gg aplikasi nya sangat guna drivernya ramah ramah mantap dah pokok,positive
baru kali dapet driver bahasa sopan sekali nggu anak blm menit bahasa dah kayak preman driver itu kena sanksi,negative
aplikasi paling jelek,negative
alhamdulillah sll dpt driver yg baik sopan moga bpk gojek sll sukses,positive
mnatap,positive
nik di tahan daftar gojek hapus gopay maupun gojek,negative
bagus cepat,positive
senang bantu,positive
aplikasi sangat guna orang malas keluar,positive
mudah cepat,positive
orang gojek gak niat kerja lama nunggu,negative
oke siap,positive
jangan pilih kasih order driver sampe susah nyari driver,positive
gojek bisa jadi mudah gampang,positive
aplikasi yg mudah paling cepet harga jangkau tingkat lg layan n banyakin promo,positive
sen pke gojek gampang mudah,positive
gausah furab rabun deh minnn kendala kendala muluuu lu lemottt lah huhu,positive
moga makin keren ni gojek,positive
goog job,positive
respon nya cpt ramah santun,positive
bagus srkai,positive
tambah opsi tip resto jual,positive
app yg bagus banget,positive
murah cepat datang,positive
drivernya ramah bawa kendara hati,positive
cari driver layan gofood lama sekali sangat efisien waktu,negative
ribet sekang gofoodnya mau ganti alamat ribet,negative
sangat bantu saat urgent butuh transportasi,positive
responsif langsung,positive
dong gojek masa ambil saldo langgan otomatis ga bisaa,negative
susah cari kemudi gagal mulu lot,negative
sangat bantu mobilitas tiap jos,positive
pakai gopay pinjam x nomer telepon sebar tiap hari telepon masuk nawarkan pinjol hadeh nomer sya spam telepon,negative
trimksh atas jasa,positive
lama nunggu driver,negative
gojek maaf aku terlalu marah wkwkkw ngasih rating bdhal kmu udhh selalu kasih aku promo huuuu tetep setia pakek kmu udh tahunn,positive
aplikasi sangat guna bagus banget inti,positive
saat ok cuman map nya aja kurang presisi,positive
mud susah kali terima order terlalu milih lambat,negative
mantap diskon,positive
gofood makin lama harga makin tdk wajar pesan gofood bukan orang kaya tp orang butuh tolong utk beli makan kalau orang kaya langsung makan resto mahal harga gofood x harga resto tambah ongkir yg langit lebih baik klo tdk desak ga usah pesan gofood jangan kaya owner gojek,negative
trimakasih pk,positive
baru pertama kali pake aplikasi gojek lumayan muas,positive
kasih gopay poin makin pelit,negative
cepat mnatap,positive
aplikasi sangat bantu layan yg muas,positive
aplikasi mudah operasi banyak promo kerjasama bagai bidamg bisnis tunjang hari profesional,positive
pliisss kesel banget sama app tiap kali aku order selalu gak dapet driver terang selalu driver pada sibuk padahal banyak driver yg nangkring daerah kalo emang drivernya mau harga yg lebih tinggi gausah adain promo go hemat kalo gitu ajar yg pp nya naik ojol sedih banget sii aku aku uninstall aja app nya,negative
user friendly harap bagi porsi uang mitra pihak merchant driver laku adil wajar berat pihak mitra mas untung tumbuh usaha dapat rasa mitra moga kembang n tumbuh lebih baik bawa berkat,positive
mau masuk sllu d sruh instal ulang trs d sruh downlod trs pdhl uda d instal ulang hsilnya ttap aja sma d sruh instal downlod,neutral
tolong fitur batal beli gofood jangan sulit masa harus nunggu lama driver lama jam buat jemput makan sekira ga driver dong batalin sendiri ga usah banyak birokrasi,negative
udah gua uinstal masa gopay pinjam telat hari udah ancem segala peting udah bayar lunas ga mau urus segala sama aplikasi kaya gin acem pinjam rb ngomong apa ngga ngga enak dengar jaga sopan santun perlu jaga boss,negative
baik,positive
moga depan lebih baik,positive
layan sangat muas,positive
sip top markotop,positive
the best,positive
kembali saldo min kena tipu saya,negative
kirim sangat bagus,positive
sangat nyaman,positive
layan bagus titik jemput posisi tdk pas dg lokasi tp bpnya usaha jemput barang sya terimakasih pak tuhan kati bapa keluarga,positive
baru pakai gojek jadi cepat paham karna mudah paham lama pakai goride selalu dapat driver layan baik cepat harap semua tahan sekarang depan,positive
dibyar dikit drivernya,negative
lamabat banget aplikasi macem apa lebih baik maksim gojek gak prepesional,negative
kesel klo lg buru tp driver tdk respon gerak kalau tdk mau ambil cancel aja lah jd ga tunggu lama,positive
baru kali dpt ongkos free,positive
kirim makan lamaaa skrg,negative
makin kesini makin susah nyari driver klo pake hemat nggk ketemu,neutral
mantuuullll,positive
aplikasi bantu,positive
jauh puas layan bagus,positive
ras beda nomor beda promo,negative
mantaappp,positive
susah sekali driver gitu jauh titik nya kalau,positive
aplikasi sangat bantu thankyou,positive
parah sistem aneh terlalu banyak program aplikasi banyak,negative
sering lot mo pake paket data ato wifi,neutral
bismillah berkat aplikasi jadi sangat mmbantu nama jaman da smakin maju inti rejeki sndiri sndiri klau orang rajin brdo an sabar ada pnumpang para supir angkot salam berkah baik lancar rejeki smangat slalu,positive
masa cari driver gofood hampir mnt gabisa dibatalin sangat rugi customer yg posisi sangat lapar,negative
driver nya malas,negative
mohon tolong sejahtera driver mu driver serak kaya cuman punya aplikasi padahal pun udah kaya banyak driver yang susah bijak aplikasi kasih mode hemat cust potong gede driver rugi ongkos rugi waktu tenaga,negative
tuju aplikasi sangat bantu dengan segala sukses slalu,positive
orang kasih rating tinggi bisa baca keluh asli supaya yang lain tau jelek aplikasi kek apa tp gw ga sudi ngasih rating tinggi aplikasi yg bobrok kayak gin driver nya jg banyak yg nyebelin skrng,negative
sangat bantu n bantu bagai perlu,positive
seru naik walaupun kadang drivernya banyak lama waktu jemput sikap driver nya sopan rapih,positive
susah cari driver sekali driver bilang makan gamau cancel,neutral
mantap lah pokok nya,positive
make gojek udh tahun tahun baru mesen gojek ga dapet dapet driver nya dong evaluasi,negative
loading lama buka aplikasi selalu stuck loading terus,negative
aku sangat butuh aplikasi pesan makan online,positive
muas,positive
punya driver gajelas order dibatalin terus ga niat kerja,negative
pesan cepat driver supel,positive
aplikasi buat pulang sekolah,positive
ribet tiba keluar akun segala gmn sih gaje bgt,negative
makin nggk jelas,negative
update makin lama gojek,positive
lama banget cari driver nya,negative
mantap mahal,positive
gojek jajah,negative
jadwal kirim nya lama banget,negative
aplikasi sekarang jadi sulit order go send,positive
snga bantu,positive
beberapa hari gojek sulit sekali,neutral
driver umpat restoran ambil order mohon tindak kota tanjungpinang,negative
aplikasi suka gjls driver banyak muter ganggu bikin tumpang nunggu lama,negative
notifikasi berisik,negative
puas layan,positive
gopay latter nya kata legal cari nagih nya kek kont,negative
driver datang tepat waktu,positive
gojek baik lg sistem kirim instant e commerce lebih respon cepat lg antar barang pada konsumen jangan di lambat,negative
cepat tepat amanah,positive
layan respon barang atau tidak cepat barang tinggal dalam mobil driver driver nya enggak tanggung jawab barang nya obat an,negative
sukaaa,positive
kadang aplikasi nya eror tunjuk driver nya gk fungsi,neutral
pakei gojek sangan bantu efisiensi waktu trus tingkat layan,positive
mudah kan urus,positive
luar biasa handal sopan mksh,positive
aplikasi sering masalah metode bayar pilih gopay tiba tiba ubah tunai order sangat ganggu bisa rugi guna harap segera baik,negative
sesuai harga,positive
pinjam ga pernah telat selalu bayar gilir pinjam di tolak x ga konsisten,negative
tingkat terus layan,positive
benar aja nunggu cari driver gofood sampe jam udah lapar nunggu jam gak cancel jam dulu aplikasi gblkk banyak driver daerah kalsel utama di banjarmasin,negative
cepat ukur,positive
murahhh,positive
driver baik tdk mngecewakn ramah,positive
mantappp,positive
aplikasi mantap,positive
driver gojek tetap lah jadi orang baik terima kasih,positive
layan luar biasa bagus banyak diskon terimakasi banyak gojek jasa aku males keluar buat beli makan,positive
gojek gopay sy ko kurang walau tdk pakai harus jadi tiba jadi ngeri klo nyimpan gopay lama aplikasi gojek padahal hp sy cuma sy yg pegang,positive
baik lancar hambat,positive
cepat sigap mudah guna,positive
mudah sekali,positive
hampir tahun pake gojek aplikasi nya bener mewah fasilitas oke banget good app,positive
layan driver,positive
saya pernah pakai,positive
kasi murah dong anak kola dulu aku download gojek karna cuma k eh nyata cuma man awal doang pas uda kali pakai jadi k lumayan bgt buat anak kola,negative
simpel sesuai,positive
lokasi deteksi,positive
mudah aktivitas hari,positive
driver banyak ko stiap mau order hampir jam aplikasi macam ini gojek gak di butuhin pas darurat kapok make gojek mending pake aplikasi belah jelas,negative
gojek is the best,positive
sangat ramah,positive
knpa jalan km pake motor ga,negative
pesan apa susah driver pada jauh bikin kapok customer,negative
definisi aplikasi makin lama makin jelek buru buru mau berangkat ehh aplikasi lot banget padahal sinyal lancar aja dapet driver lama selalu jauh titik jemput go food makin mahal padahal masuk saku driver cuma sedikit makin lama makin busuk bikin istighfar kali make aplikasi,negative
cepat lancar mudah,positive
ngeselin aplikasi buat order gojek aja nunggu sampe menit baru dpt driver alih k lain kalau begini terus,negative
saat layan bagus,positive
drever baik dn sopan,positive
kembang semangat gojek indonesia,positive
that simple,positive
bgus aja,positive
jam lebih nungguin driver cuma ngantar makan ga nemu kalau memang ga driver kasih option batalin harus nunggu jam baru di cancel,negative
gojek sekarang susah bgt dapet driver padahal ga hujan sekali dapet driver malah yg posisi jauh apk nya ga jelas anehhh,negative
bagus murah cepat praktis,positive
mantap,positive
lebih cepet gak ribet,positive
mantap,positive
sangat bantu mudah lancar jalan,positive
baik dong titik lokasi udh sesuai sama alamat udh gue cantumin patok jalan alamat lengkap,negative
dah selesai uninstal tambah kesini tambah ngaco order double olwh driver jadi nya lama banget dah cukup ga pakai gojek sangat malas pakai gojek pakai yg lebih cepet lebih murah,negative
drivernya belagu,negative
beda sama aplikator belah,positive
susah driver buat go food mana gabisa dibatalin orang lapar suruh nunggu driver gak ujung ujung dibatalin sistem sendiri kocak,negative
jujur aplikasi klo buat ngirim barang kyk bgsat udh ilangin opsi jamin kirim ttep maksa include ujung nmbah biaya,negative
selalu guna gojek puas sama layan,positive
mantapppp,positive
kirim gosend lama banget cari drivernya,neutral
layan parah bobrok,negative
simple drivernya ok,positive
tolongg dong aplikasi nya lot bgtt lelett muncul nya padahal sinyal bagus jdi kalo mau mesen apa jadi lamaa baik ganti bintang,neutral
amazing,positive
makasih go jek,positive
min kok roomchat gosend ga klo mau ngirim foto driver jdinya ga dong gimana sii,positive
flash sale apa apa ga klik di go food,negative
bantu pergi walaupun jarak jauh,positive
tanggap nya cepet,positive
makin lama driver gocarnya makin ga jelas komunikasi susah suka cancel padahal udah nunggu lama konfirmasi dulu,negative
akhir akhir apk gojek eror tadi pesan makan tidak sesuai harga ada driver nya untung abang driver nya balik untuk konfirmasi kalo gojek nya eror minta cabut lapor,negative
solusi tepat waktu lapar gak perlu masak,positive
apa banget dah gojek drivernya chat gadibales kalo gabisa jemput bilang gabisa nunggu menit jalan titik awal juga tampil awal gerak pas tunggu tiba tiba balik ke posisi jalan buang buang waktu doang,negative
baik moga makin banyak promo biar bingung milih grab apa gojek,positive
pokok nya the best bngt deh pakai gojek bakal hari mah sen nya,positive
alas jauh tarif sesuai batal kan nurut sesuai aplikasi tidak diskon,negative
uda lah lelet mahal susah dapet driver,negative
drepernya ramah baik brkendaranya hti mksihh yaa,positive
sangat bantu dgn ada gojek,positive
sangat efesien utk yg selalu mandiri jalan mana tinggal buka aplikasi tanpa sulit kami yg selalu tadak gantung keluarga nyaman amam dapat percaya thx,positive
parah tau pesan makan langsung blank layar apk gojek gak klik batal tau driver mana makan nya mahal ganti nge chat driver malah nyolot bilang alas klasik chat cs gak nanggapi emang dasar robot kecewa poko nya mau hapus gojek gak pakai gojek pilih apk aja kapok gojek sering kaya gin mau makan lapar jadi gak nafsu makan gara pes sendiri makan gak ingin kecewa,negative
nunggu ojol ngambil makan skrng butuh jam itu kalo yg ngambil saya udh kali begini kecewa,negative
lelet bgt si,positive
mantappo,positive
kalo gak niat jadi driver gak usah jd driver yaa kak udah sering driver ting suka marah,negative
bantu aplikasi kok bisa buat transfer top up peecuma,negative
sakit rumah ga orang yg go food sdh go food in aja,positive
sangat jelekkkkk tiap mau ajuin php nunggu nunggu lg,negative
aplikasi dewa bang saipul jual gas limpul gas,positive
poko lebih nyaman sm gojek,positive
transfer uang bank hasil masuk uang baru tidak tanggung jawab hati hati klo jadi lepas tangan go pay nya,negative
bikin jalan lebih hemat praktis,positive
halo grab benar aku gak mau ngasih rating bintang jujur lihat kamu pakai ai butuh aplikasi banding ilustrator buat kamu kayak aplikasi murah padahal kamu kan aplikasi udah dunia banget aku orang dukung industri kreatif jujur kecewa sangat jijik lihat aplikasi besar grab pilih pakai ai maaf grab kamu liat kayak gak modal sepele industri kreatif moga depan nya kurang guna ai nya,negative
aneh banget gojek sekarang cuma cek harga brpa aja langsung pes tiba,neutral
jadi lebih pilih moda transfortasi,positive
daerah padang payakumbuh sangat sulit lama dapat driver,neutral
sering suruh tunggu terus jam gak mau batal pesan meski bom driver alas restonya rugi padahal mana restonya rugi kan drivernya bom alas ngasal aja,negative
baik pantau maps gosend ga gerak bingungin,negative
lama gak sesuai apk,negative
susah dapet drivernya,negative
gojek hebat,positive
bagus bangett drifernya baik,positive
toleransi waktu driver trlalu lama jarak driver titik jemput km toleransi waktu sampe jam padahal jalan gk macet gera driver gk jelas saking lama toleransi waktu jdi driver nyepelein jdi customer hrus nunggu lama last pake gojek,negative
tarik manfaat anak sma ga jmput kluargane,positive
gojeg sangat bantu terima kasih,positive
orang daerah guna kendara online selalu hinggap rasa was was kali balik rasa aman sekaligus nyaman drivernya ramah mau cerita bagai tahu iamiliki salus terus sikap sungguh mulia kesan,positive
susah cari driver pernh udh pesan nunggu lama malah dicancel,neutral
kesal sen go shop belanja obat urgent kali cari driver tdk yg mau ambil sangat kecewa padahal posisi urgent banget,negative
makin lama apk makin lelet masa mau sen smpe menit buat ngaturnya,negative
kok mahal sih gofood argonya mana ga promo,negative
pengirimanya cepat,positive
good job,positive
sangat bantu hari bagus cekat,positive
oke,positive
parah parah paylater blm aktipkan balik lama juga ga pakay,negative
sangat butuh kami ada kendara ada antar jemput,positive
sangat mudah pergi,positive
di update kok malah bug parah lelet,neutral
mohon koreksi gojek kalau cancel driver gak gerak hubung gak ya jgn nak potong dong moso cancel kena denda k aneh loh,neutral
kenapa sih sekarang tiap bula gojek tulis internet padahal internet lancar kuota ada hadehhh,negative
loading suka lambat informasi cuaca hujan sering tdk sesuai dgn kondisi lokasi,neutral
murah cuy,positive
bagus jaket baru helm bungkus harum,positive
kdg sen makan lama dpt drivernya jam lebih dpt driver klo hujan,neutral
sulit sekali registrasi nya sekarang seperti dulu,neutral
kali saya beri bintang,positive
good transportation,positive
sangat bantu cuma akhir aplikasi suka tiba keluar sendiri jadi buka,positive
baik kendara,positive
muas sekali,positive
mantap layan cepat,positive
langgan setia gojek sampai hari masih setia kenapa skrg jelek sekali layan aplikasi cari driver susah sering sekali dpt driver yg jauh shg nunggu lama kecewa,negative
keren sih cuma entah sekarang susah banget nyari ojek nya kek nunggu lama duluu kalo ga tambah gitu apa bbm naik,positive
app lelet susah driver,negative
salah order resto usaha pake bantu cs gak cancel mungkin depan di bantu proses cancel krn salah order rugi customer ingin ganti order yg di tuju susah cancel pesan yg sesuai,negative
udah hampir bulan ga tau driver gojek susah banget pdhl di jwb tuju kesana tdk gerak makan jg sering cancel payah banget kalau urgent,negative
terimakasih pak,positive
aplikasi yg bantu banget,positive
kok jelek bgt skrg beli pulsa aja gagal terus devinisi sulit bukan mudah kecewa deh,neutral
skarang mkin ribet buat kendala suka double order sama sekali ga cancel,negative
kadang macet sedikit,positive
kadang kadang sulit nyari driver,positive
nice quality delevery food,positive
ayo buat terus promo tarik,positive
hampir tahun pake gojek sekarang gojek g dulu sen food hampir jam baru nyampe rumah sen goride hemat reguler sama ajj dapet driver jauh jauh sekarang sen food lebih enak pake shope lebih cepet kalau goride sen indri dapet driver nya cepet deket lah kalau gojek dapet driver nya hampir km km bye bye gojek,negative
cukup bantu,positive
login ribet otp wa otp gmail nunggu kirim kode otp gmail hari blm kabar hadeh makin rusak parah saat gojek bangkrut,negative
okeyy lah,positive
klo mau kasih order driver rada ngotak dikit kan jemput jauh jauh ndak ngotak semua klo ndk paham situasi jlannn cari driver dekat kan klo kayak gin terus langgan lama lama pindah aplikasi sampai sini pahammmmmmm,negative
gofood makan x dibatalin mulu,negative
apk nya mudah guna,positive
minimal buat rating customer liat sama customer sendiri driver rating semena mena customer minta selalu ngasih bintang driver,negative
pesan cepat dapat andal,positive
jarak google maps km kurang aplikasi gojek km ko beda jauh banget ko seperti selisih nya lumayan ongkos jelas beda jauhhhhhh,negative
aplikasi mantul,positive
makin jelek layan kalau grab makan siapin makan dulu nunggu jam ujung nya gak driver waktu buang nungguin mending pesan saja,negative
susah banget driver itu kali kali jadi sen makan nunggu jam jam masa sekian lama nunggu gak nyantol mana gak di cancel,negative
buat pelangfan tunggu lama driver enak suka batal pesan pernah hadiah langgan suka beri voucher hadiah guna tidak punya kontak cs bisa hubung,negative
suka ajaa,positive
rating kaya cermin aplikasi driver ga motor mobil belagu kaga mau pick up dichat no respon maps ga gerak ampun dahh balik taksi konvensional aja gofood biaya layan over bgt minim promo better shopeefood sekarang,negative
enak pake gojek,positive
driver nya gamau nerima order ku lama banget nunggu lebih jam ga driver nerima,negative
gojek dzalim drivernya kak kalian cs bayar full dapet hikmah nya aja jalan macet lubang hujan badai lalu alas kalian susah dpt driver karna driver males tarif yg sesuai driver kerja rodi lebih baik kalian pake aplikasi belah biar mampus gojek,negative
nicee,positive
user gojek jaman sekarang trlalu manja jalan becek dikit ga mau jemput udh x cancel gila padahal user gojeng punya rating jalan becek nama baru slae ujan emng ujan yng atur gblk kalo ga mau roda motor kena jalan becek pakein sepatu proyek woy,negative
kecewa sekali kali telat bayar go paylatter akun blokir alas review ntah kapan,negative
tiba tiba cancel pihak gojek terus promo hilang semua padahal top up,negative
suka sekali sama aplikasi,positive
lapar nunggu nyari driver buat jemput makan gimana sih wilayah banjarmasin kurang driver kalo kurang mending buka rekrut besar besar buat drivernya nyari kerja aja udah sulit jadi mitra ojol,neutral
sangat bantu saat emergensi,positive
gimana sih udah lama lama nunggu driver nya ga jalan jalan mana chat ga bales bales klo ga mau udah tinggal bilang kan enak jadi ga nunggu lama,negative
akhir kenapa lot banget aplikasi ketetagan internet mati padahal internet lancar buka aplikasi sbelah lancar,negative
sangat bantu bisa andal,positive
panjang jalan alhamdulillah sangat manfaat,positive
sekarang lama banget gofood kalo pilih extra baru cepat driver,negative
aplikasi sehat,positive
driver gojek paling males ambil tumpang lama pakai ojol susah cari driver kirim barang lewat tokopedia jg sama ga mau ambil pesan barang satu patuh atur kendara jalan raya nyerobot jalur busway naik trotoar,negative
gin dulu ratingna dh coba topup k coba pake rumah loading mulu saldo anggap gak kurang malah gimana mau tumbuh kembang saing kompetitor layan n nyaman kurangnggg,negative
emang pake terus sih soal jarang gunain males instal aplikasi gojek terus kembang sejahtera driver ya,positive
aplikasi yg smart,positive
aku bolak balik pesan pulsa kok transaksi gagal padahal no telp sama pin benar mohon baik,negative
ongkir mahal driver dapetnya kecil potong gede,negative
sangat bagus,positive
blm puas banyak lelet ngaco,negative
sangat bantu sekali terimakasih gojek para driver nya,positive
komplain sampai bisa beri jawab jelas cs ada guna windu winda wataru nama cs proses komplain done uninstall edit ka mita mesti email dengan masalah kait gojek periksa sendiri keluh yg udah saya sampai aplikasi harus kali ajuin keluh,negative
lama dapet nya terus ambil ribu gada mau aneh,positive
bagus keren,positive
kalau perlu pas mau jemput driver plat kendara nya tampilin biar langsung ngerti mana driver nya,positive
driver nya cancel trs aneh udh nyari driver nya lama bgt,negative
sekarang kalo gofood udh gk dibatalin alhasil kemaren pesan makan sengaja gara gara lcd lg trouble,negative
lelet mahal cari driver lama banget udah gitu sekali dapet aku chat orang kata mohon tunggu udah tungguin malah cancel se enak udel,negative
amanah cepat ramah,positive
muantap,positive
emang skrng lama min dpt nya,neutral
sangat bantu,positive
very good boy,positive
dih gajelas dah gojek masa gak ganti bayar gopay padahal saldo gopay cukup gak limit gak pemberitahuan apa eh malah gak ganti bayar gopay gak rispek wok padahal kan udah tf in gopay eh ujung nya make cash shibal padahal udah update udah nyoba segala cara buat benerin eh gak,negative
ngeselin tiba tiba sen ojek jadi kali padahal sen satu lokasi beda malah tiba tiba sen dua kali lokasi yg beda ni si kalau banyak yg make suka error gitu malu malu in aja,negative
lebih cepat,positive
terima kasih atas layan,positive
woy gojek jgn terlalu byk potong buat driver yg susah customer skg susah buat dpt in driver,negative
driver tepat waktu,positive
bagus bagus bagus,positive
sangat bantu utama orang mageran saya,positive
sikap layan baik,positive
ngelag banget njim aku pakai grab aja lancar,negative
kecewa sama aplikasi jam gak dapet driver padahal medan kota lah baik kerja jangan sampe langgan lari aplikasi belah,negative
tepat waktu is the best,positive
aplikasi sering error,negative
lama nyari driver nya,negative
disc promo digofood ada gojek plus ada sen makan jadi mahal banget di aplikasi teman ada disc makan,negative
bagus bintang,positive
fitur telp nya baik buat angkat telp susah matiin susah suara jadi gak jelas jadi susah komunikasi sama driver,neutral
top global,positive
sangat bantu jalan aman nyaman,positive
aplikasi nya mantap,positive
mantul tul tul,positive
sampah gofood udah suruh konfirmasi rumah orang nya yg mana fitur chat fungsi nya apa kalo didiemin suruh minta foto buat konfirmasi apa susah nya sih duit ga dibalikin main antar orang yg salah,negative
paling gak suka kalau udah bayar mahal pesan makan express kan niat datang cepat driver selalu lama ambil makan akhir jadi sama aja kayak reguler tapi lebih mahal sebal sekali,negative
nice app,positive
susah dpet driver,negative
muas mohon banyak promonya yang guna bayar cash,positive
nyari driver kaya nunggu jodoh dateng lamaaaaaaaa pdhl yg dkt byk gojeg skr beda sk yg dulu kasi driver custumer alhasil uninstal aplikaai n pindah k apj baayyy,negative
menyenag kan,positive
bagus banget jadi gk pusing lgi berpegian dengen aplikasi gojek,positive
driver selalu ramah asafeti,positive
kocak jir posisi driver dekat malah dapetin yang jarak jauh bukan sekali kali,negative
gooood,positive
sangat bantu mudah hidup,positive
mempernudah hidup,positive
gojek aplikasi parah mau sen tiket kai engga terus mau batalain sama aja engga sedang uang nya sudh masuk kacauuuuuuuu,negative
iklan sangat ganggu,negative
bantu saat,positive
driver nya baik semua,positive
kemudi gojek purwokerto banyumas drivernya kurang banyak masih banyak driver lambat jemput,neutral
trims nyaman selamat guna drivernya ramah cepat respon cari cepat moga tetap sukses tengah saing salam sehat semua team,positive
ini kok tiba semua promo hilang gojek gak satu resto pake walaupun nyari kategori banyak promo,negative
mantap gojek rejeki datang jangan pernah kau tolak anda memang butuh,positive
kalo lebih intuitif lebih ringan aplikasi,positive
oke mudah yg butuh beli makan butuh kendara tpi mls keluar malas jln nyari kendara tpi lbh lgi klu byk discount nya,positive
sangat bantu sekali,positive
tingkat terus aplikasi gojek,positive
makin kesini gjls apps tinggal menit lg nyata sampe menit mas ga dtg,negative
banyak promo aplikasi nya bagus sih bahasa mudah erti,positive
gojek tanggungjawabnya gosend kalian gk aman sama seklia kirim parcel sehrga rb ilang gk tnggung jawab kata mediasi susah kusebutkn tgl jam malah jatanya aku gk respin gila kalian gk amanah mending pakai spx,negative
apa gak jelas gopaylater tiba bs pas urgent gak layan goride tiba ramai masa gak driverpun,positive
mantap bantu sekali top gojek indonesia,positive
percaya cepat sangat bantu,positive
sekarang cari driver susah banget padahal driver deket gw banyak banget mana harga normal sama harga hemat jauh bgt beda emang sistem yg konyol gimana,negative
ramah nyaman,positive
